audio_file_path,file_ID,subject,sex,treatment,issueTime
/datastar/behavior_rooms/2CAP/2025-08-17_11-01-55_Prat_Urgency_group1/pi-data_2025-08-17_11-01-55_Prat_Urgency_group1/box01/mic/20250817_113405.WAV,20250817_113405_subject064,064,F,Control,113600
/datastar/behavior_rooms/2CAP/2025-08-17_11-01-55_Prat_Urgency_group1/pi-data_2025-08-17_11-01-55_Prat_Urgency_group1/box01/mic/20250817_113500.WAV,20250817_113500_subject064,064,F,Control,113600
/datastar/behavior_rooms/2CAP/2025-08-17_11-01-55_Prat_Urgency_group1/pi-data_2025-08-17_11-01-55_Prat_Urgency_group1/box01/mic/20250817_114000.WAV,20250817_114000_subject064,064,F,Control,113600
/datastar/behavior_rooms/2CAP/2025-08-17_11-01-55_Prat_Urgency_group1/pi-data_2025-08-17_11-01-55_Prat_Urgency_group1/box01/mic/20250817_114500.WAV,20250817_114500_subject064,064,F,Control,113600
/datastar/behavior_rooms/2CAP/2025-08-17_11-01-55_Prat_Urgency_group1/pi-data_2025-08-17_11-01-55_Prat_Urgency_group1/box01/mic/20250817_115000.WAV,20250817_115000_subject064,064,F,Control,113600
/datastar/behavior_rooms/2CAP/2025-08-17_11-01-55_Prat_Urgency_group1/pi-data_2025-08-17_11-01-55_Prat_Urgency_group1/box01/mic/20250817_115500.WAV,20250817_115500_subject064,064,F,Control,113600
/datastar/behavior_rooms/2CAP/2025-08-17_11-01-55_Prat_Urgency_group1/pi-data_2025-08-17_11-01-55_Prat_Urgency_group1/box01/mic/20250817_120000.WAV,20250817_120000_subject064,064,F,Control,113600
/datastar/behavior_rooms/2CAP/2025-08-17_11-01-55_Prat_Urgency_group1/pi-data_2025-08-17_11-01-55_Prat_Urgency_group1/box01/mic/20250817_120500.WAV,20250817_120500_subject064,064,F,Control,113600
/datastar/behavior_rooms/2CAP/2025-08-17_11-01-55_Prat_Urgency_group1/pi-data_2025-08-17_11-01-55_Prat_Urgency_group1/box01/mic/20250817_121000.WAV,20250817_121000_subject064,064,F,Control,113600
/datastar/behavior_rooms/2CAP/2025-08-17_11-01-55_Prat_Urgency_group1/pi-data_2025-08-17_11-01-55_Prat_Urgency_group1/box01/mic/20250817_121500.WAV,20250817_121500_subject064,064,F,Control,113600
/datastar/behavior_rooms/2CAP/2025-08-17_11-01-55_Prat_Urgency_group1/pi-data_2025-08-17_11-01-55_Prat_Urgency_group1/box01/mic/20250817_122000.WAV,20250817_122000_subject064,064,F,Control,113600
/datastar/behavior_rooms/2CAP/2025-08-17_11-01-55_Prat_Urgency_group1/pi-data_2025-08-17_11-01-55_Prat_Urgency_group1/box01/mic/20250817_122500.WAV,20250817_122500_subject064,064,F,Control,113600
/datastar/behavior_rooms/2CAP/2025-08-17_11-01-55_Prat_Urgency_group1/pi-data_2025-08-17_11-01-55_Prat_Urgency_group1/box01/mic/20250817_123000.WAV,20250817_123000_subject064,064,F,Control,113600
/datastar/behavior_rooms/2CAP/2025-08-17_11-01-55_Prat_Urgency_group1/pi-data_2025-08-17_11-01-55_Prat_Urgency_group1/box01/mic/20250817_123500.WAV,20250817_123500_subject064,064,F,Control,113600
/datastar/behavior_rooms/2CAP/2025-08-17_11-01-55_Prat_Urgency_group1/pi-data_2025-08-17_11-01-55_Prat_Urgency_group1/box01/mic/20250817_124000.WAV,20250817_124000_subject064,064,F,Control,113600
/datastar/behavior_rooms/2CAP/2025-08-17_11-01-55_Prat_Urgency_group1/pi-data_2025-08-17_11-01-55_Prat_Urgency_group1/box05/mic/20250817_113405.WAV,20250817_113405_subject068_066,068_066,F,Control_Control,113600
/datastar/behavior_rooms/2CAP/2025-08-17_11-01-55_Prat_Urgency_group1/pi-data_2025-08-17_11-01-55_Prat_Urgency_group1/box05/mic/20250817_113500.WAV,20250817_113500_subject068_066,068_066,F,Control_Control,113600
/datastar/behavior_rooms/2CAP/2025-08-17_11-01-55_Prat_Urgency_group1/pi-data_2025-08-17_11-01-55_Prat_Urgency_group1/box05/mic/20250817_114000.WAV,20250817_114000_subject068_066,068_066,F,Control_Control,113600
/datastar/behavior_rooms/2CAP/2025-08-17_11-01-55_Prat_Urgency_group1/pi-data_2025-08-17_11-01-55_Prat_Urgency_group1/box05/mic/20250817_114500.WAV,20250817_114500_subject068_066,068_066,F,Control_Control,113600
/datastar/behavior_rooms/2CAP/2025-08-17_11-01-55_Prat_Urgency_group1/pi-data_2025-08-17_11-01-55_Prat_Urgency_group1/box05/mic/20250817_115000.WAV,20250817_115000_subject068_066,068_066,F,Control_Control,113600
/datastar/behavior_rooms/2CAP/2025-08-17_11-01-55_Prat_Urgency_group1/pi-data_2025-08-17_11-01-55_Prat_Urgency_group1/box05/mic/20250817_115500.WAV,20250817_115500_subject068_066,068_066,F,Control_Control,113600
/datastar/behavior_rooms/2CAP/2025-08-17_11-01-55_Prat_Urgency_group1/pi-data_2025-08-17_11-01-55_Prat_Urgency_group1/box05/mic/20250817_120000.WAV,20250817_120000_subject068_066,068_066,F,Control_Control,113600
/datastar/behavior_rooms/2CAP/2025-08-17_11-01-55_Prat_Urgency_group1/pi-data_2025-08-17_11-01-55_Prat_Urgency_group1/box05/mic/20250817_120500.WAV,20250817_120500_subject068_066,068_066,F,Control_Control,113600
/datastar/behavior_rooms/2CAP/2025-08-17_11-01-55_Prat_Urgency_group1/pi-data_2025-08-17_11-01-55_Prat_Urgency_group1/box05/mic/20250817_121000.WAV,20250817_121000_subject068_066,068_066,F,Control_Control,113600
/datastar/behavior_rooms/2CAP/2025-08-17_11-01-55_Prat_Urgency_group1/pi-data_2025-08-17_11-01-55_Prat_Urgency_group1/box05/mic/20250817_121500.WAV,20250817_121500_subject068_066,068_066,F,Control_Control,113600
/datastar/behavior_rooms/2CAP/2025-08-17_11-01-55_Prat_Urgency_group1/pi-data_2025-08-17_11-01-55_Prat_Urgency_group1/box05/mic/20250817_122000.WAV,20250817_122000_subject068_066,068_066,F,Control_Control,113600
/datastar/behavior_rooms/2CAP/2025-08-17_11-01-55_Prat_Urgency_group1/pi-data_2025-08-17_11-01-55_Prat_Urgency_group1/box05/mic/20250817_122500.WAV,20250817_122500_subject068_066,068_066,F,Control_Control,113600
/datastar/behavior_rooms/2CAP/2025-08-17_11-01-55_Prat_Urgency_group1/pi-data_2025-08-17_11-01-55_Prat_Urgency_group1/box05/mic/20250817_123000.WAV,20250817_123000_subject068_066,068_066,F,Control_Control,113600
/datastar/behavior_rooms/2CAP/2025-08-17_11-01-55_Prat_Urgency_group1/pi-data_2025-08-17_11-01-55_Prat_Urgency_group1/box05/mic/20250817_123500.WAV,20250817_123500_subject068_066,068_066,F,Control_Control,113600
/datastar/behavior_rooms/2CAP/2025-08-17_11-01-55_Prat_Urgency_group1/pi-data_2025-08-17_11-01-55_Prat_Urgency_group1/box05/mic/20250817_124000.WAV,20250817_124000_subject068_066,068_066,F,Control_Control,113600
/datastar/behavior_rooms/2CAP/2025-08-17_11-01-55_Prat_Urgency_group1/pi-data_2025-08-17_11-01-55_Prat_Urgency_group1/box02/mic/20250817_113405.WAV,20250817_113405_subject070_094,070_094,F,Control_EtOH,113600
/datastar/behavior_rooms/2CAP/2025-08-17_11-01-55_Prat_Urgency_group1/pi-data_2025-08-17_11-01-55_Prat_Urgency_group1/box02/mic/20250817_113500.WAV,20250817_113500_subject070_094,070_094,F,Control_EtOH,113600
/datastar/behavior_rooms/2CAP/2025-08-17_11-01-55_Prat_Urgency_group1/pi-data_2025-08-17_11-01-55_Prat_Urgency_group1/box02/mic/20250817_114000.WAV,20250817_114000_subject070_094,070_094,F,Control_EtOH,113600
/datastar/behavior_rooms/2CAP/2025-08-17_11-01-55_Prat_Urgency_group1/pi-data_2025-08-17_11-01-55_Prat_Urgency_group1/box02/mic/20250817_114500.WAV,20250817_114500_subject070_094,070_094,F,Control_EtOH,113600
/datastar/behavior_rooms/2CAP/2025-08-17_11-01-55_Prat_Urgency_group1/pi-data_2025-08-17_11-01-55_Prat_Urgency_group1/box02/mic/20250817_115000.WAV,20250817_115000_subject070_094,070_094,F,Control_EtOH,113600
/datastar/behavior_rooms/2CAP/2025-08-17_11-01-55_Prat_Urgency_group1/pi-data_2025-08-17_11-01-55_Prat_Urgency_group1/box02/mic/20250817_115500.WAV,20250817_115500_subject070_094,070_094,F,Control_EtOH,113600
/datastar/behavior_rooms/2CAP/2025-08-17_11-01-55_Prat_Urgency_group1/pi-data_2025-08-17_11-01-55_Prat_Urgency_group1/box02/mic/20250817_120000.WAV,20250817_120000_subject070_094,070_094,F,Control_EtOH,113600
/datastar/behavior_rooms/2CAP/2025-08-17_11-01-55_Prat_Urgency_group1/pi-data_2025-08-17_11-01-55_Prat_Urgency_group1/box02/mic/20250817_120500.WAV,20250817_120500_subject070_094,070_094,F,Control_EtOH,113600
/datastar/behavior_rooms/2CAP/2025-08-17_11-01-55_Prat_Urgency_group1/pi-data_2025-08-17_11-01-55_Prat_Urgency_group1/box02/mic/20250817_121000.WAV,20250817_121000_subject070_094,070_094,F,Control_EtOH,113600
/datastar/behavior_rooms/2CAP/2025-08-17_11-01-55_Prat_Urgency_group1/pi-data_2025-08-17_11-01-55_Prat_Urgency_group1/box02/mic/20250817_121500.WAV,20250817_121500_subject070_094,070_094,F,Control_EtOH,113600
/datastar/behavior_rooms/2CAP/2025-08-17_11-01-55_Prat_Urgency_group1/pi-data_2025-08-17_11-01-55_Prat_Urgency_group1/box02/mic/20250817_122000.WAV,20250817_122000_subject070_094,070_094,F,Control_EtOH,113600
/datastar/behavior_rooms/2CAP/2025-08-17_11-01-55_Prat_Urgency_group1/pi-data_2025-08-17_11-01-55_Prat_Urgency_group1/box02/mic/20250817_122500.WAV,20250817_122500_subject070_094,070_094,F,Control_EtOH,113600
/datastar/behavior_rooms/2CAP/2025-08-17_11-01-55_Prat_Urgency_group1/pi-data_2025-08-17_11-01-55_Prat_Urgency_group1/box02/mic/20250817_123000.WAV,20250817_123000_subject070_094,070_094,F,Control_EtOH,113600
/datastar/behavior_rooms/2CAP/2025-08-17_11-01-55_Prat_Urgency_group1/pi-data_2025-08-17_11-01-55_Prat_Urgency_group1/box02/mic/20250817_123500.WAV,20250817_123500_subject070_094,070_094,F,Control_EtOH,113600
/datastar/behavior_rooms/2CAP/2025-08-17_11-01-55_Prat_Urgency_group1/pi-data_2025-08-17_11-01-55_Prat_Urgency_group1/box02/mic/20250817_124000.WAV,20250817_124000_subject070_094,070_094,F,Control_EtOH,113600
/datastar/behavior_rooms/2CAP/2025-08-17_11-01-55_Prat_Urgency_group1/pi-data_2025-08-17_11-01-55_Prat_Urgency_group1/box06/mic/20250817_113405.WAV,20250817_113405_subject081_063,081_063,M,EtOH_Control,113600
/datastar/behavior_rooms/2CAP/2025-08-17_11-01-55_Prat_Urgency_group1/pi-data_2025-08-17_11-01-55_Prat_Urgency_group1/box06/mic/20250817_113500.WAV,20250817_113500_subject081_063,081_063,M,EtOH_Control,113600
/datastar/behavior_rooms/2CAP/2025-08-17_11-01-55_Prat_Urgency_group1/pi-data_2025-08-17_11-01-55_Prat_Urgency_group1/box06/mic/20250817_114000.WAV,20250817_114000_subject081_063,081_063,M,EtOH_Control,113600
/datastar/behavior_rooms/2CAP/2025-08-17_11-01-55_Prat_Urgency_group1/pi-data_2025-08-17_11-01-55_Prat_Urgency_group1/box06/mic/20250817_114500.WAV,20250817_114500_subject081_063,081_063,M,EtOH_Control,113600
/datastar/behavior_rooms/2CAP/2025-08-17_11-01-55_Prat_Urgency_group1/pi-data_2025-08-17_11-01-55_Prat_Urgency_group1/box06/mic/20250817_115000.WAV,20250817_115000_subject081_063,081_063,M,EtOH_Control,113600
/datastar/behavior_rooms/2CAP/2025-08-17_11-01-55_Prat_Urgency_group1/pi-data_2025-08-17_11-01-55_Prat_Urgency_group1/box06/mic/20250817_115500.WAV,20250817_115500_subject081_063,081_063,M,EtOH_Control,113600
/datastar/behavior_rooms/2CAP/2025-08-17_11-01-55_Prat_Urgency_group1/pi-data_2025-08-17_11-01-55_Prat_Urgency_group1/box06/mic/20250817_120000.WAV,20250817_120000_subject081_063,081_063,M,EtOH_Control,113600
/datastar/behavior_rooms/2CAP/2025-08-17_11-01-55_Prat_Urgency_group1/pi-data_2025-08-17_11-01-55_Prat_Urgency_group1/box06/mic/20250817_120500.WAV,20250817_120500_subject081_063,081_063,M,EtOH_Control,113600
/datastar/behavior_rooms/2CAP/2025-08-17_11-01-55_Prat_Urgency_group1/pi-data_2025-08-17_11-01-55_Prat_Urgency_group1/box06/mic/20250817_121000.WAV,20250817_121000_subject081_063,081_063,M,EtOH_Control,113600
/datastar/behavior_rooms/2CAP/2025-08-17_11-01-55_Prat_Urgency_group1/pi-data_2025-08-17_11-01-55_Prat_Urgency_group1/box06/mic/20250817_121500.WAV,20250817_121500_subject081_063,081_063,M,EtOH_Control,113600
/datastar/behavior_rooms/2CAP/2025-08-17_11-01-55_Prat_Urgency_group1/pi-data_2025-08-17_11-01-55_Prat_Urgency_group1/box06/mic/20250817_122000.WAV,20250817_122000_subject081_063,081_063,M,EtOH_Control,113600
/datastar/behavior_rooms/2CAP/2025-08-17_11-01-55_Prat_Urgency_group1/pi-data_2025-08-17_11-01-55_Prat_Urgency_group1/box06/mic/20250817_122500.WAV,20250817_122500_subject081_063,081_063,M,EtOH_Control,113600
/datastar/behavior_rooms/2CAP/2025-08-17_11-01-55_Prat_Urgency_group1/pi-data_2025-08-17_11-01-55_Prat_Urgency_group1/box06/mic/20250817_123000.WAV,20250817_123000_subject081_063,081_063,M,EtOH_Control,113600
/datastar/behavior_rooms/2CAP/2025-08-17_11-01-55_Prat_Urgency_group1/pi-data_2025-08-17_11-01-55_Prat_Urgency_group1/box06/mic/20250817_123500.WAV,20250817_123500_subject081_063,081_063,M,EtOH_Control,113600
/datastar/behavior_rooms/2CAP/2025-08-17_11-01-55_Prat_Urgency_group1/pi-data_2025-08-17_11-01-55_Prat_Urgency_group1/box06/mic/20250817_124000.WAV,20250817_124000_subject081_063,081_063,M,EtOH_Control,113600
/datastar/behavior_rooms/2CAP/2025-08-17_11-01-55_Prat_Urgency_group1/pi-data_2025-08-17_11-01-55_Prat_Urgency_group1/box03/mic/20250817_113406.WAV,20250817_113406_subject087_083,087_083,M,EtOH_EtOH,113600
/datastar/behavior_rooms/2CAP/2025-08-17_11-01-55_Prat_Urgency_group1/pi-data_2025-08-17_11-01-55_Prat_Urgency_group1/box03/mic/20250817_113500.WAV,20250817_113500_subject087_083,087_083,M,EtOH_EtOH,113600
/datastar/behavior_rooms/2CAP/2025-08-17_11-01-55_Prat_Urgency_group1/pi-data_2025-08-17_11-01-55_Prat_Urgency_group1/box03/mic/20250817_114000.WAV,20250817_114000_subject087_083,087_083,M,EtOH_EtOH,113600
/datastar/behavior_rooms/2CAP/2025-08-17_11-01-55_Prat_Urgency_group1/pi-data_2025-08-17_11-01-55_Prat_Urgency_group1/box03/mic/20250817_114500.WAV,20250817_114500_subject087_083,087_083,M,EtOH_EtOH,113600
/datastar/behavior_rooms/2CAP/2025-08-17_11-01-55_Prat_Urgency_group1/pi-data_2025-08-17_11-01-55_Prat_Urgency_group1/box03/mic/20250817_115000.WAV,20250817_115000_subject087_083,087_083,M,EtOH_EtOH,113600
/datastar/behavior_rooms/2CAP/2025-08-17_11-01-55_Prat_Urgency_group1/pi-data_2025-08-17_11-01-55_Prat_Urgency_group1/box03/mic/20250817_115500.WAV,20250817_115500_subject087_083,087_083,M,EtOH_EtOH,113600
/datastar/behavior_rooms/2CAP/2025-08-17_11-01-55_Prat_Urgency_group1/pi-data_2025-08-17_11-01-55_Prat_Urgency_group1/box03/mic/20250817_120000.WAV,20250817_120000_subject087_083,087_083,M,EtOH_EtOH,113600
/datastar/behavior_rooms/2CAP/2025-08-17_11-01-55_Prat_Urgency_group1/pi-data_2025-08-17_11-01-55_Prat_Urgency_group1/box03/mic/20250817_120500.WAV,20250817_120500_subject087_083,087_083,M,EtOH_EtOH,113600
/datastar/behavior_rooms/2CAP/2025-08-17_11-01-55_Prat_Urgency_group1/pi-data_2025-08-17_11-01-55_Prat_Urgency_group1/box03/mic/20250817_121000.WAV,20250817_121000_subject087_083,087_083,M,EtOH_EtOH,113600
/datastar/behavior_rooms/2CAP/2025-08-17_11-01-55_Prat_Urgency_group1/pi-data_2025-08-17_11-01-55_Prat_Urgency_group1/box03/mic/20250817_121500.WAV,20250817_121500_subject087_083,087_083,M,EtOH_EtOH,113600
/datastar/behavior_rooms/2CAP/2025-08-17_11-01-55_Prat_Urgency_group1/pi-data_2025-08-17_11-01-55_Prat_Urgency_group1/box03/mic/20250817_122000.WAV,20250817_122000_subject087_083,087_083,M,EtOH_EtOH,113600
/datastar/behavior_rooms/2CAP/2025-08-17_11-01-55_Prat_Urgency_group1/pi-data_2025-08-17_11-01-55_Prat_Urgency_group1/box03/mic/20250817_122500.WAV,20250817_122500_subject087_083,087_083,M,EtOH_EtOH,113600
/datastar/behavior_rooms/2CAP/2025-08-17_11-01-55_Prat_Urgency_group1/pi-data_2025-08-17_11-01-55_Prat_Urgency_group1/box03/mic/20250817_123000.WAV,20250817_123000_subject087_083,087_083,M,EtOH_EtOH,113600
/datastar/behavior_rooms/2CAP/2025-08-17_11-01-55_Prat_Urgency_group1/pi-data_2025-08-17_11-01-55_Prat_Urgency_group1/box03/mic/20250817_123500.WAV,20250817_123500_subject087_083,087_083,M,EtOH_EtOH,113600
/datastar/behavior_rooms/2CAP/2025-08-17_11-01-55_Prat_Urgency_group1/pi-data_2025-08-17_11-01-55_Prat_Urgency_group1/box03/mic/20250817_124000.WAV,20250817_124000_subject087_083,087_083,M,EtOH_EtOH,113600
/datastar/behavior_rooms/2CAP/2025-08-17_11-01-55_Prat_Urgency_group1/pi-data_2025-08-17_11-01-55_Prat_Urgency_group1/box04/mic/20250817_113405.WAV,20250817_113405_subject095,095,M,EtOH,113600
/datastar/behavior_rooms/2CAP/2025-08-17_11-01-55_Prat_Urgency_group1/pi-data_2025-08-17_11-01-55_Prat_Urgency_group1/box04/mic/20250817_113500.WAV,20250817_113500_subject095,095,M,EtOH,113600
/datastar/behavior_rooms/2CAP/2025-08-17_11-01-55_Prat_Urgency_group1/pi-data_2025-08-17_11-01-55_Prat_Urgency_group1/box04/mic/20250817_114000.WAV,20250817_114000_subject095,095,M,EtOH,113600
/datastar/behavior_rooms/2CAP/2025-08-17_11-01-55_Prat_Urgency_group1/pi-data_2025-08-17_11-01-55_Prat_Urgency_group1/box04/mic/20250817_114500.WAV,20250817_114500_subject095,095,M,EtOH,113600
/datastar/behavior_rooms/2CAP/2025-08-17_11-01-55_Prat_Urgency_group1/pi-data_2025-08-17_11-01-55_Prat_Urgency_group1/box04/mic/20250817_115000.WAV,20250817_115000_subject095,095,M,EtOH,113600
/datastar/behavior_rooms/2CAP/2025-08-17_11-01-55_Prat_Urgency_group1/pi-data_2025-08-17_11-01-55_Prat_Urgency_group1/box04/mic/20250817_115500.WAV,20250817_115500_subject095,095,M,EtOH,113600
/datastar/behavior_rooms/2CAP/2025-08-17_11-01-55_Prat_Urgency_group1/pi-data_2025-08-17_11-01-55_Prat_Urgency_group1/box04/mic/20250817_120000.WAV,20250817_120000_subject095,095,M,EtOH,113600
/datastar/behavior_rooms/2CAP/2025-08-17_11-01-55_Prat_Urgency_group1/pi-data_2025-08-17_11-01-55_Prat_Urgency_group1/box04/mic/20250817_120500.WAV,20250817_120500_subject095,095,M,EtOH,113600
/datastar/behavior_rooms/2CAP/2025-08-17_11-01-55_Prat_Urgency_group1/pi-data_2025-08-17_11-01-55_Prat_Urgency_group1/box04/mic/20250817_121000.WAV,20250817_121000_subject095,095,M,EtOH,113600
/datastar/behavior_rooms/2CAP/2025-08-17_11-01-55_Prat_Urgency_group1/pi-data_2025-08-17_11-01-55_Prat_Urgency_group1/box04/mic/20250817_121500.WAV,20250817_121500_subject095,095,M,EtOH,113600
/datastar/behavior_rooms/2CAP/2025-08-17_11-01-55_Prat_Urgency_group1/pi-data_2025-08-17_11-01-55_Prat_Urgency_group1/box04/mic/20250817_122000.WAV,20250817_122000_subject095,095,M,EtOH,113600
/datastar/behavior_rooms/2CAP/2025-08-17_11-01-55_Prat_Urgency_group1/pi-data_2025-08-17_11-01-55_Prat_Urgency_group1/box04/mic/20250817_122500.WAV,20250817_122500_subject095,095,M,EtOH,113600
/datastar/behavior_rooms/2CAP/2025-08-17_11-01-55_Prat_Urgency_group1/pi-data_2025-08-17_11-01-55_Prat_Urgency_group1/box04/mic/20250817_123000.WAV,20250817_123000_subject095,095,M,EtOH,113600
/datastar/behavior_rooms/2CAP/2025-08-17_11-01-55_Prat_Urgency_group1/pi-data_2025-08-17_11-01-55_Prat_Urgency_group1/box04/mic/20250817_123500.WAV,20250817_123500_subject095,095,M,EtOH,113600
/datastar/behavior_rooms/2CAP/2025-08-17_11-01-55_Prat_Urgency_group1/pi-data_2025-08-17_11-01-55_Prat_Urgency_group1/box04/mic/20250817_124000.WAV,20250817_124000_subject095,095,M,EtOH,113600
/datastar/behavior_rooms/2CAP/2025-08-17_13-08-39_Prat_Urgency_group2/pi-data_2025-08-17_13-08-39_Prat_Urgency_group2/box01/mic/20250817_132116.WAV,20250817_132116_subject071_097,071_097,M,Control_EtOH,132300
/datastar/behavior_rooms/2CAP/2025-08-17_13-08-39_Prat_Urgency_group2/pi-data_2025-08-17_13-08-39_Prat_Urgency_group2/box01/mic/20250817_132500.WAV,20250817_132500_subject071_097,071_097,M,Control_EtOH,132300
/datastar/behavior_rooms/2CAP/2025-08-17_13-08-39_Prat_Urgency_group2/pi-data_2025-08-17_13-08-39_Prat_Urgency_group2/box01/mic/20250817_133000.WAV,20250817_133000_subject071_097,071_097,M,Control_EtOH,132300
/datastar/behavior_rooms/2CAP/2025-08-17_13-08-39_Prat_Urgency_group2/pi-data_2025-08-17_13-08-39_Prat_Urgency_group2/box01/mic/20250817_133500.WAV,20250817_133500_subject071_097,071_097,M,Control_EtOH,132300
/datastar/behavior_rooms/2CAP/2025-08-17_13-08-39_Prat_Urgency_group2/pi-data_2025-08-17_13-08-39_Prat_Urgency_group2/box01/mic/20250817_134000.WAV,20250817_134000_subject071_097,071_097,M,Control_EtOH,132300
/datastar/behavior_rooms/2CAP/2025-08-17_13-08-39_Prat_Urgency_group2/pi-data_2025-08-17_13-08-39_Prat_Urgency_group2/box01/mic/20250817_134500.WAV,20250817_134500_subject071_097,071_097,M,Control_EtOH,132300
/datastar/behavior_rooms/2CAP/2025-08-17_13-08-39_Prat_Urgency_group2/pi-data_2025-08-17_13-08-39_Prat_Urgency_group2/box01/mic/20250817_135000.WAV,20250817_135000_subject071_097,071_097,M,Control_EtOH,132300
/datastar/behavior_rooms/2CAP/2025-08-17_13-08-39_Prat_Urgency_group2/pi-data_2025-08-17_13-08-39_Prat_Urgency_group2/box01/mic/20250817_135500.WAV,20250817_135500_subject071_097,071_097,M,Control_EtOH,132300
/datastar/behavior_rooms/2CAP/2025-08-17_13-08-39_Prat_Urgency_group2/pi-data_2025-08-17_13-08-39_Prat_Urgency_group2/box01/mic/20250817_140000.WAV,20250817_140000_subject071_097,071_097,M,Control_EtOH,132300
/datastar/behavior_rooms/2CAP/2025-08-17_13-08-39_Prat_Urgency_group2/pi-data_2025-08-17_13-08-39_Prat_Urgency_group2/box01/mic/20250817_140500.WAV,20250817_140500_subject071_097,071_097,M,Control_EtOH,132300
/datastar/behavior_rooms/2CAP/2025-08-17_13-08-39_Prat_Urgency_group2/pi-data_2025-08-17_13-08-39_Prat_Urgency_group2/box01/mic/20250817_141000.WAV,20250817_141000_subject071_097,071_097,M,Control_EtOH,132300
/datastar/behavior_rooms/2CAP/2025-08-17_13-08-39_Prat_Urgency_group2/pi-data_2025-08-17_13-08-39_Prat_Urgency_group2/box01/mic/20250817_141500.WAV,20250817_141500_subject071_097,071_097,M,Control_EtOH,132300
/datastar/behavior_rooms/2CAP/2025-08-17_13-08-39_Prat_Urgency_group2/pi-data_2025-08-17_13-08-39_Prat_Urgency_group2/box01/mic/20250817_142000.WAV,20250817_142000_subject071_097,071_097,M,Control_EtOH,132300
/datastar/behavior_rooms/2CAP/2025-08-17_13-08-39_Prat_Urgency_group2/pi-data_2025-08-17_13-08-39_Prat_Urgency_group2/box01/mic/20250817_142500.WAV,20250817_142500_subject071_097,071_097,M,Control_EtOH,132300
/datastar/behavior_rooms/2CAP/2025-08-17_13-08-39_Prat_Urgency_group2/pi-data_2025-08-17_13-08-39_Prat_Urgency_group2/box03/mic/20250817_132115.WAV,20250817_132115_subject074_088,074_088,F,Control_EtOH,132300
/datastar/behavior_rooms/2CAP/2025-08-17_13-08-39_Prat_Urgency_group2/pi-data_2025-08-17_13-08-39_Prat_Urgency_group2/box03/mic/20250817_132500.WAV,20250817_132500_subject074_088,074_088,F,Control_EtOH,132300
/datastar/behavior_rooms/2CAP/2025-08-17_13-08-39_Prat_Urgency_group2/pi-data_2025-08-17_13-08-39_Prat_Urgency_group2/box03/mic/20250817_133000.WAV,20250817_133000_subject074_088,074_088,F,Control_EtOH,132300
/datastar/behavior_rooms/2CAP/2025-08-17_13-08-39_Prat_Urgency_group2/pi-data_2025-08-17_13-08-39_Prat_Urgency_group2/box03/mic/20250817_133500.WAV,20250817_133500_subject074_088,074_088,F,Control_EtOH,132300
/datastar/behavior_rooms/2CAP/2025-08-17_13-08-39_Prat_Urgency_group2/pi-data_2025-08-17_13-08-39_Prat_Urgency_group2/box03/mic/20250817_134000.WAV,20250817_134000_subject074_088,074_088,F,Control_EtOH,132300
/datastar/behavior_rooms/2CAP/2025-08-17_13-08-39_Prat_Urgency_group2/pi-data_2025-08-17_13-08-39_Prat_Urgency_group2/box03/mic/20250817_134500.WAV,20250817_134500_subject074_088,074_088,F,Control_EtOH,132300
/datastar/behavior_rooms/2CAP/2025-08-17_13-08-39_Prat_Urgency_group2/pi-data_2025-08-17_13-08-39_Prat_Urgency_group2/box03/mic/20250817_135000.WAV,20250817_135000_subject074_088,074_088,F,Control_EtOH,132300
/datastar/behavior_rooms/2CAP/2025-08-17_13-08-39_Prat_Urgency_group2/pi-data_2025-08-17_13-08-39_Prat_Urgency_group2/box03/mic/20250817_135500.WAV,20250817_135500_subject074_088,074_088,F,Control_EtOH,132300
/datastar/behavior_rooms/2CAP/2025-08-17_13-08-39_Prat_Urgency_group2/pi-data_2025-08-17_13-08-39_Prat_Urgency_group2/box03/mic/20250817_140000.WAV,20250817_140000_subject074_088,074_088,F,Control_EtOH,132300
/datastar/behavior_rooms/2CAP/2025-08-17_13-08-39_Prat_Urgency_group2/pi-data_2025-08-17_13-08-39_Prat_Urgency_group2/box03/mic/20250817_140500.WAV,20250817_140500_subject074_088,074_088,F,Control_EtOH,132300
/datastar/behavior_rooms/2CAP/2025-08-17_13-08-39_Prat_Urgency_group2/pi-data_2025-08-17_13-08-39_Prat_Urgency_group2/box03/mic/20250817_141000.WAV,20250817_141000_subject074_088,074_088,F,Control_EtOH,132300
/datastar/behavior_rooms/2CAP/2025-08-17_13-08-39_Prat_Urgency_group2/pi-data_2025-08-17_13-08-39_Prat_Urgency_group2/box03/mic/20250817_141500.WAV,20250817_141500_subject074_088,074_088,F,Control_EtOH,132300
/datastar/behavior_rooms/2CAP/2025-08-17_13-08-39_Prat_Urgency_group2/pi-data_2025-08-17_13-08-39_Prat_Urgency_group2/box03/mic/20250817_142000.WAV,20250817_142000_subject074_088,074_088,F,Control_EtOH,132300
/datastar/behavior_rooms/2CAP/2025-08-17_13-08-39_Prat_Urgency_group2/pi-data_2025-08-17_13-08-39_Prat_Urgency_group2/box03/mic/20250817_142500.WAV,20250817_142500_subject074_088,074_088,F,Control_EtOH,132300
/datastar/behavior_rooms/2CAP/2025-08-17_13-08-39_Prat_Urgency_group2/pi-data_2025-08-17_13-08-39_Prat_Urgency_group2/box02/mic/20250817_132115.WAV,20250817_132115_subject077,077,M,Control,132300
/datastar/behavior_rooms/2CAP/2025-08-17_13-08-39_Prat_Urgency_group2/pi-data_2025-08-17_13-08-39_Prat_Urgency_group2/box02/mic/20250817_132500.WAV,20250817_132500_subject077,077,M,Control,132300
/datastar/behavior_rooms/2CAP/2025-08-17_13-08-39_Prat_Urgency_group2/pi-data_2025-08-17_13-08-39_Prat_Urgency_group2/box02/mic/20250817_133000.WAV,20250817_133000_subject077,077,M,Control,132300
/datastar/behavior_rooms/2CAP/2025-08-17_13-08-39_Prat_Urgency_group2/pi-data_2025-08-17_13-08-39_Prat_Urgency_group2/box02/mic/20250817_133500.WAV,20250817_133500_subject077,077,M,Control,132300
/datastar/behavior_rooms/2CAP/2025-08-17_13-08-39_Prat_Urgency_group2/pi-data_2025-08-17_13-08-39_Prat_Urgency_group2/box02/mic/20250817_134000.WAV,20250817_134000_subject077,077,M,Control,132300
/datastar/behavior_rooms/2CAP/2025-08-17_13-08-39_Prat_Urgency_group2/pi-data_2025-08-17_13-08-39_Prat_Urgency_group2/box02/mic/20250817_134500.WAV,20250817_134500_subject077,077,M,Control,132300
/datastar/behavior_rooms/2CAP/2025-08-17_13-08-39_Prat_Urgency_group2/pi-data_2025-08-17_13-08-39_Prat_Urgency_group2/box02/mic/20250817_135000.WAV,20250817_135000_subject077,077,M,Control,132300
/datastar/behavior_rooms/2CAP/2025-08-17_13-08-39_Prat_Urgency_group2/pi-data_2025-08-17_13-08-39_Prat_Urgency_group2/box02/mic/20250817_135500.WAV,20250817_135500_subject077,077,M,Control,132300
/datastar/behavior_rooms/2CAP/2025-08-17_13-08-39_Prat_Urgency_group2/pi-data_2025-08-17_13-08-39_Prat_Urgency_group2/box02/mic/20250817_140000.WAV,20250817_140000_subject077,077,M,Control,132300
/datastar/behavior_rooms/2CAP/2025-08-17_13-08-39_Prat_Urgency_group2/pi-data_2025-08-17_13-08-39_Prat_Urgency_group2/box02/mic/20250817_140500.WAV,20250817_140500_subject077,077,M,Control,132300
/datastar/behavior_rooms/2CAP/2025-08-17_13-08-39_Prat_Urgency_group2/pi-data_2025-08-17_13-08-39_Prat_Urgency_group2/box02/mic/20250817_141000.WAV,20250817_141000_subject077,077,M,Control,132300
/datastar/behavior_rooms/2CAP/2025-08-17_13-08-39_Prat_Urgency_group2/pi-data_2025-08-17_13-08-39_Prat_Urgency_group2/box02/mic/20250817_141500.WAV,20250817_141500_subject077,077,M,Control,132300
/datastar/behavior_rooms/2CAP/2025-08-17_13-08-39_Prat_Urgency_group2/pi-data_2025-08-17_13-08-39_Prat_Urgency_group2/box02/mic/20250817_142000.WAV,20250817_142000_subject077,077,M,Control,132300
/datastar/behavior_rooms/2CAP/2025-08-17_13-08-39_Prat_Urgency_group2/pi-data_2025-08-17_13-08-39_Prat_Urgency_group2/box02/mic/20250817_142500.WAV,20250817_142500_subject077,077,M,Control,132300
/datastar/behavior_rooms/2CAP/2025-08-17_13-08-39_Prat_Urgency_group2/pi-data_2025-08-17_13-08-39_Prat_Urgency_group2/box05/mic/20250817_132116.WAV,20250817_132116_subject079_075,079_075,M,EtOH_Control,132300
/datastar/behavior_rooms/2CAP/2025-08-17_13-08-39_Prat_Urgency_group2/pi-data_2025-08-17_13-08-39_Prat_Urgency_group2/box05/mic/20250817_132500.WAV,20250817_132500_subject079_075,079_075,M,EtOH_Control,132300
/datastar/behavior_rooms/2CAP/2025-08-17_13-08-39_Prat_Urgency_group2/pi-data_2025-08-17_13-08-39_Prat_Urgency_group2/box05/mic/20250817_133000.WAV,20250817_133000_subject079_075,079_075,M,EtOH_Control,132300
/datastar/behavior_rooms/2CAP/2025-08-17_13-08-39_Prat_Urgency_group2/pi-data_2025-08-17_13-08-39_Prat_Urgency_group2/box05/mic/20250817_133500.WAV,20250817_133500_subject079_075,079_075,M,EtOH_Control,132300
/datastar/behavior_rooms/2CAP/2025-08-17_13-08-39_Prat_Urgency_group2/pi-data_2025-08-17_13-08-39_Prat_Urgency_group2/box05/mic/20250817_134000.WAV,20250817_134000_subject079_075,079_075,M,EtOH_Control,132300
/datastar/behavior_rooms/2CAP/2025-08-17_13-08-39_Prat_Urgency_group2/pi-data_2025-08-17_13-08-39_Prat_Urgency_group2/box05/mic/20250817_134500.WAV,20250817_134500_subject079_075,079_075,M,EtOH_Control,132300
/datastar/behavior_rooms/2CAP/2025-08-17_13-08-39_Prat_Urgency_group2/pi-data_2025-08-17_13-08-39_Prat_Urgency_group2/box05/mic/20250817_135000.WAV,20250817_135000_subject079_075,079_075,M,EtOH_Control,132300
/datastar/behavior_rooms/2CAP/2025-08-17_13-08-39_Prat_Urgency_group2/pi-data_2025-08-17_13-08-39_Prat_Urgency_group2/box05/mic/20250817_135500.WAV,20250817_135500_subject079_075,079_075,M,EtOH_Control,132300
/datastar/behavior_rooms/2CAP/2025-08-17_13-08-39_Prat_Urgency_group2/pi-data_2025-08-17_13-08-39_Prat_Urgency_group2/box05/mic/20250817_140000.WAV,20250817_140000_subject079_075,079_075,M,EtOH_Control,132300
/datastar/behavior_rooms/2CAP/2025-08-17_13-08-39_Prat_Urgency_group2/pi-data_2025-08-17_13-08-39_Prat_Urgency_group2/box05/mic/20250817_140500.WAV,20250817_140500_subject079_075,079_075,M,EtOH_Control,132300
/datastar/behavior_rooms/2CAP/2025-08-17_13-08-39_Prat_Urgency_group2/pi-data_2025-08-17_13-08-39_Prat_Urgency_group2/box05/mic/20250817_141000.WAV,20250817_141000_subject079_075,079_075,M,EtOH_Control,132300
/datastar/behavior_rooms/2CAP/2025-08-17_13-08-39_Prat_Urgency_group2/pi-data_2025-08-17_13-08-39_Prat_Urgency_group2/box05/mic/20250817_141500.WAV,20250817_141500_subject079_075,079_075,M,EtOH_Control,132300
/datastar/behavior_rooms/2CAP/2025-08-17_13-08-39_Prat_Urgency_group2/pi-data_2025-08-17_13-08-39_Prat_Urgency_group2/box05/mic/20250817_142000.WAV,20250817_142000_subject079_075,079_075,M,EtOH_Control,132300
/datastar/behavior_rooms/2CAP/2025-08-17_13-08-39_Prat_Urgency_group2/pi-data_2025-08-17_13-08-39_Prat_Urgency_group2/box05/mic/20250817_142500.WAV,20250817_142500_subject079_075,079_075,M,EtOH_Control,132300
/datastar/behavior_rooms/2CAP/2025-08-17_13-08-39_Prat_Urgency_group2/pi-data_2025-08-17_13-08-39_Prat_Urgency_group2/box06/mic/20250817_132115.WAV,20250817_132115_subject093,093,M,EtOH,132300
/datastar/behavior_rooms/2CAP/2025-08-17_13-08-39_Prat_Urgency_group2/pi-data_2025-08-17_13-08-39_Prat_Urgency_group2/box06/mic/20250817_132500.WAV,20250817_132500_subject093,093,M,EtOH,132300
/datastar/behavior_rooms/2CAP/2025-08-17_13-08-39_Prat_Urgency_group2/pi-data_2025-08-17_13-08-39_Prat_Urgency_group2/box06/mic/20250817_133000.WAV,20250817_133000_subject093,093,M,EtOH,132300
/datastar/behavior_rooms/2CAP/2025-08-17_13-08-39_Prat_Urgency_group2/pi-data_2025-08-17_13-08-39_Prat_Urgency_group2/box06/mic/20250817_133500.WAV,20250817_133500_subject093,093,M,EtOH,132300
/datastar/behavior_rooms/2CAP/2025-08-17_13-08-39_Prat_Urgency_group2/pi-data_2025-08-17_13-08-39_Prat_Urgency_group2/box06/mic/20250817_134000.WAV,20250817_134000_subject093,093,M,EtOH,132300
/datastar/behavior_rooms/2CAP/2025-08-17_13-08-39_Prat_Urgency_group2/pi-data_2025-08-17_13-08-39_Prat_Urgency_group2/box06/mic/20250817_134500.WAV,20250817_134500_subject093,093,M,EtOH,132300
/datastar/behavior_rooms/2CAP/2025-08-17_13-08-39_Prat_Urgency_group2/pi-data_2025-08-17_13-08-39_Prat_Urgency_group2/box06/mic/20250817_135000.WAV,20250817_135000_subject093,093,M,EtOH,132300
/datastar/behavior_rooms/2CAP/2025-08-17_13-08-39_Prat_Urgency_group2/pi-data_2025-08-17_13-08-39_Prat_Urgency_group2/box06/mic/20250817_135500.WAV,20250817_135500_subject093,093,M,EtOH,132300
/datastar/behavior_rooms/2CAP/2025-08-17_13-08-39_Prat_Urgency_group2/pi-data_2025-08-17_13-08-39_Prat_Urgency_group2/box06/mic/20250817_140000.WAV,20250817_140000_subject093,093,M,EtOH,132300
/datastar/behavior_rooms/2CAP/2025-08-17_13-08-39_Prat_Urgency_group2/pi-data_2025-08-17_13-08-39_Prat_Urgency_group2/box06/mic/20250817_140500.WAV,20250817_140500_subject093,093,M,EtOH,132300
/datastar/behavior_rooms/2CAP/2025-08-17_13-08-39_Prat_Urgency_group2/pi-data_2025-08-17_13-08-39_Prat_Urgency_group2/box06/mic/20250817_141000.WAV,20250817_141000_subject093,093,M,EtOH,132300
/datastar/behavior_rooms/2CAP/2025-08-17_13-08-39_Prat_Urgency_group2/pi-data_2025-08-17_13-08-39_Prat_Urgency_group2/box06/mic/20250817_141500.WAV,20250817_141500_subject093,093,M,EtOH,132300
/datastar/behavior_rooms/2CAP/2025-08-17_13-08-39_Prat_Urgency_group2/pi-data_2025-08-17_13-08-39_Prat_Urgency_group2/box06/mic/20250817_142000.WAV,20250817_142000_subject093,093,M,EtOH,132300
/datastar/behavior_rooms/2CAP/2025-08-17_13-08-39_Prat_Urgency_group2/pi-data_2025-08-17_13-08-39_Prat_Urgency_group2/box06/mic/20250817_142500.WAV,20250817_142500_subject093,093,M,EtOH,132300
/datastar/behavior_rooms/2CAP/2025-08-17_13-08-39_Prat_Urgency_group2/pi-data_2025-08-17_13-08-39_Prat_Urgency_group2/box04/mic/20250817_132115.WAV,20250817_132115_subject098_078,098_078,F,EtOH_Control,132300
/datastar/behavior_rooms/2CAP/2025-08-17_13-08-39_Prat_Urgency_group2/pi-data_2025-08-17_13-08-39_Prat_Urgency_group2/box04/mic/20250817_132500.WAV,20250817_132500_subject098_078,098_078,F,EtOH_Control,132300
/datastar/behavior_rooms/2CAP/2025-08-17_13-08-39_Prat_Urgency_group2/pi-data_2025-08-17_13-08-39_Prat_Urgency_group2/box04/mic/20250817_133000.WAV,20250817_133000_subject098_078,098_078,F,EtOH_Control,132300
/datastar/behavior_rooms/2CAP/2025-08-17_13-08-39_Prat_Urgency_group2/pi-data_2025-08-17_13-08-39_Prat_Urgency_group2/box04/mic/20250817_133500.WAV,20250817_133500_subject098_078,098_078,F,EtOH_Control,132300
/datastar/behavior_rooms/2CAP/2025-08-17_13-08-39_Prat_Urgency_group2/pi-data_2025-08-17_13-08-39_Prat_Urgency_group2/box04/mic/20250817_134000.WAV,20250817_134000_subject098_078,098_078,F,EtOH_Control,132300
/datastar/behavior_rooms/2CAP/2025-08-17_13-08-39_Prat_Urgency_group2/pi-data_2025-08-17_13-08-39_Prat_Urgency_group2/box04/mic/20250817_134500.WAV,20250817_134500_subject098_078,098_078,F,EtOH_Control,132300
/datastar/behavior_rooms/2CAP/2025-08-17_13-08-39_Prat_Urgency_group2/pi-data_2025-08-17_13-08-39_Prat_Urgency_group2/box04/mic/20250817_135000.WAV,20250817_135000_subject098_078,098_078,F,EtOH_Control,132300
/datastar/behavior_rooms/2CAP/2025-08-17_13-08-39_Prat_Urgency_group2/pi-data_2025-08-17_13-08-39_Prat_Urgency_group2/box04/mic/20250817_135500.WAV,20250817_135500_subject098_078,098_078,F,EtOH_Control,132300
/datastar/behavior_rooms/2CAP/2025-08-17_13-08-39_Prat_Urgency_group2/pi-data_2025-08-17_13-08-39_Prat_Urgency_group2/box04/mic/20250817_140000.WAV,20250817_140000_subject098_078,098_078,F,EtOH_Control,132300
/datastar/behavior_rooms/2CAP/2025-08-17_13-08-39_Prat_Urgency_group2/pi-data_2025-08-17_13-08-39_Prat_Urgency_group2/box04/mic/20250817_140500.WAV,20250817_140500_subject098_078,098_078,F,EtOH_Control,132300
/datastar/behavior_rooms/2CAP/2025-08-17_13-08-39_Prat_Urgency_group2/pi-data_2025-08-17_13-08-39_Prat_Urgency_group2/box04/mic/20250817_141000.WAV,20250817_141000_subject098_078,098_078,F,EtOH_Control,132300
/datastar/behavior_rooms/2CAP/2025-08-17_13-08-39_Prat_Urgency_group2/pi-data_2025-08-17_13-08-39_Prat_Urgency_group2/box04/mic/20250817_141500.WAV,20250817_141500_subject098_078,098_078,F,EtOH_Control,132300
/datastar/behavior_rooms/2CAP/2025-08-17_13-08-39_Prat_Urgency_group2/pi-data_2025-08-17_13-08-39_Prat_Urgency_group2/box04/mic/20250817_142000.WAV,20250817_142000_subject098_078,098_078,F,EtOH_Control,132300
/datastar/behavior_rooms/2CAP/2025-08-17_13-08-39_Prat_Urgency_group2/pi-data_2025-08-17_13-08-39_Prat_Urgency_group2/box04/mic/20250817_142500.WAV,20250817_142500_subject098_078,098_078,F,EtOH_Control,132300
/datastar/behavior_rooms/2CAP/2025-08-17_14-42-32_Prat_Urgency_group3/pi-data_2025-08-17_14-42-32_Prat_Urgency_group3/box06/mic/20250817_145521.WAV,20250817_145521_subject059,059,M,Control,145700
/datastar/behavior_rooms/2CAP/2025-08-17_14-42-32_Prat_Urgency_group3/pi-data_2025-08-17_14-42-32_Prat_Urgency_group3/box06/mic/20250817_150000.WAV,20250817_150000_subject059,059,M,Control,145700
/datastar/behavior_rooms/2CAP/2025-08-17_14-42-32_Prat_Urgency_group3/pi-data_2025-08-17_14-42-32_Prat_Urgency_group3/box06/mic/20250817_150500.WAV,20250817_150500_subject059,059,M,Control,145700
/datastar/behavior_rooms/2CAP/2025-08-17_14-42-32_Prat_Urgency_group3/pi-data_2025-08-17_14-42-32_Prat_Urgency_group3/box06/mic/20250817_151000.WAV,20250817_151000_subject059,059,M,Control,145700
/datastar/behavior_rooms/2CAP/2025-08-17_14-42-32_Prat_Urgency_group3/pi-data_2025-08-17_14-42-32_Prat_Urgency_group3/box06/mic/20250817_151500.WAV,20250817_151500_subject059,059,M,Control,145700
/datastar/behavior_rooms/2CAP/2025-08-17_14-42-32_Prat_Urgency_group3/pi-data_2025-08-17_14-42-32_Prat_Urgency_group3/box06/mic/20250817_152000.WAV,20250817_152000_subject059,059,M,Control,145700
/datastar/behavior_rooms/2CAP/2025-08-17_14-42-32_Prat_Urgency_group3/pi-data_2025-08-17_14-42-32_Prat_Urgency_group3/box06/mic/20250817_152500.WAV,20250817_152500_subject059,059,M,Control,145700
/datastar/behavior_rooms/2CAP/2025-08-17_14-42-32_Prat_Urgency_group3/pi-data_2025-08-17_14-42-32_Prat_Urgency_group3/box06/mic/20250817_153000.WAV,20250817_153000_subject059,059,M,Control,145700
/datastar/behavior_rooms/2CAP/2025-08-17_14-42-32_Prat_Urgency_group3/pi-data_2025-08-17_14-42-32_Prat_Urgency_group3/box06/mic/20250817_153500.WAV,20250817_153500_subject059,059,M,Control,145700
/datastar/behavior_rooms/2CAP/2025-08-17_14-42-32_Prat_Urgency_group3/pi-data_2025-08-17_14-42-32_Prat_Urgency_group3/box06/mic/20250817_154000.WAV,20250817_154000_subject059,059,M,Control,145700
/datastar/behavior_rooms/2CAP/2025-08-17_14-42-32_Prat_Urgency_group3/pi-data_2025-08-17_14-42-32_Prat_Urgency_group3/box06/mic/20250817_154500.WAV,20250817_154500_subject059,059,M,Control,145700
/datastar/behavior_rooms/2CAP/2025-08-17_14-42-32_Prat_Urgency_group3/pi-data_2025-08-17_14-42-32_Prat_Urgency_group3/box06/mic/20250817_155000.WAV,20250817_155000_subject059,059,M,Control,145700
/datastar/behavior_rooms/2CAP/2025-08-17_14-42-32_Prat_Urgency_group3/pi-data_2025-08-17_14-42-32_Prat_Urgency_group3/box06/mic/20250817_155500.WAV,20250817_155500_subject059,059,M,Control,145700
/datastar/behavior_rooms/2CAP/2025-08-17_14-42-32_Prat_Urgency_group3/pi-data_2025-08-17_14-42-32_Prat_Urgency_group3/box06/mic/20250817_160000.WAV,20250817_160000_subject059,059,M,Control,145700
/datastar/behavior_rooms/2CAP/2025-08-17_14-42-32_Prat_Urgency_group3/pi-data_2025-08-17_14-42-32_Prat_Urgency_group3/box06/mic/20250817_160500.WAV,20250817_160500_subject059,059,M,Control,145700
/datastar/behavior_rooms/2CAP/2025-08-17_14-42-32_Prat_Urgency_group3/pi-data_2025-08-17_14-42-32_Prat_Urgency_group3/box04/mic/20250817_145522.WAV,20250817_145522_subject061_089,061_089,M,Control_EtOH,145700
/datastar/behavior_rooms/2CAP/2025-08-17_14-42-32_Prat_Urgency_group3/pi-data_2025-08-17_14-42-32_Prat_Urgency_group3/box04/mic/20250817_150000.WAV,20250817_150000_subject061_089,061_089,M,Control_EtOH,145700
/datastar/behavior_rooms/2CAP/2025-08-17_14-42-32_Prat_Urgency_group3/pi-data_2025-08-17_14-42-32_Prat_Urgency_group3/box04/mic/20250817_150500.WAV,20250817_150500_subject061_089,061_089,M,Control_EtOH,145700
/datastar/behavior_rooms/2CAP/2025-08-17_14-42-32_Prat_Urgency_group3/pi-data_2025-08-17_14-42-32_Prat_Urgency_group3/box04/mic/20250817_151000.WAV,20250817_151000_subject061_089,061_089,M,Control_EtOH,145700
/datastar/behavior_rooms/2CAP/2025-08-17_14-42-32_Prat_Urgency_group3/pi-data_2025-08-17_14-42-32_Prat_Urgency_group3/box04/mic/20250817_151500.WAV,20250817_151500_subject061_089,061_089,M,Control_EtOH,145700
/datastar/behavior_rooms/2CAP/2025-08-17_14-42-32_Prat_Urgency_group3/pi-data_2025-08-17_14-42-32_Prat_Urgency_group3/box04/mic/20250817_152000.WAV,20250817_152000_subject061_089,061_089,M,Control_EtOH,145700
/datastar/behavior_rooms/2CAP/2025-08-17_14-42-32_Prat_Urgency_group3/pi-data_2025-08-17_14-42-32_Prat_Urgency_group3/box04/mic/20250817_152500.WAV,20250817_152500_subject061_089,061_089,M,Control_EtOH,145700
/datastar/behavior_rooms/2CAP/2025-08-17_14-42-32_Prat_Urgency_group3/pi-data_2025-08-17_14-42-32_Prat_Urgency_group3/box04/mic/20250817_153000.WAV,20250817_153000_subject061_089,061_089,M,Control_EtOH,145700
/datastar/behavior_rooms/2CAP/2025-08-17_14-42-32_Prat_Urgency_group3/pi-data_2025-08-17_14-42-32_Prat_Urgency_group3/box04/mic/20250817_153500.WAV,20250817_153500_subject061_089,061_089,M,Control_EtOH,145700
/datastar/behavior_rooms/2CAP/2025-08-17_14-42-32_Prat_Urgency_group3/pi-data_2025-08-17_14-42-32_Prat_Urgency_group3/box04/mic/20250817_154000.WAV,20250817_154000_subject061_089,061_089,M,Control_EtOH,145700
/datastar/behavior_rooms/2CAP/2025-08-17_14-42-32_Prat_Urgency_group3/pi-data_2025-08-17_14-42-32_Prat_Urgency_group3/box04/mic/20250817_154500.WAV,20250817_154500_subject061_089,061_089,M,Control_EtOH,145700
/datastar/behavior_rooms/2CAP/2025-08-17_14-42-32_Prat_Urgency_group3/pi-data_2025-08-17_14-42-32_Prat_Urgency_group3/box04/mic/20250817_155000.WAV,20250817_155000_subject061_089,061_089,M,Control_EtOH,145700
/datastar/behavior_rooms/2CAP/2025-08-17_14-42-32_Prat_Urgency_group3/pi-data_2025-08-17_14-42-32_Prat_Urgency_group3/box04/mic/20250817_155500.WAV,20250817_155500_subject061_089,061_089,M,Control_EtOH,145700
/datastar/behavior_rooms/2CAP/2025-08-17_14-42-32_Prat_Urgency_group3/pi-data_2025-08-17_14-42-32_Prat_Urgency_group3/box04/mic/20250817_160000.WAV,20250817_160000_subject061_089,061_089,M,Control_EtOH,145700
/datastar/behavior_rooms/2CAP/2025-08-17_14-42-32_Prat_Urgency_group3/pi-data_2025-08-17_14-42-32_Prat_Urgency_group3/box04/mic/20250817_160500.WAV,20250817_160500_subject061_089,061_089,M,Control_EtOH,145700
/datastar/behavior_rooms/2CAP/2025-08-17_14-42-32_Prat_Urgency_group3/pi-data_2025-08-17_14-42-32_Prat_Urgency_group3/box03/mic/20250817_145522.WAV,20250817_145522_subject065_085,065_085,M,Control_EtOH,145700
/datastar/behavior_rooms/2CAP/2025-08-17_14-42-32_Prat_Urgency_group3/pi-data_2025-08-17_14-42-32_Prat_Urgency_group3/box03/mic/20250817_150000.WAV,20250817_150000_subject065_085,065_085,M,Control_EtOH,145700
/datastar/behavior_rooms/2CAP/2025-08-17_14-42-32_Prat_Urgency_group3/pi-data_2025-08-17_14-42-32_Prat_Urgency_group3/box03/mic/20250817_150500.WAV,20250817_150500_subject065_085,065_085,M,Control_EtOH,145700
/datastar/behavior_rooms/2CAP/2025-08-17_14-42-32_Prat_Urgency_group3/pi-data_2025-08-17_14-42-32_Prat_Urgency_group3/box03/mic/20250817_151000.WAV,20250817_151000_subject065_085,065_085,M,Control_EtOH,145700
/datastar/behavior_rooms/2CAP/2025-08-17_14-42-32_Prat_Urgency_group3/pi-data_2025-08-17_14-42-32_Prat_Urgency_group3/box03/mic/20250817_151500.WAV,20250817_151500_subject065_085,065_085,M,Control_EtOH,145700
/datastar/behavior_rooms/2CAP/2025-08-17_14-42-32_Prat_Urgency_group3/pi-data_2025-08-17_14-42-32_Prat_Urgency_group3/box03/mic/20250817_152000.WAV,20250817_152000_subject065_085,065_085,M,Control_EtOH,145700
/datastar/behavior_rooms/2CAP/2025-08-17_14-42-32_Prat_Urgency_group3/pi-data_2025-08-17_14-42-32_Prat_Urgency_group3/box03/mic/20250817_152500.WAV,20250817_152500_subject065_085,065_085,M,Control_EtOH,145700
/datastar/behavior_rooms/2CAP/2025-08-17_14-42-32_Prat_Urgency_group3/pi-data_2025-08-17_14-42-32_Prat_Urgency_group3/box03/mic/20250817_153000.WAV,20250817_153000_subject065_085,065_085,M,Control_EtOH,145700
/datastar/behavior_rooms/2CAP/2025-08-17_14-42-32_Prat_Urgency_group3/pi-data_2025-08-17_14-42-32_Prat_Urgency_group3/box03/mic/20250817_153500.WAV,20250817_153500_subject065_085,065_085,M,Control_EtOH,145700
/datastar/behavior_rooms/2CAP/2025-08-17_14-42-32_Prat_Urgency_group3/pi-data_2025-08-17_14-42-32_Prat_Urgency_group3/box03/mic/20250817_154000.WAV,20250817_154000_subject065_085,065_085,M,Control_EtOH,145700
/datastar/behavior_rooms/2CAP/2025-08-17_14-42-32_Prat_Urgency_group3/pi-data_2025-08-17_14-42-32_Prat_Urgency_group3/box03/mic/20250817_154500.WAV,20250817_154500_subject065_085,065_085,M,Control_EtOH,145700
/datastar/behavior_rooms/2CAP/2025-08-17_14-42-32_Prat_Urgency_group3/pi-data_2025-08-17_14-42-32_Prat_Urgency_group3/box03/mic/20250817_155000.WAV,20250817_155000_subject065_085,065_085,M,Control_EtOH,145700
/datastar/behavior_rooms/2CAP/2025-08-17_14-42-32_Prat_Urgency_group3/pi-data_2025-08-17_14-42-32_Prat_Urgency_group3/box03/mic/20250817_155500.WAV,20250817_155500_subject065_085,065_085,M,Control_EtOH,145700
/datastar/behavior_rooms/2CAP/2025-08-17_14-42-32_Prat_Urgency_group3/pi-data_2025-08-17_14-42-32_Prat_Urgency_group3/box03/mic/20250817_160000.WAV,20250817_160000_subject065_085,065_085,M,Control_EtOH,145700
/datastar/behavior_rooms/2CAP/2025-08-17_14-42-32_Prat_Urgency_group3/pi-data_2025-08-17_14-42-32_Prat_Urgency_group3/box03/mic/20250817_160500.WAV,20250817_160500_subject065_085,065_085,M,Control_EtOH,145700
/datastar/behavior_rooms/2CAP/2025-08-17_14-42-32_Prat_Urgency_group3/pi-data_2025-08-17_14-42-32_Prat_Urgency_group3/box02/mic/20250817_145522.WAV,20250817_145522_subject072_076,072_076,F,Control_Control,145700
/datastar/behavior_rooms/2CAP/2025-08-17_14-42-32_Prat_Urgency_group3/pi-data_2025-08-17_14-42-32_Prat_Urgency_group3/box02/mic/20250817_150000.WAV,20250817_150000_subject072_076,072_076,F,Control_Control,145700
/datastar/behavior_rooms/2CAP/2025-08-17_14-42-32_Prat_Urgency_group3/pi-data_2025-08-17_14-42-32_Prat_Urgency_group3/box02/mic/20250817_150500.WAV,20250817_150500_subject072_076,072_076,F,Control_Control,145700
/datastar/behavior_rooms/2CAP/2025-08-17_14-42-32_Prat_Urgency_group3/pi-data_2025-08-17_14-42-32_Prat_Urgency_group3/box02/mic/20250817_151000.WAV,20250817_151000_subject072_076,072_076,F,Control_Control,145700
/datastar/behavior_rooms/2CAP/2025-08-17_14-42-32_Prat_Urgency_group3/pi-data_2025-08-17_14-42-32_Prat_Urgency_group3/box02/mic/20250817_151500.WAV,20250817_151500_subject072_076,072_076,F,Control_Control,145700
/datastar/behavior_rooms/2CAP/2025-08-17_14-42-32_Prat_Urgency_group3/pi-data_2025-08-17_14-42-32_Prat_Urgency_group3/box02/mic/20250817_152000.WAV,20250817_152000_subject072_076,072_076,F,Control_Control,145700
/datastar/behavior_rooms/2CAP/2025-08-17_14-42-32_Prat_Urgency_group3/pi-data_2025-08-17_14-42-32_Prat_Urgency_group3/box02/mic/20250817_152500.WAV,20250817_152500_subject072_076,072_076,F,Control_Control,145700
/datastar/behavior_rooms/2CAP/2025-08-17_14-42-32_Prat_Urgency_group3/pi-data_2025-08-17_14-42-32_Prat_Urgency_group3/box02/mic/20250817_153000.WAV,20250817_153000_subject072_076,072_076,F,Control_Control,145700
/datastar/behavior_rooms/2CAP/2025-08-17_14-42-32_Prat_Urgency_group3/pi-data_2025-08-17_14-42-32_Prat_Urgency_group3/box02/mic/20250817_153500.WAV,20250817_153500_subject072_076,072_076,F,Control_Control,145700
/datastar/behavior_rooms/2CAP/2025-08-17_14-42-32_Prat_Urgency_group3/pi-data_2025-08-17_14-42-32_Prat_Urgency_group3/box02/mic/20250817_154000.WAV,20250817_154000_subject072_076,072_076,F,Control_Control,145700
/datastar/behavior_rooms/2CAP/2025-08-17_14-42-32_Prat_Urgency_group3/pi-data_2025-08-17_14-42-32_Prat_Urgency_group3/box02/mic/20250817_154500.WAV,20250817_154500_subject072_076,072_076,F,Control_Control,145700
/datastar/behavior_rooms/2CAP/2025-08-17_14-42-32_Prat_Urgency_group3/pi-data_2025-08-17_14-42-32_Prat_Urgency_group3/box02/mic/20250817_155000.WAV,20250817_155000_subject072_076,072_076,F,Control_Control,145700
/datastar/behavior_rooms/2CAP/2025-08-17_14-42-32_Prat_Urgency_group3/pi-data_2025-08-17_14-42-32_Prat_Urgency_group3/box02/mic/20250817_155500.WAV,20250817_155500_subject072_076,072_076,F,Control_Control,145700
/datastar/behavior_rooms/2CAP/2025-08-17_14-42-32_Prat_Urgency_group3/pi-data_2025-08-17_14-42-32_Prat_Urgency_group3/box02/mic/20250817_160000.WAV,20250817_160000_subject072_076,072_076,F,Control_Control,145700
/datastar/behavior_rooms/2CAP/2025-08-17_14-42-32_Prat_Urgency_group3/pi-data_2025-08-17_14-42-32_Prat_Urgency_group3/box02/mic/20250817_160500.WAV,20250817_160500_subject072_076,072_076,F,Control_Control,145700
/datastar/behavior_rooms/2CAP/2025-08-17_14-42-32_Prat_Urgency_group3/pi-data_2025-08-17_14-42-32_Prat_Urgency_group3/box05/mic/20250817_145522.WAV,20250817_145522_subject082_080,082_080,F,EtOH_EtOH,145700
/datastar/behavior_rooms/2CAP/2025-08-17_14-42-32_Prat_Urgency_group3/pi-data_2025-08-17_14-42-32_Prat_Urgency_group3/box05/mic/20250817_150000.WAV,20250817_150000_subject082_080,082_080,F,EtOH_EtOH,145700
/datastar/behavior_rooms/2CAP/2025-08-17_14-42-32_Prat_Urgency_group3/pi-data_2025-08-17_14-42-32_Prat_Urgency_group3/box05/mic/20250817_150500.WAV,20250817_150500_subject082_080,082_080,F,EtOH_EtOH,145700
/datastar/behavior_rooms/2CAP/2025-08-17_14-42-32_Prat_Urgency_group3/pi-data_2025-08-17_14-42-32_Prat_Urgency_group3/box05/mic/20250817_151000.WAV,20250817_151000_subject082_080,082_080,F,EtOH_EtOH,145700
/datastar/behavior_rooms/2CAP/2025-08-17_14-42-32_Prat_Urgency_group3/pi-data_2025-08-17_14-42-32_Prat_Urgency_group3/box05/mic/20250817_151500.WAV,20250817_151500_subject082_080,082_080,F,EtOH_EtOH,145700
/datastar/behavior_rooms/2CAP/2025-08-17_14-42-32_Prat_Urgency_group3/pi-data_2025-08-17_14-42-32_Prat_Urgency_group3/box05/mic/20250817_152000.WAV,20250817_152000_subject082_080,082_080,F,EtOH_EtOH,145700
/datastar/behavior_rooms/2CAP/2025-08-17_14-42-32_Prat_Urgency_group3/pi-data_2025-08-17_14-42-32_Prat_Urgency_group3/box05/mic/20250817_152500.WAV,20250817_152500_subject082_080,082_080,F,EtOH_EtOH,145700
/datastar/behavior_rooms/2CAP/2025-08-17_14-42-32_Prat_Urgency_group3/pi-data_2025-08-17_14-42-32_Prat_Urgency_group3/box05/mic/20250817_153000.WAV,20250817_153000_subject082_080,082_080,F,EtOH_EtOH,145700
/datastar/behavior_rooms/2CAP/2025-08-17_14-42-32_Prat_Urgency_group3/pi-data_2025-08-17_14-42-32_Prat_Urgency_group3/box05/mic/20250817_153500.WAV,20250817_153500_subject082_080,082_080,F,EtOH_EtOH,145700
/datastar/behavior_rooms/2CAP/2025-08-17_14-42-32_Prat_Urgency_group3/pi-data_2025-08-17_14-42-32_Prat_Urgency_group3/box05/mic/20250817_154000.WAV,20250817_154000_subject082_080,082_080,F,EtOH_EtOH,145700
/datastar/behavior_rooms/2CAP/2025-08-17_14-42-32_Prat_Urgency_group3/pi-data_2025-08-17_14-42-32_Prat_Urgency_group3/box05/mic/20250817_154500.WAV,20250817_154500_subject082_080,082_080,F,EtOH_EtOH,145700
/datastar/behavior_rooms/2CAP/2025-08-17_14-42-32_Prat_Urgency_group3/pi-data_2025-08-17_14-42-32_Prat_Urgency_group3/box05/mic/20250817_155000.WAV,20250817_155000_subject082_080,082_080,F,EtOH_EtOH,145700
/datastar/behavior_rooms/2CAP/2025-08-17_14-42-32_Prat_Urgency_group3/pi-data_2025-08-17_14-42-32_Prat_Urgency_group3/box05/mic/20250817_155500.WAV,20250817_155500_subject082_080,082_080,F,EtOH_EtOH,145700
/datastar/behavior_rooms/2CAP/2025-08-17_14-42-32_Prat_Urgency_group3/pi-data_2025-08-17_14-42-32_Prat_Urgency_group3/box05/mic/20250817_160000.WAV,20250817_160000_subject082_080,082_080,F,EtOH_EtOH,145700
/datastar/behavior_rooms/2CAP/2025-08-17_14-42-32_Prat_Urgency_group3/pi-data_2025-08-17_14-42-32_Prat_Urgency_group3/box05/mic/20250817_160500.WAV,20250817_160500_subject082_080,082_080,F,EtOH_EtOH,145700
/datastar/behavior_rooms/2CAP/2025-08-17_14-42-32_Prat_Urgency_group3/pi-data_2025-08-17_14-42-32_Prat_Urgency_group3/box01/mic/20250817_145521.WAV,20250817_145521_subject090,090,F,EtOH,145700
/datastar/behavior_rooms/2CAP/2025-08-17_14-42-32_Prat_Urgency_group3/pi-data_2025-08-17_14-42-32_Prat_Urgency_group3/box01/mic/20250817_150000.WAV,20250817_150000_subject090,090,F,EtOH,145700
/datastar/behavior_rooms/2CAP/2025-08-17_14-42-32_Prat_Urgency_group3/pi-data_2025-08-17_14-42-32_Prat_Urgency_group3/box01/mic/20250817_150500.WAV,20250817_150500_subject090,090,F,EtOH,145700
/datastar/behavior_rooms/2CAP/2025-08-17_14-42-32_Prat_Urgency_group3/pi-data_2025-08-17_14-42-32_Prat_Urgency_group3/box01/mic/20250817_151000.WAV,20250817_151000_subject090,090,F,EtOH,145700
/datastar/behavior_rooms/2CAP/2025-08-17_14-42-32_Prat_Urgency_group3/pi-data_2025-08-17_14-42-32_Prat_Urgency_group3/box01/mic/20250817_151500.WAV,20250817_151500_subject090,090,F,EtOH,145700
/datastar/behavior_rooms/2CAP/2025-08-17_14-42-32_Prat_Urgency_group3/pi-data_2025-08-17_14-42-32_Prat_Urgency_group3/box01/mic/20250817_152000.WAV,20250817_152000_subject090,090,F,EtOH,145700
/datastar/behavior_rooms/2CAP/2025-08-17_14-42-32_Prat_Urgency_group3/pi-data_2025-08-17_14-42-32_Prat_Urgency_group3/box01/mic/20250817_152500.WAV,20250817_152500_subject090,090,F,EtOH,145700
/datastar/behavior_rooms/2CAP/2025-08-17_14-42-32_Prat_Urgency_group3/pi-data_2025-08-17_14-42-32_Prat_Urgency_group3/box01/mic/20250817_153000.WAV,20250817_153000_subject090,090,F,EtOH,145700
/datastar/behavior_rooms/2CAP/2025-08-17_14-42-32_Prat_Urgency_group3/pi-data_2025-08-17_14-42-32_Prat_Urgency_group3/box01/mic/20250817_153500.WAV,20250817_153500_subject090,090,F,EtOH,145700
/datastar/behavior_rooms/2CAP/2025-08-17_14-42-32_Prat_Urgency_group3/pi-data_2025-08-17_14-42-32_Prat_Urgency_group3/box01/mic/20250817_154000.WAV,20250817_154000_subject090,090,F,EtOH,145700
/datastar/behavior_rooms/2CAP/2025-08-17_14-42-32_Prat_Urgency_group3/pi-data_2025-08-17_14-42-32_Prat_Urgency_group3/box01/mic/20250817_154500.WAV,20250817_154500_subject090,090,F,EtOH,145700
/datastar/behavior_rooms/2CAP/2025-08-17_14-42-32_Prat_Urgency_group3/pi-data_2025-08-17_14-42-32_Prat_Urgency_group3/box01/mic/20250817_155000.WAV,20250817_155000_subject090,090,F,EtOH,145700
/datastar/behavior_rooms/2CAP/2025-08-17_14-42-32_Prat_Urgency_group3/pi-data_2025-08-17_14-42-32_Prat_Urgency_group3/box01/mic/20250817_155500.WAV,20250817_155500_subject090,090,F,EtOH,145700
/datastar/behavior_rooms/2CAP/2025-08-17_14-42-32_Prat_Urgency_group3/pi-data_2025-08-17_14-42-32_Prat_Urgency_group3/box01/mic/20250817_160000.WAV,20250817_160000_subject090,090,F,EtOH,145700
/datastar/behavior_rooms/2CAP/2025-08-17_14-42-32_Prat_Urgency_group3/pi-data_2025-08-17_14-42-32_Prat_Urgency_group3/box01/mic/20250817_160500.WAV,20250817_160500_subject090,090,F,EtOH,145700
/datastar/behavior_rooms/2CAP/2025-08-17_16-15-33_Prat_Urgency_group4/pi-data_2025-08-17_16-15-33_Prat_Urgency_group4/box03/mic/20250817_163031.WAV,20250817_163031_subject060_062,060_062,F,Control_Control,163200
/datastar/behavior_rooms/2CAP/2025-08-17_16-15-33_Prat_Urgency_group4/pi-data_2025-08-17_16-15-33_Prat_Urgency_group4/box03/mic/20250817_163500.WAV,20250817_163500_subject060_062,060_062,F,Control_Control,163200
/datastar/behavior_rooms/2CAP/2025-08-17_16-15-33_Prat_Urgency_group4/pi-data_2025-08-17_16-15-33_Prat_Urgency_group4/box03/mic/20250817_164000.WAV,20250817_164000_subject060_062,060_062,F,Control_Control,163200
/datastar/behavior_rooms/2CAP/2025-08-17_16-15-33_Prat_Urgency_group4/pi-data_2025-08-17_16-15-33_Prat_Urgency_group4/box03/mic/20250817_164500.WAV,20250817_164500_subject060_062,060_062,F,Control_Control,163200
/datastar/behavior_rooms/2CAP/2025-08-17_16-15-33_Prat_Urgency_group4/pi-data_2025-08-17_16-15-33_Prat_Urgency_group4/box03/mic/20250817_165000.WAV,20250817_165000_subject060_062,060_062,F,Control_Control,163200
/datastar/behavior_rooms/2CAP/2025-08-17_16-15-33_Prat_Urgency_group4/pi-data_2025-08-17_16-15-33_Prat_Urgency_group4/box03/mic/20250817_165500.WAV,20250817_165500_subject060_062,060_062,F,Control_Control,163200
/datastar/behavior_rooms/2CAP/2025-08-17_16-15-33_Prat_Urgency_group4/pi-data_2025-08-17_16-15-33_Prat_Urgency_group4/box03/mic/20250817_170000.WAV,20250817_170000_subject060_062,060_062,F,Control_Control,163200
/datastar/behavior_rooms/2CAP/2025-08-17_16-15-33_Prat_Urgency_group4/pi-data_2025-08-17_16-15-33_Prat_Urgency_group4/box03/mic/20250817_170500.WAV,20250817_170500_subject060_062,060_062,F,Control_Control,163200
/datastar/behavior_rooms/2CAP/2025-08-17_16-15-33_Prat_Urgency_group4/pi-data_2025-08-17_16-15-33_Prat_Urgency_group4/box03/mic/20250817_171000.WAV,20250817_171000_subject060_062,060_062,F,Control_Control,163200
/datastar/behavior_rooms/2CAP/2025-08-17_16-15-33_Prat_Urgency_group4/pi-data_2025-08-17_16-15-33_Prat_Urgency_group4/box03/mic/20250817_171500.WAV,20250817_171500_subject060_062,060_062,F,Control_Control,163200
/datastar/behavior_rooms/2CAP/2025-08-17_16-15-33_Prat_Urgency_group4/pi-data_2025-08-17_16-15-33_Prat_Urgency_group4/box03/mic/20250817_172000.WAV,20250817_172000_subject060_062,060_062,F,Control_Control,163200
/datastar/behavior_rooms/2CAP/2025-08-17_16-15-33_Prat_Urgency_group4/pi-data_2025-08-17_16-15-33_Prat_Urgency_group4/box03/mic/20250817_172500.WAV,20250817_172500_subject060_062,060_062,F,Control_Control,163200
/datastar/behavior_rooms/2CAP/2025-08-17_16-15-33_Prat_Urgency_group4/pi-data_2025-08-17_16-15-33_Prat_Urgency_group4/box03/mic/20250817_173000.WAV,20250817_173000_subject060_062,060_062,F,Control_Control,163200
/datastar/behavior_rooms/2CAP/2025-08-17_16-15-33_Prat_Urgency_group4/pi-data_2025-08-17_16-15-33_Prat_Urgency_group4/box03/mic/20250817_173500.WAV,20250817_173500_subject060_062,060_062,F,Control_Control,163200
/datastar/behavior_rooms/2CAP/2025-08-17_16-15-33_Prat_Urgency_group4/pi-data_2025-08-17_16-15-33_Prat_Urgency_group4/box03/mic/20250817_174000.WAV,20250817_174000_subject060_062,060_062,F,Control_Control,163200
/datastar/behavior_rooms/2CAP/2025-08-17_16-15-33_Prat_Urgency_group4/pi-data_2025-08-17_16-15-33_Prat_Urgency_group4/box03/mic/20250817_174500.WAV,20250817_174500_subject060_062,060_062,F,Control_Control,163200
/datastar/behavior_rooms/2CAP/2025-08-17_16-15-33_Prat_Urgency_group4/pi-data_2025-08-17_16-15-33_Prat_Urgency_group4/box03/mic/20250817_175000.WAV,20250817_175000_subject060_062,060_062,F,Control_Control,163200
/datastar/behavior_rooms/2CAP/2025-08-17_16-15-33_Prat_Urgency_group4/pi-data_2025-08-17_16-15-33_Prat_Urgency_group4/box03/mic/20250817_175500.WAV,20250817_175500_subject060_062,060_062,F,Control_Control,163200
/datastar/behavior_rooms/2CAP/2025-08-17_16-15-33_Prat_Urgency_group4/pi-data_2025-08-17_16-15-33_Prat_Urgency_group4/box02/mic/20250817_163032.WAV,20250817_163032_subject067_091,067_091,M,Control_EtOH,163200
/datastar/behavior_rooms/2CAP/2025-08-17_16-15-33_Prat_Urgency_group4/pi-data_2025-08-17_16-15-33_Prat_Urgency_group4/box02/mic/20250817_163500.WAV,20250817_163500_subject067_091,067_091,M,Control_EtOH,163200
/datastar/behavior_rooms/2CAP/2025-08-17_16-15-33_Prat_Urgency_group4/pi-data_2025-08-17_16-15-33_Prat_Urgency_group4/box02/mic/20250817_164000.WAV,20250817_164000_subject067_091,067_091,M,Control_EtOH,163200
/datastar/behavior_rooms/2CAP/2025-08-17_16-15-33_Prat_Urgency_group4/pi-data_2025-08-17_16-15-33_Prat_Urgency_group4/box02/mic/20250817_164500.WAV,20250817_164500_subject067_091,067_091,M,Control_EtOH,163200
/datastar/behavior_rooms/2CAP/2025-08-17_16-15-33_Prat_Urgency_group4/pi-data_2025-08-17_16-15-33_Prat_Urgency_group4/box02/mic/20250817_165000.WAV,20250817_165000_subject067_091,067_091,M,Control_EtOH,163200
/datastar/behavior_rooms/2CAP/2025-08-17_16-15-33_Prat_Urgency_group4/pi-data_2025-08-17_16-15-33_Prat_Urgency_group4/box02/mic/20250817_165500.WAV,20250817_165500_subject067_091,067_091,M,Control_EtOH,163200
/datastar/behavior_rooms/2CAP/2025-08-17_16-15-33_Prat_Urgency_group4/pi-data_2025-08-17_16-15-33_Prat_Urgency_group4/box02/mic/20250817_170000.WAV,20250817_170000_subject067_091,067_091,M,Control_EtOH,163200
/datastar/behavior_rooms/2CAP/2025-08-17_16-15-33_Prat_Urgency_group4/pi-data_2025-08-17_16-15-33_Prat_Urgency_group4/box02/mic/20250817_170500.WAV,20250817_170500_subject067_091,067_091,M,Control_EtOH,163200
/datastar/behavior_rooms/2CAP/2025-08-17_16-15-33_Prat_Urgency_group4/pi-data_2025-08-17_16-15-33_Prat_Urgency_group4/box02/mic/20250817_171000.WAV,20250817_171000_subject067_091,067_091,M,Control_EtOH,163200
/datastar/behavior_rooms/2CAP/2025-08-17_16-15-33_Prat_Urgency_group4/pi-data_2025-08-17_16-15-33_Prat_Urgency_group4/box02/mic/20250817_171500.WAV,20250817_171500_subject067_091,067_091,M,Control_EtOH,163200
/datastar/behavior_rooms/2CAP/2025-08-17_16-15-33_Prat_Urgency_group4/pi-data_2025-08-17_16-15-33_Prat_Urgency_group4/box02/mic/20250817_172000.WAV,20250817_172000_subject067_091,067_091,M,Control_EtOH,163200
/datastar/behavior_rooms/2CAP/2025-08-17_16-15-33_Prat_Urgency_group4/pi-data_2025-08-17_16-15-33_Prat_Urgency_group4/box02/mic/20250817_172500.WAV,20250817_172500_subject067_091,067_091,M,Control_EtOH,163200
/datastar/behavior_rooms/2CAP/2025-08-17_16-15-33_Prat_Urgency_group4/pi-data_2025-08-17_16-15-33_Prat_Urgency_group4/box02/mic/20250817_173000.WAV,20250817_173000_subject067_091,067_091,M,Control_EtOH,163200
/datastar/behavior_rooms/2CAP/2025-08-17_16-15-33_Prat_Urgency_group4/pi-data_2025-08-17_16-15-33_Prat_Urgency_group4/box02/mic/20250817_173500.WAV,20250817_173500_subject067_091,067_091,M,Control_EtOH,163200
/datastar/behavior_rooms/2CAP/2025-08-17_16-15-33_Prat_Urgency_group4/pi-data_2025-08-17_16-15-33_Prat_Urgency_group4/box02/mic/20250817_174000.WAV,20250817_174000_subject067_091,067_091,M,Control_EtOH,163200
/datastar/behavior_rooms/2CAP/2025-08-17_16-15-33_Prat_Urgency_group4/pi-data_2025-08-17_16-15-33_Prat_Urgency_group4/box02/mic/20250817_174500.WAV,20250817_174500_subject067_091,067_091,M,Control_EtOH,163200
/datastar/behavior_rooms/2CAP/2025-08-17_16-15-33_Prat_Urgency_group4/pi-data_2025-08-17_16-15-33_Prat_Urgency_group4/box02/mic/20250817_175000.WAV,20250817_175000_subject067_091,067_091,M,Control_EtOH,163200
/datastar/behavior_rooms/2CAP/2025-08-17_16-15-33_Prat_Urgency_group4/pi-data_2025-08-17_16-15-33_Prat_Urgency_group4/box02/mic/20250817_175500.WAV,20250817_175500_subject067_091,067_091,M,Control_EtOH,163200
/datastar/behavior_rooms/2CAP/2025-08-17_16-15-33_Prat_Urgency_group4/pi-data_2025-08-17_16-15-33_Prat_Urgency_group4/box01/mic/20250817_163031.WAV,20250817_163031_subject069_073,069_073,M,Control_Control,163200
/datastar/behavior_rooms/2CAP/2025-08-17_16-15-33_Prat_Urgency_group4/pi-data_2025-08-17_16-15-33_Prat_Urgency_group4/box01/mic/20250817_163500.WAV,20250817_163500_subject069_073,069_073,M,Control_Control,163200
/datastar/behavior_rooms/2CAP/2025-08-17_16-15-33_Prat_Urgency_group4/pi-data_2025-08-17_16-15-33_Prat_Urgency_group4/box01/mic/20250817_164000.WAV,20250817_164000_subject069_073,069_073,M,Control_Control,163200
/datastar/behavior_rooms/2CAP/2025-08-17_16-15-33_Prat_Urgency_group4/pi-data_2025-08-17_16-15-33_Prat_Urgency_group4/box01/mic/20250817_164500.WAV,20250817_164500_subject069_073,069_073,M,Control_Control,163200
/datastar/behavior_rooms/2CAP/2025-08-17_16-15-33_Prat_Urgency_group4/pi-data_2025-08-17_16-15-33_Prat_Urgency_group4/box01/mic/20250817_165000.WAV,20250817_165000_subject069_073,069_073,M,Control_Control,163200
/datastar/behavior_rooms/2CAP/2025-08-17_16-15-33_Prat_Urgency_group4/pi-data_2025-08-17_16-15-33_Prat_Urgency_group4/box01/mic/20250817_165500.WAV,20250817_165500_subject069_073,069_073,M,Control_Control,163200
/datastar/behavior_rooms/2CAP/2025-08-17_16-15-33_Prat_Urgency_group4/pi-data_2025-08-17_16-15-33_Prat_Urgency_group4/box01/mic/20250817_170000.WAV,20250817_170000_subject069_073,069_073,M,Control_Control,163200
/datastar/behavior_rooms/2CAP/2025-08-17_16-15-33_Prat_Urgency_group4/pi-data_2025-08-17_16-15-33_Prat_Urgency_group4/box01/mic/20250817_170500.WAV,20250817_170500_subject069_073,069_073,M,Control_Control,163200
/datastar/behavior_rooms/2CAP/2025-08-17_16-15-33_Prat_Urgency_group4/pi-data_2025-08-17_16-15-33_Prat_Urgency_group4/box01/mic/20250817_171000.WAV,20250817_171000_subject069_073,069_073,M,Control_Control,163200
/datastar/behavior_rooms/2CAP/2025-08-17_16-15-33_Prat_Urgency_group4/pi-data_2025-08-17_16-15-33_Prat_Urgency_group4/box01/mic/20250817_171500.WAV,20250817_171500_subject069_073,069_073,M,Control_Control,163200
/datastar/behavior_rooms/2CAP/2025-08-17_16-15-33_Prat_Urgency_group4/pi-data_2025-08-17_16-15-33_Prat_Urgency_group4/box01/mic/20250817_172000.WAV,20250817_172000_subject069_073,069_073,M,Control_Control,163200
/datastar/behavior_rooms/2CAP/2025-08-17_16-15-33_Prat_Urgency_group4/pi-data_2025-08-17_16-15-33_Prat_Urgency_group4/box01/mic/20250817_172500.WAV,20250817_172500_subject069_073,069_073,M,Control_Control,163200
/datastar/behavior_rooms/2CAP/2025-08-17_16-15-33_Prat_Urgency_group4/pi-data_2025-08-17_16-15-33_Prat_Urgency_group4/box01/mic/20250817_173000.WAV,20250817_173000_subject069_073,069_073,M,Control_Control,163200
/datastar/behavior_rooms/2CAP/2025-08-17_16-15-33_Prat_Urgency_group4/pi-data_2025-08-17_16-15-33_Prat_Urgency_group4/box01/mic/20250817_173500.WAV,20250817_173500_subject069_073,069_073,M,Control_Control,163200
/datastar/behavior_rooms/2CAP/2025-08-17_16-15-33_Prat_Urgency_group4/pi-data_2025-08-17_16-15-33_Prat_Urgency_group4/box01/mic/20250817_174000.WAV,20250817_174000_subject069_073,069_073,M,Control_Control,163200
/datastar/behavior_rooms/2CAP/2025-08-17_16-15-33_Prat_Urgency_group4/pi-data_2025-08-17_16-15-33_Prat_Urgency_group4/box01/mic/20250817_174500.WAV,20250817_174500_subject069_073,069_073,M,Control_Control,163200
/datastar/behavior_rooms/2CAP/2025-08-17_16-15-33_Prat_Urgency_group4/pi-data_2025-08-17_16-15-33_Prat_Urgency_group4/box01/mic/20250817_175000.WAV,20250817_175000_subject069_073,069_073,M,Control_Control,163200
/datastar/behavior_rooms/2CAP/2025-08-17_16-15-33_Prat_Urgency_group4/pi-data_2025-08-17_16-15-33_Prat_Urgency_group4/box01/mic/20250817_175500.WAV,20250817_175500_subject069_073,069_073,M,Control_Control,163200
/datastar/behavior_rooms/2CAP/2025-08-17_16-15-33_Prat_Urgency_group4/pi-data_2025-08-17_16-15-33_Prat_Urgency_group4/box04/mic/20250817_163031.WAV,20250817_163031_subject084_096,084_096,F,EtOH_EtOH,163200
/datastar/behavior_rooms/2CAP/2025-08-17_16-15-33_Prat_Urgency_group4/pi-data_2025-08-17_16-15-33_Prat_Urgency_group4/box04/mic/20250817_163500.WAV,20250817_163500_subject084_096,084_096,F,EtOH_EtOH,163200
/datastar/behavior_rooms/2CAP/2025-08-17_16-15-33_Prat_Urgency_group4/pi-data_2025-08-17_16-15-33_Prat_Urgency_group4/box04/mic/20250817_164000.WAV,20250817_164000_subject084_096,084_096,F,EtOH_EtOH,163200
/datastar/behavior_rooms/2CAP/2025-08-17_16-15-33_Prat_Urgency_group4/pi-data_2025-08-17_16-15-33_Prat_Urgency_group4/box04/mic/20250817_164500.WAV,20250817_164500_subject084_096,084_096,F,EtOH_EtOH,163200
/datastar/behavior_rooms/2CAP/2025-08-17_16-15-33_Prat_Urgency_group4/pi-data_2025-08-17_16-15-33_Prat_Urgency_group4/box04/mic/20250817_165000.WAV,20250817_165000_subject084_096,084_096,F,EtOH_EtOH,163200
/datastar/behavior_rooms/2CAP/2025-08-17_16-15-33_Prat_Urgency_group4/pi-data_2025-08-17_16-15-33_Prat_Urgency_group4/box04/mic/20250817_165500.WAV,20250817_165500_subject084_096,084_096,F,EtOH_EtOH,163200
/datastar/behavior_rooms/2CAP/2025-08-17_16-15-33_Prat_Urgency_group4/pi-data_2025-08-17_16-15-33_Prat_Urgency_group4/box04/mic/20250817_170000.WAV,20250817_170000_subject084_096,084_096,F,EtOH_EtOH,163200
/datastar/behavior_rooms/2CAP/2025-08-17_16-15-33_Prat_Urgency_group4/pi-data_2025-08-17_16-15-33_Prat_Urgency_group4/box04/mic/20250817_170500.WAV,20250817_170500_subject084_096,084_096,F,EtOH_EtOH,163200
/datastar/behavior_rooms/2CAP/2025-08-17_16-15-33_Prat_Urgency_group4/pi-data_2025-08-17_16-15-33_Prat_Urgency_group4/box04/mic/20250817_171000.WAV,20250817_171000_subject084_096,084_096,F,EtOH_EtOH,163200
/datastar/behavior_rooms/2CAP/2025-08-17_16-15-33_Prat_Urgency_group4/pi-data_2025-08-17_16-15-33_Prat_Urgency_group4/box04/mic/20250817_171500.WAV,20250817_171500_subject084_096,084_096,F,EtOH_EtOH,163200
/datastar/behavior_rooms/2CAP/2025-08-17_16-15-33_Prat_Urgency_group4/pi-data_2025-08-17_16-15-33_Prat_Urgency_group4/box04/mic/20250817_172000.WAV,20250817_172000_subject084_096,084_096,F,EtOH_EtOH,163200
/datastar/behavior_rooms/2CAP/2025-08-17_16-15-33_Prat_Urgency_group4/pi-data_2025-08-17_16-15-33_Prat_Urgency_group4/box04/mic/20250817_172500.WAV,20250817_172500_subject084_096,084_096,F,EtOH_EtOH,163200
/datastar/behavior_rooms/2CAP/2025-08-17_16-15-33_Prat_Urgency_group4/pi-data_2025-08-17_16-15-33_Prat_Urgency_group4/box04/mic/20250817_173000.WAV,20250817_173000_subject084_096,084_096,F,EtOH_EtOH,163200
/datastar/behavior_rooms/2CAP/2025-08-17_16-15-33_Prat_Urgency_group4/pi-data_2025-08-17_16-15-33_Prat_Urgency_group4/box04/mic/20250817_173500.WAV,20250817_173500_subject084_096,084_096,F,EtOH_EtOH,163200
/datastar/behavior_rooms/2CAP/2025-08-17_16-15-33_Prat_Urgency_group4/pi-data_2025-08-17_16-15-33_Prat_Urgency_group4/box04/mic/20250817_174000.WAV,20250817_174000_subject084_096,084_096,F,EtOH_EtOH,163200
/datastar/behavior_rooms/2CAP/2025-08-17_16-15-33_Prat_Urgency_group4/pi-data_2025-08-17_16-15-33_Prat_Urgency_group4/box04/mic/20250817_174500.WAV,20250817_174500_subject084_096,084_096,F,EtOH_EtOH,163200
/datastar/behavior_rooms/2CAP/2025-08-17_16-15-33_Prat_Urgency_group4/pi-data_2025-08-17_16-15-33_Prat_Urgency_group4/box04/mic/20250817_175000.WAV,20250817_175000_subject084_096,084_096,F,EtOH_EtOH,163200
/datastar/behavior_rooms/2CAP/2025-08-17_16-15-33_Prat_Urgency_group4/pi-data_2025-08-17_16-15-33_Prat_Urgency_group4/box04/mic/20250817_175500.WAV,20250817_175500_subject084_096,084_096,F,EtOH_EtOH,163200
/datastar/behavior_rooms/2CAP/2025-08-17_16-15-33_Prat_Urgency_group4/pi-data_2025-08-17_16-15-33_Prat_Urgency_group4/box06/mic/20250817_163032.WAV,20250817_163032_subject086_092,086_092,F,EtOH_EtOH,163200
/datastar/behavior_rooms/2CAP/2025-08-17_16-15-33_Prat_Urgency_group4/pi-data_2025-08-17_16-15-33_Prat_Urgency_group4/box06/mic/20250817_163500.WAV,20250817_163500_subject086_092,086_092,F,EtOH_EtOH,163200
/datastar/behavior_rooms/2CAP/2025-08-17_16-15-33_Prat_Urgency_group4/pi-data_2025-08-17_16-15-33_Prat_Urgency_group4/box06/mic/20250817_164000.WAV,20250817_164000_subject086_092,086_092,F,EtOH_EtOH,163200
/datastar/behavior_rooms/2CAP/2025-08-17_16-15-33_Prat_Urgency_group4/pi-data_2025-08-17_16-15-33_Prat_Urgency_group4/box06/mic/20250817_164500.WAV,20250817_164500_subject086_092,086_092,F,EtOH_EtOH,163200
/datastar/behavior_rooms/2CAP/2025-08-17_16-15-33_Prat_Urgency_group4/pi-data_2025-08-17_16-15-33_Prat_Urgency_group4/box06/mic/20250817_165000.WAV,20250817_165000_subject086_092,086_092,F,EtOH_EtOH,163200
/datastar/behavior_rooms/2CAP/2025-08-17_16-15-33_Prat_Urgency_group4/pi-data_2025-08-17_16-15-33_Prat_Urgency_group4/box06/mic/20250817_165500.WAV,20250817_165500_subject086_092,086_092,F,EtOH_EtOH,163200
/datastar/behavior_rooms/2CAP/2025-08-17_16-15-33_Prat_Urgency_group4/pi-data_2025-08-17_16-15-33_Prat_Urgency_group4/box06/mic/20250817_170000.WAV,20250817_170000_subject086_092,086_092,F,EtOH_EtOH,163200
/datastar/behavior_rooms/2CAP/2025-08-17_16-15-33_Prat_Urgency_group4/pi-data_2025-08-17_16-15-33_Prat_Urgency_group4/box06/mic/20250817_170500.WAV,20250817_170500_subject086_092,086_092,F,EtOH_EtOH,163200
/datastar/behavior_rooms/2CAP/2025-08-17_16-15-33_Prat_Urgency_group4/pi-data_2025-08-17_16-15-33_Prat_Urgency_group4/box06/mic/20250817_171000.WAV,20250817_171000_subject086_092,086_092,F,EtOH_EtOH,163200
/datastar/behavior_rooms/2CAP/2025-08-17_16-15-33_Prat_Urgency_group4/pi-data_2025-08-17_16-15-33_Prat_Urgency_group4/box06/mic/20250817_171500.WAV,20250817_171500_subject086_092,086_092,F,EtOH_EtOH,163200
/datastar/behavior_rooms/2CAP/2025-08-17_16-15-33_Prat_Urgency_group4/pi-data_2025-08-17_16-15-33_Prat_Urgency_group4/box06/mic/20250817_172000.WAV,20250817_172000_subject086_092,086_092,F,EtOH_EtOH,163200
/datastar/behavior_rooms/2CAP/2025-08-17_16-15-33_Prat_Urgency_group4/pi-data_2025-08-17_16-15-33_Prat_Urgency_group4/box06/mic/20250817_172500.WAV,20250817_172500_subject086_092,086_092,F,EtOH_EtOH,163200
/datastar/behavior_rooms/2CAP/2025-08-17_16-15-33_Prat_Urgency_group4/pi-data_2025-08-17_16-15-33_Prat_Urgency_group4/box06/mic/20250817_173000.WAV,20250817_173000_subject086_092,086_092,F,EtOH_EtOH,163200
/datastar/behavior_rooms/2CAP/2025-08-17_16-15-33_Prat_Urgency_group4/pi-data_2025-08-17_16-15-33_Prat_Urgency_group4/box06/mic/20250817_173500.WAV,20250817_173500_subject086_092,086_092,F,EtOH_EtOH,163200
/datastar/behavior_rooms/2CAP/2025-08-17_16-15-33_Prat_Urgency_group4/pi-data_2025-08-17_16-15-33_Prat_Urgency_group4/box06/mic/20250817_174000.WAV,20250817_174000_subject086_092,086_092,F,EtOH_EtOH,163200
/datastar/behavior_rooms/2CAP/2025-08-17_16-15-33_Prat_Urgency_group4/pi-data_2025-08-17_16-15-33_Prat_Urgency_group4/box06/mic/20250817_174500.WAV,20250817_174500_subject086_092,086_092,F,EtOH_EtOH,163200
/datastar/behavior_rooms/2CAP/2025-08-17_16-15-33_Prat_Urgency_group4/pi-data_2025-08-17_16-15-33_Prat_Urgency_group4/box06/mic/20250817_175000.WAV,20250817_175000_subject086_092,086_092,F,EtOH_EtOH,163200
/datastar/behavior_rooms/2CAP/2025-08-17_16-15-33_Prat_Urgency_group4/pi-data_2025-08-17_16-15-33_Prat_Urgency_group4/box06/mic/20250817_175500.WAV,20250817_175500_subject086_092,086_092,F,EtOH_EtOH,163200
/datastar/behavior_rooms/2CAP/2025-08-18_10-32-20_Prat_Urgency_group1/pi-data_2025-08-18_10-32-20_Prat_Urgency_group1/box04/mic/20250818_104445.WAV,20250818_104445_subject071_077,071_077,M,Control_Control,104500
/datastar/behavior_rooms/2CAP/2025-08-18_10-32-20_Prat_Urgency_group1/pi-data_2025-08-18_10-32-20_Prat_Urgency_group1/box04/mic/20250818_104500.WAV,20250818_104500_subject071_077,071_077,M,Control_Control,104500
/datastar/behavior_rooms/2CAP/2025-08-18_10-32-20_Prat_Urgency_group1/pi-data_2025-08-18_10-32-20_Prat_Urgency_group1/box04/mic/20250818_105000.WAV,20250818_105000_subject071_077,071_077,M,Control_Control,104500
/datastar/behavior_rooms/2CAP/2025-08-18_10-32-20_Prat_Urgency_group1/pi-data_2025-08-18_10-32-20_Prat_Urgency_group1/box04/mic/20250818_105500.WAV,20250818_105500_subject071_077,071_077,M,Control_Control,104500
/datastar/behavior_rooms/2CAP/2025-08-18_10-32-20_Prat_Urgency_group1/pi-data_2025-08-18_10-32-20_Prat_Urgency_group1/box04/mic/20250818_110000.WAV,20250818_110000_subject071_077,071_077,M,Control_Control,104500
/datastar/behavior_rooms/2CAP/2025-08-18_10-32-20_Prat_Urgency_group1/pi-data_2025-08-18_10-32-20_Prat_Urgency_group1/box04/mic/20250818_110500.WAV,20250818_110500_subject071_077,071_077,M,Control_Control,104500
/datastar/behavior_rooms/2CAP/2025-08-18_10-32-20_Prat_Urgency_group1/pi-data_2025-08-18_10-32-20_Prat_Urgency_group1/box04/mic/20250818_111000.WAV,20250818_111000_subject071_077,071_077,M,Control_Control,104500
/datastar/behavior_rooms/2CAP/2025-08-18_10-32-20_Prat_Urgency_group1/pi-data_2025-08-18_10-32-20_Prat_Urgency_group1/box04/mic/20250818_111500.WAV,20250818_111500_subject071_077,071_077,M,Control_Control,104500
/datastar/behavior_rooms/2CAP/2025-08-18_10-32-20_Prat_Urgency_group1/pi-data_2025-08-18_10-32-20_Prat_Urgency_group1/box04/mic/20250818_112000.WAV,20250818_112000_subject071_077,071_077,M,Control_Control,104500
/datastar/behavior_rooms/2CAP/2025-08-18_10-32-20_Prat_Urgency_group1/pi-data_2025-08-18_10-32-20_Prat_Urgency_group1/box04/mic/20250818_112500.WAV,20250818_112500_subject071_077,071_077,M,Control_Control,104500
/datastar/behavior_rooms/2CAP/2025-08-18_10-32-20_Prat_Urgency_group1/pi-data_2025-08-18_10-32-20_Prat_Urgency_group1/box04/mic/20250818_113000.WAV,20250818_113000_subject071_077,071_077,M,Control_Control,104500
/datastar/behavior_rooms/2CAP/2025-08-18_10-32-20_Prat_Urgency_group1/pi-data_2025-08-18_10-32-20_Prat_Urgency_group1/box04/mic/20250818_113500.WAV,20250818_113500_subject071_077,071_077,M,Control_Control,104500
/datastar/behavior_rooms/2CAP/2025-08-18_10-32-20_Prat_Urgency_group1/pi-data_2025-08-18_10-32-20_Prat_Urgency_group1/box04/mic/20250818_114000.WAV,20250818_114000_subject071_077,071_077,M,Control_Control,104500
/datastar/behavior_rooms/2CAP/2025-08-18_10-32-20_Prat_Urgency_group1/pi-data_2025-08-18_10-32-20_Prat_Urgency_group1/box04/mic/20250818_114500.WAV,20250818_114500_subject071_077,071_077,M,Control_Control,104500
/datastar/behavior_rooms/2CAP/2025-08-18_10-32-20_Prat_Urgency_group1/pi-data_2025-08-18_10-32-20_Prat_Urgency_group1/box04/mic/20250818_115000.WAV,20250818_115000_subject071_077,071_077,M,Control_Control,104500
/datastar/behavior_rooms/2CAP/2025-08-18_10-32-20_Prat_Urgency_group1/pi-data_2025-08-18_10-32-20_Prat_Urgency_group1/box03/mic/20250818_104446.WAV,20250818_104446_subject075_097,075_097,M,Control_EtOH,104500
/datastar/behavior_rooms/2CAP/2025-08-18_10-32-20_Prat_Urgency_group1/pi-data_2025-08-18_10-32-20_Prat_Urgency_group1/box03/mic/20250818_104500.WAV,20250818_104500_subject075_097,075_097,M,Control_EtOH,104500
/datastar/behavior_rooms/2CAP/2025-08-18_10-32-20_Prat_Urgency_group1/pi-data_2025-08-18_10-32-20_Prat_Urgency_group1/box03/mic/20250818_105000.WAV,20250818_105000_subject075_097,075_097,M,Control_EtOH,104500
/datastar/behavior_rooms/2CAP/2025-08-18_10-32-20_Prat_Urgency_group1/pi-data_2025-08-18_10-32-20_Prat_Urgency_group1/box03/mic/20250818_105500.WAV,20250818_105500_subject075_097,075_097,M,Control_EtOH,104500
/datastar/behavior_rooms/2CAP/2025-08-18_10-32-20_Prat_Urgency_group1/pi-data_2025-08-18_10-32-20_Prat_Urgency_group1/box03/mic/20250818_110000.WAV,20250818_110000_subject075_097,075_097,M,Control_EtOH,104500
/datastar/behavior_rooms/2CAP/2025-08-18_10-32-20_Prat_Urgency_group1/pi-data_2025-08-18_10-32-20_Prat_Urgency_group1/box03/mic/20250818_110500.WAV,20250818_110500_subject075_097,075_097,M,Control_EtOH,104500
/datastar/behavior_rooms/2CAP/2025-08-18_10-32-20_Prat_Urgency_group1/pi-data_2025-08-18_10-32-20_Prat_Urgency_group1/box03/mic/20250818_111000.WAV,20250818_111000_subject075_097,075_097,M,Control_EtOH,104500
/datastar/behavior_rooms/2CAP/2025-08-18_10-32-20_Prat_Urgency_group1/pi-data_2025-08-18_10-32-20_Prat_Urgency_group1/box03/mic/20250818_111500.WAV,20250818_111500_subject075_097,075_097,M,Control_EtOH,104500
/datastar/behavior_rooms/2CAP/2025-08-18_10-32-20_Prat_Urgency_group1/pi-data_2025-08-18_10-32-20_Prat_Urgency_group1/box03/mic/20250818_112000.WAV,20250818_112000_subject075_097,075_097,M,Control_EtOH,104500
/datastar/behavior_rooms/2CAP/2025-08-18_10-32-20_Prat_Urgency_group1/pi-data_2025-08-18_10-32-20_Prat_Urgency_group1/box03/mic/20250818_112500.WAV,20250818_112500_subject075_097,075_097,M,Control_EtOH,104500
/datastar/behavior_rooms/2CAP/2025-08-18_10-32-20_Prat_Urgency_group1/pi-data_2025-08-18_10-32-20_Prat_Urgency_group1/box03/mic/20250818_113000.WAV,20250818_113000_subject075_097,075_097,M,Control_EtOH,104500
/datastar/behavior_rooms/2CAP/2025-08-18_10-32-20_Prat_Urgency_group1/pi-data_2025-08-18_10-32-20_Prat_Urgency_group1/box03/mic/20250818_113500.WAV,20250818_113500_subject075_097,075_097,M,Control_EtOH,104500
/datastar/behavior_rooms/2CAP/2025-08-18_10-32-20_Prat_Urgency_group1/pi-data_2025-08-18_10-32-20_Prat_Urgency_group1/box03/mic/20250818_114000.WAV,20250818_114000_subject075_097,075_097,M,Control_EtOH,104500
/datastar/behavior_rooms/2CAP/2025-08-18_10-32-20_Prat_Urgency_group1/pi-data_2025-08-18_10-32-20_Prat_Urgency_group1/box03/mic/20250818_114500.WAV,20250818_114500_subject075_097,075_097,M,Control_EtOH,104500
/datastar/behavior_rooms/2CAP/2025-08-18_10-32-20_Prat_Urgency_group1/pi-data_2025-08-18_10-32-20_Prat_Urgency_group1/box03/mic/20250818_115000.WAV,20250818_115000_subject075_097,075_097,M,Control_EtOH,104500
/datastar/behavior_rooms/2CAP/2025-08-18_10-32-20_Prat_Urgency_group1/pi-data_2025-08-18_10-32-20_Prat_Urgency_group1/box02/mic/20250818_104445.WAV,20250818_104445_subject078_074,078_074,F,Control_Control,104500
/datastar/behavior_rooms/2CAP/2025-08-18_10-32-20_Prat_Urgency_group1/pi-data_2025-08-18_10-32-20_Prat_Urgency_group1/box02/mic/20250818_104500.WAV,20250818_104500_subject078_074,078_074,F,Control_Control,104500
/datastar/behavior_rooms/2CAP/2025-08-18_10-32-20_Prat_Urgency_group1/pi-data_2025-08-18_10-32-20_Prat_Urgency_group1/box02/mic/20250818_105000.WAV,20250818_105000_subject078_074,078_074,F,Control_Control,104500
/datastar/behavior_rooms/2CAP/2025-08-18_10-32-20_Prat_Urgency_group1/pi-data_2025-08-18_10-32-20_Prat_Urgency_group1/box02/mic/20250818_105500.WAV,20250818_105500_subject078_074,078_074,F,Control_Control,104500
/datastar/behavior_rooms/2CAP/2025-08-18_10-32-20_Prat_Urgency_group1/pi-data_2025-08-18_10-32-20_Prat_Urgency_group1/box02/mic/20250818_110000.WAV,20250818_110000_subject078_074,078_074,F,Control_Control,104500
/datastar/behavior_rooms/2CAP/2025-08-18_10-32-20_Prat_Urgency_group1/pi-data_2025-08-18_10-32-20_Prat_Urgency_group1/box02/mic/20250818_110500.WAV,20250818_110500_subject078_074,078_074,F,Control_Control,104500
/datastar/behavior_rooms/2CAP/2025-08-18_10-32-20_Prat_Urgency_group1/pi-data_2025-08-18_10-32-20_Prat_Urgency_group1/box02/mic/20250818_111000.WAV,20250818_111000_subject078_074,078_074,F,Control_Control,104500
/datastar/behavior_rooms/2CAP/2025-08-18_10-32-20_Prat_Urgency_group1/pi-data_2025-08-18_10-32-20_Prat_Urgency_group1/box02/mic/20250818_111500.WAV,20250818_111500_subject078_074,078_074,F,Control_Control,104500
/datastar/behavior_rooms/2CAP/2025-08-18_10-32-20_Prat_Urgency_group1/pi-data_2025-08-18_10-32-20_Prat_Urgency_group1/box02/mic/20250818_112000.WAV,20250818_112000_subject078_074,078_074,F,Control_Control,104500
/datastar/behavior_rooms/2CAP/2025-08-18_10-32-20_Prat_Urgency_group1/pi-data_2025-08-18_10-32-20_Prat_Urgency_group1/box02/mic/20250818_112500.WAV,20250818_112500_subject078_074,078_074,F,Control_Control,104500
/datastar/behavior_rooms/2CAP/2025-08-18_10-32-20_Prat_Urgency_group1/pi-data_2025-08-18_10-32-20_Prat_Urgency_group1/box02/mic/20250818_113000.WAV,20250818_113000_subject078_074,078_074,F,Control_Control,104500
/datastar/behavior_rooms/2CAP/2025-08-18_10-32-20_Prat_Urgency_group1/pi-data_2025-08-18_10-32-20_Prat_Urgency_group1/box02/mic/20250818_113500.WAV,20250818_113500_subject078_074,078_074,F,Control_Control,104500
/datastar/behavior_rooms/2CAP/2025-08-18_10-32-20_Prat_Urgency_group1/pi-data_2025-08-18_10-32-20_Prat_Urgency_group1/box02/mic/20250818_114000.WAV,20250818_114000_subject078_074,078_074,F,Control_Control,104500
/datastar/behavior_rooms/2CAP/2025-08-18_10-32-20_Prat_Urgency_group1/pi-data_2025-08-18_10-32-20_Prat_Urgency_group1/box02/mic/20250818_114500.WAV,20250818_114500_subject078_074,078_074,F,Control_Control,104500
/datastar/behavior_rooms/2CAP/2025-08-18_10-32-20_Prat_Urgency_group1/pi-data_2025-08-18_10-32-20_Prat_Urgency_group1/box02/mic/20250818_115000.WAV,20250818_115000_subject078_074,078_074,F,Control_Control,104500
/datastar/behavior_rooms/2CAP/2025-08-18_10-32-20_Prat_Urgency_group1/pi-data_2025-08-18_10-32-20_Prat_Urgency_group1/box05/mic/20250818_104446.WAV,20250818_104446_subject088_098,088_098,F,EtOH_EtOH,104500
/datastar/behavior_rooms/2CAP/2025-08-18_10-32-20_Prat_Urgency_group1/pi-data_2025-08-18_10-32-20_Prat_Urgency_group1/box05/mic/20250818_104500.WAV,20250818_104500_subject088_098,088_098,F,EtOH_EtOH,104500
/datastar/behavior_rooms/2CAP/2025-08-18_10-32-20_Prat_Urgency_group1/pi-data_2025-08-18_10-32-20_Prat_Urgency_group1/box05/mic/20250818_105000.WAV,20250818_105000_subject088_098,088_098,F,EtOH_EtOH,104500
/datastar/behavior_rooms/2CAP/2025-08-18_10-32-20_Prat_Urgency_group1/pi-data_2025-08-18_10-32-20_Prat_Urgency_group1/box05/mic/20250818_105500.WAV,20250818_105500_subject088_098,088_098,F,EtOH_EtOH,104500
/datastar/behavior_rooms/2CAP/2025-08-18_10-32-20_Prat_Urgency_group1/pi-data_2025-08-18_10-32-20_Prat_Urgency_group1/box05/mic/20250818_110000.WAV,20250818_110000_subject088_098,088_098,F,EtOH_EtOH,104500
/datastar/behavior_rooms/2CAP/2025-08-18_10-32-20_Prat_Urgency_group1/pi-data_2025-08-18_10-32-20_Prat_Urgency_group1/box05/mic/20250818_110500.WAV,20250818_110500_subject088_098,088_098,F,EtOH_EtOH,104500
/datastar/behavior_rooms/2CAP/2025-08-18_10-32-20_Prat_Urgency_group1/pi-data_2025-08-18_10-32-20_Prat_Urgency_group1/box05/mic/20250818_111000.WAV,20250818_111000_subject088_098,088_098,F,EtOH_EtOH,104500
/datastar/behavior_rooms/2CAP/2025-08-18_10-32-20_Prat_Urgency_group1/pi-data_2025-08-18_10-32-20_Prat_Urgency_group1/box05/mic/20250818_111500.WAV,20250818_111500_subject088_098,088_098,F,EtOH_EtOH,104500
/datastar/behavior_rooms/2CAP/2025-08-18_10-32-20_Prat_Urgency_group1/pi-data_2025-08-18_10-32-20_Prat_Urgency_group1/box05/mic/20250818_112000.WAV,20250818_112000_subject088_098,088_098,F,EtOH_EtOH,104500
/datastar/behavior_rooms/2CAP/2025-08-18_10-32-20_Prat_Urgency_group1/pi-data_2025-08-18_10-32-20_Prat_Urgency_group1/box05/mic/20250818_112500.WAV,20250818_112500_subject088_098,088_098,F,EtOH_EtOH,104500
/datastar/behavior_rooms/2CAP/2025-08-18_10-32-20_Prat_Urgency_group1/pi-data_2025-08-18_10-32-20_Prat_Urgency_group1/box05/mic/20250818_113000.WAV,20250818_113000_subject088_098,088_098,F,EtOH_EtOH,104500
/datastar/behavior_rooms/2CAP/2025-08-18_10-32-20_Prat_Urgency_group1/pi-data_2025-08-18_10-32-20_Prat_Urgency_group1/box05/mic/20250818_113500.WAV,20250818_113500_subject088_098,088_098,F,EtOH_EtOH,104500
/datastar/behavior_rooms/2CAP/2025-08-18_10-32-20_Prat_Urgency_group1/pi-data_2025-08-18_10-32-20_Prat_Urgency_group1/box05/mic/20250818_114000.WAV,20250818_114000_subject088_098,088_098,F,EtOH_EtOH,104500
/datastar/behavior_rooms/2CAP/2025-08-18_10-32-20_Prat_Urgency_group1/pi-data_2025-08-18_10-32-20_Prat_Urgency_group1/box05/mic/20250818_114500.WAV,20250818_114500_subject088_098,088_098,F,EtOH_EtOH,104500
/datastar/behavior_rooms/2CAP/2025-08-18_10-32-20_Prat_Urgency_group1/pi-data_2025-08-18_10-32-20_Prat_Urgency_group1/box05/mic/20250818_115000.WAV,20250818_115000_subject088_098,088_098,F,EtOH_EtOH,104500
/datastar/behavior_rooms/2CAP/2025-08-18_10-32-20_Prat_Urgency_group1/pi-data_2025-08-18_10-32-20_Prat_Urgency_group1/box01/mic/20250818_104445.WAV,20250818_104445_subject093_079,093_079,M,EtOH_EtOH,104500
/datastar/behavior_rooms/2CAP/2025-08-18_10-32-20_Prat_Urgency_group1/pi-data_2025-08-18_10-32-20_Prat_Urgency_group1/box01/mic/20250818_104500.WAV,20250818_104500_subject093_079,093_079,M,EtOH_EtOH,104500
/datastar/behavior_rooms/2CAP/2025-08-18_10-32-20_Prat_Urgency_group1/pi-data_2025-08-18_10-32-20_Prat_Urgency_group1/box01/mic/20250818_105000.WAV,20250818_105000_subject093_079,093_079,M,EtOH_EtOH,104500
/datastar/behavior_rooms/2CAP/2025-08-18_10-32-20_Prat_Urgency_group1/pi-data_2025-08-18_10-32-20_Prat_Urgency_group1/box01/mic/20250818_105500.WAV,20250818_105500_subject093_079,093_079,M,EtOH_EtOH,104500
/datastar/behavior_rooms/2CAP/2025-08-18_10-32-20_Prat_Urgency_group1/pi-data_2025-08-18_10-32-20_Prat_Urgency_group1/box01/mic/20250818_110000.WAV,20250818_110000_subject093_079,093_079,M,EtOH_EtOH,104500
/datastar/behavior_rooms/2CAP/2025-08-18_10-32-20_Prat_Urgency_group1/pi-data_2025-08-18_10-32-20_Prat_Urgency_group1/box01/mic/20250818_110500.WAV,20250818_110500_subject093_079,093_079,M,EtOH_EtOH,104500
/datastar/behavior_rooms/2CAP/2025-08-18_10-32-20_Prat_Urgency_group1/pi-data_2025-08-18_10-32-20_Prat_Urgency_group1/box01/mic/20250818_111000.WAV,20250818_111000_subject093_079,093_079,M,EtOH_EtOH,104500
/datastar/behavior_rooms/2CAP/2025-08-18_10-32-20_Prat_Urgency_group1/pi-data_2025-08-18_10-32-20_Prat_Urgency_group1/box01/mic/20250818_111500.WAV,20250818_111500_subject093_079,093_079,M,EtOH_EtOH,104500
/datastar/behavior_rooms/2CAP/2025-08-18_10-32-20_Prat_Urgency_group1/pi-data_2025-08-18_10-32-20_Prat_Urgency_group1/box01/mic/20250818_112000.WAV,20250818_112000_subject093_079,093_079,M,EtOH_EtOH,104500
/datastar/behavior_rooms/2CAP/2025-08-18_10-32-20_Prat_Urgency_group1/pi-data_2025-08-18_10-32-20_Prat_Urgency_group1/box01/mic/20250818_112500.WAV,20250818_112500_subject093_079,093_079,M,EtOH_EtOH,104500
/datastar/behavior_rooms/2CAP/2025-08-18_10-32-20_Prat_Urgency_group1/pi-data_2025-08-18_10-32-20_Prat_Urgency_group1/box01/mic/20250818_113000.WAV,20250818_113000_subject093_079,093_079,M,EtOH_EtOH,104500
/datastar/behavior_rooms/2CAP/2025-08-18_10-32-20_Prat_Urgency_group1/pi-data_2025-08-18_10-32-20_Prat_Urgency_group1/box01/mic/20250818_113500.WAV,20250818_113500_subject093_079,093_079,M,EtOH_EtOH,104500
/datastar/behavior_rooms/2CAP/2025-08-18_10-32-20_Prat_Urgency_group1/pi-data_2025-08-18_10-32-20_Prat_Urgency_group1/box01/mic/20250818_114000.WAV,20250818_114000_subject093_079,093_079,M,EtOH_EtOH,104500
/datastar/behavior_rooms/2CAP/2025-08-18_10-32-20_Prat_Urgency_group1/pi-data_2025-08-18_10-32-20_Prat_Urgency_group1/box01/mic/20250818_114500.WAV,20250818_114500_subject093_079,093_079,M,EtOH_EtOH,104500
/datastar/behavior_rooms/2CAP/2025-08-18_10-32-20_Prat_Urgency_group1/pi-data_2025-08-18_10-32-20_Prat_Urgency_group1/box01/mic/20250818_115000.WAV,20250818_115000_subject093_079,093_079,M,EtOH_EtOH,104500
/datastar/behavior_rooms/2CAP/2025-08-18_12-06-38_Prat_Urgency_group2/pi-data_2025-08-18_12-06-38_Prat_Urgency_group2/box05/mic/20250818_121317.WAV,20250818_121317_subject061,061,M,Control,121500
/datastar/behavior_rooms/2CAP/2025-08-18_12-06-38_Prat_Urgency_group2/pi-data_2025-08-18_12-06-38_Prat_Urgency_group2/box05/mic/20250818_121500.WAV,20250818_121500_subject061,061,M,Control,121500
/datastar/behavior_rooms/2CAP/2025-08-18_12-06-38_Prat_Urgency_group2/pi-data_2025-08-18_12-06-38_Prat_Urgency_group2/box05/mic/20250818_122000.WAV,20250818_122000_subject061,061,M,Control,121500
/datastar/behavior_rooms/2CAP/2025-08-18_12-06-38_Prat_Urgency_group2/pi-data_2025-08-18_12-06-38_Prat_Urgency_group2/box05/mic/20250818_122500.WAV,20250818_122500_subject061,061,M,Control,121500
/datastar/behavior_rooms/2CAP/2025-08-18_12-06-38_Prat_Urgency_group2/pi-data_2025-08-18_12-06-38_Prat_Urgency_group2/box05/mic/20250818_123000.WAV,20250818_123000_subject061,061,M,Control,121500
/datastar/behavior_rooms/2CAP/2025-08-18_12-06-38_Prat_Urgency_group2/pi-data_2025-08-18_12-06-38_Prat_Urgency_group2/box05/mic/20250818_123500.WAV,20250818_123500_subject061,061,M,Control,121500
/datastar/behavior_rooms/2CAP/2025-08-18_12-06-38_Prat_Urgency_group2/pi-data_2025-08-18_12-06-38_Prat_Urgency_group2/box05/mic/20250818_124000.WAV,20250818_124000_subject061,061,M,Control,121500
/datastar/behavior_rooms/2CAP/2025-08-18_12-06-38_Prat_Urgency_group2/pi-data_2025-08-18_12-06-38_Prat_Urgency_group2/box05/mic/20250818_124500.WAV,20250818_124500_subject061,061,M,Control,121500
/datastar/behavior_rooms/2CAP/2025-08-18_12-06-38_Prat_Urgency_group2/pi-data_2025-08-18_12-06-38_Prat_Urgency_group2/box05/mic/20250818_125000.WAV,20250818_125000_subject061,061,M,Control,121500
/datastar/behavior_rooms/2CAP/2025-08-18_12-06-38_Prat_Urgency_group2/pi-data_2025-08-18_12-06-38_Prat_Urgency_group2/box05/mic/20250818_125500.WAV,20250818_125500_subject061,061,M,Control,121500
/datastar/behavior_rooms/2CAP/2025-08-18_12-06-38_Prat_Urgency_group2/pi-data_2025-08-18_12-06-38_Prat_Urgency_group2/box05/mic/20250818_130000.WAV,20250818_130000_subject061,061,M,Control,121500
/datastar/behavior_rooms/2CAP/2025-08-18_12-06-38_Prat_Urgency_group2/pi-data_2025-08-18_12-06-38_Prat_Urgency_group2/box05/mic/20250818_130500.WAV,20250818_130500_subject061,061,M,Control,121500
/datastar/behavior_rooms/2CAP/2025-08-18_12-06-38_Prat_Urgency_group2/pi-data_2025-08-18_12-06-38_Prat_Urgency_group2/box05/mic/20250818_131000.WAV,20250818_131000_subject061,061,M,Control,121500
/datastar/behavior_rooms/2CAP/2025-08-18_12-06-38_Prat_Urgency_group2/pi-data_2025-08-18_12-06-38_Prat_Urgency_group2/box05/mic/20250818_131500.WAV,20250818_131500_subject061,061,M,Control,121500
/datastar/behavior_rooms/2CAP/2025-08-18_12-06-38_Prat_Urgency_group2/pi-data_2025-08-18_12-06-38_Prat_Urgency_group2/box06/mic/20250818_121317.WAV,20250818_121317_subject065_089,065_089,M,Control_EtOH,121500
/datastar/behavior_rooms/2CAP/2025-08-18_12-06-38_Prat_Urgency_group2/pi-data_2025-08-18_12-06-38_Prat_Urgency_group2/box06/mic/20250818_121500.WAV,20250818_121500_subject065_089,065_089,M,Control_EtOH,121500
/datastar/behavior_rooms/2CAP/2025-08-18_12-06-38_Prat_Urgency_group2/pi-data_2025-08-18_12-06-38_Prat_Urgency_group2/box06/mic/20250818_122000.WAV,20250818_122000_subject065_089,065_089,M,Control_EtOH,121500
/datastar/behavior_rooms/2CAP/2025-08-18_12-06-38_Prat_Urgency_group2/pi-data_2025-08-18_12-06-38_Prat_Urgency_group2/box06/mic/20250818_122500.WAV,20250818_122500_subject065_089,065_089,M,Control_EtOH,121500
/datastar/behavior_rooms/2CAP/2025-08-18_12-06-38_Prat_Urgency_group2/pi-data_2025-08-18_12-06-38_Prat_Urgency_group2/box06/mic/20250818_123000.WAV,20250818_123000_subject065_089,065_089,M,Control_EtOH,121500
/datastar/behavior_rooms/2CAP/2025-08-18_12-06-38_Prat_Urgency_group2/pi-data_2025-08-18_12-06-38_Prat_Urgency_group2/box06/mic/20250818_123500.WAV,20250818_123500_subject065_089,065_089,M,Control_EtOH,121500
/datastar/behavior_rooms/2CAP/2025-08-18_12-06-38_Prat_Urgency_group2/pi-data_2025-08-18_12-06-38_Prat_Urgency_group2/box06/mic/20250818_124000.WAV,20250818_124000_subject065_089,065_089,M,Control_EtOH,121500
/datastar/behavior_rooms/2CAP/2025-08-18_12-06-38_Prat_Urgency_group2/pi-data_2025-08-18_12-06-38_Prat_Urgency_group2/box06/mic/20250818_124500.WAV,20250818_124500_subject065_089,065_089,M,Control_EtOH,121500
/datastar/behavior_rooms/2CAP/2025-08-18_12-06-38_Prat_Urgency_group2/pi-data_2025-08-18_12-06-38_Prat_Urgency_group2/box06/mic/20250818_125000.WAV,20250818_125000_subject065_089,065_089,M,Control_EtOH,121500
/datastar/behavior_rooms/2CAP/2025-08-18_12-06-38_Prat_Urgency_group2/pi-data_2025-08-18_12-06-38_Prat_Urgency_group2/box06/mic/20250818_125500.WAV,20250818_125500_subject065_089,065_089,M,Control_EtOH,121500
/datastar/behavior_rooms/2CAP/2025-08-18_12-06-38_Prat_Urgency_group2/pi-data_2025-08-18_12-06-38_Prat_Urgency_group2/box06/mic/20250818_130000.WAV,20250818_130000_subject065_089,065_089,M,Control_EtOH,121500
/datastar/behavior_rooms/2CAP/2025-08-18_12-06-38_Prat_Urgency_group2/pi-data_2025-08-18_12-06-38_Prat_Urgency_group2/box06/mic/20250818_130500.WAV,20250818_130500_subject065_089,065_089,M,Control_EtOH,121500
/datastar/behavior_rooms/2CAP/2025-08-18_12-06-38_Prat_Urgency_group2/pi-data_2025-08-18_12-06-38_Prat_Urgency_group2/box06/mic/20250818_131000.WAV,20250818_131000_subject065_089,065_089,M,Control_EtOH,121500
/datastar/behavior_rooms/2CAP/2025-08-18_12-06-38_Prat_Urgency_group2/pi-data_2025-08-18_12-06-38_Prat_Urgency_group2/box06/mic/20250818_131500.WAV,20250818_131500_subject065_089,065_089,M,Control_EtOH,121500
/datastar/behavior_rooms/2CAP/2025-08-18_12-06-38_Prat_Urgency_group2/pi-data_2025-08-18_12-06-38_Prat_Urgency_group2/box04/mic/20250818_121317.WAV,20250818_121317_subject072_090,072_090,F,Control_EtOH,121500
/datastar/behavior_rooms/2CAP/2025-08-18_12-06-38_Prat_Urgency_group2/pi-data_2025-08-18_12-06-38_Prat_Urgency_group2/box04/mic/20250818_121500.WAV,20250818_121500_subject072_090,072_090,F,Control_EtOH,121500
/datastar/behavior_rooms/2CAP/2025-08-18_12-06-38_Prat_Urgency_group2/pi-data_2025-08-18_12-06-38_Prat_Urgency_group2/box04/mic/20250818_122000.WAV,20250818_122000_subject072_090,072_090,F,Control_EtOH,121500
/datastar/behavior_rooms/2CAP/2025-08-18_12-06-38_Prat_Urgency_group2/pi-data_2025-08-18_12-06-38_Prat_Urgency_group2/box04/mic/20250818_122500.WAV,20250818_122500_subject072_090,072_090,F,Control_EtOH,121500
/datastar/behavior_rooms/2CAP/2025-08-18_12-06-38_Prat_Urgency_group2/pi-data_2025-08-18_12-06-38_Prat_Urgency_group2/box04/mic/20250818_123000.WAV,20250818_123000_subject072_090,072_090,F,Control_EtOH,121500
/datastar/behavior_rooms/2CAP/2025-08-18_12-06-38_Prat_Urgency_group2/pi-data_2025-08-18_12-06-38_Prat_Urgency_group2/box04/mic/20250818_123500.WAV,20250818_123500_subject072_090,072_090,F,Control_EtOH,121500
/datastar/behavior_rooms/2CAP/2025-08-18_12-06-38_Prat_Urgency_group2/pi-data_2025-08-18_12-06-38_Prat_Urgency_group2/box04/mic/20250818_124000.WAV,20250818_124000_subject072_090,072_090,F,Control_EtOH,121500
/datastar/behavior_rooms/2CAP/2025-08-18_12-06-38_Prat_Urgency_group2/pi-data_2025-08-18_12-06-38_Prat_Urgency_group2/box04/mic/20250818_124500.WAV,20250818_124500_subject072_090,072_090,F,Control_EtOH,121500
/datastar/behavior_rooms/2CAP/2025-08-18_12-06-38_Prat_Urgency_group2/pi-data_2025-08-18_12-06-38_Prat_Urgency_group2/box04/mic/20250818_125000.WAV,20250818_125000_subject072_090,072_090,F,Control_EtOH,121500
/datastar/behavior_rooms/2CAP/2025-08-18_12-06-38_Prat_Urgency_group2/pi-data_2025-08-18_12-06-38_Prat_Urgency_group2/box04/mic/20250818_125500.WAV,20250818_125500_subject072_090,072_090,F,Control_EtOH,121500
/datastar/behavior_rooms/2CAP/2025-08-18_12-06-38_Prat_Urgency_group2/pi-data_2025-08-18_12-06-38_Prat_Urgency_group2/box04/mic/20250818_130000.WAV,20250818_130000_subject072_090,072_090,F,Control_EtOH,121500
/datastar/behavior_rooms/2CAP/2025-08-18_12-06-38_Prat_Urgency_group2/pi-data_2025-08-18_12-06-38_Prat_Urgency_group2/box04/mic/20250818_130500.WAV,20250818_130500_subject072_090,072_090,F,Control_EtOH,121500
/datastar/behavior_rooms/2CAP/2025-08-18_12-06-38_Prat_Urgency_group2/pi-data_2025-08-18_12-06-38_Prat_Urgency_group2/box04/mic/20250818_131000.WAV,20250818_131000_subject072_090,072_090,F,Control_EtOH,121500
/datastar/behavior_rooms/2CAP/2025-08-18_12-06-38_Prat_Urgency_group2/pi-data_2025-08-18_12-06-38_Prat_Urgency_group2/box04/mic/20250818_131500.WAV,20250818_131500_subject072_090,072_090,F,Control_EtOH,121500
/datastar/behavior_rooms/2CAP/2025-08-18_12-06-38_Prat_Urgency_group2/pi-data_2025-08-18_12-06-38_Prat_Urgency_group2/box01/mic/20250818_121317.WAV,20250818_121317_subject076_080,076_080,F,Control_EtOH,121500
/datastar/behavior_rooms/2CAP/2025-08-18_12-06-38_Prat_Urgency_group2/pi-data_2025-08-18_12-06-38_Prat_Urgency_group2/box01/mic/20250818_121500.WAV,20250818_121500_subject076_080,076_080,F,Control_EtOH,121500
/datastar/behavior_rooms/2CAP/2025-08-18_12-06-38_Prat_Urgency_group2/pi-data_2025-08-18_12-06-38_Prat_Urgency_group2/box01/mic/20250818_122000.WAV,20250818_122000_subject076_080,076_080,F,Control_EtOH,121500
/datastar/behavior_rooms/2CAP/2025-08-18_12-06-38_Prat_Urgency_group2/pi-data_2025-08-18_12-06-38_Prat_Urgency_group2/box01/mic/20250818_122500.WAV,20250818_122500_subject076_080,076_080,F,Control_EtOH,121500
/datastar/behavior_rooms/2CAP/2025-08-18_12-06-38_Prat_Urgency_group2/pi-data_2025-08-18_12-06-38_Prat_Urgency_group2/box01/mic/20250818_123000.WAV,20250818_123000_subject076_080,076_080,F,Control_EtOH,121500
/datastar/behavior_rooms/2CAP/2025-08-18_12-06-38_Prat_Urgency_group2/pi-data_2025-08-18_12-06-38_Prat_Urgency_group2/box01/mic/20250818_123500.WAV,20250818_123500_subject076_080,076_080,F,Control_EtOH,121500
/datastar/behavior_rooms/2CAP/2025-08-18_12-06-38_Prat_Urgency_group2/pi-data_2025-08-18_12-06-38_Prat_Urgency_group2/box01/mic/20250818_124000.WAV,20250818_124000_subject076_080,076_080,F,Control_EtOH,121500
/datastar/behavior_rooms/2CAP/2025-08-18_12-06-38_Prat_Urgency_group2/pi-data_2025-08-18_12-06-38_Prat_Urgency_group2/box01/mic/20250818_124500.WAV,20250818_124500_subject076_080,076_080,F,Control_EtOH,121500
/datastar/behavior_rooms/2CAP/2025-08-18_12-06-38_Prat_Urgency_group2/pi-data_2025-08-18_12-06-38_Prat_Urgency_group2/box01/mic/20250818_125000.WAV,20250818_125000_subject076_080,076_080,F,Control_EtOH,121500
/datastar/behavior_rooms/2CAP/2025-08-18_12-06-38_Prat_Urgency_group2/pi-data_2025-08-18_12-06-38_Prat_Urgency_group2/box01/mic/20250818_125500.WAV,20250818_125500_subject076_080,076_080,F,Control_EtOH,121500
/datastar/behavior_rooms/2CAP/2025-08-18_12-06-38_Prat_Urgency_group2/pi-data_2025-08-18_12-06-38_Prat_Urgency_group2/box01/mic/20250818_130000.WAV,20250818_130000_subject076_080,076_080,F,Control_EtOH,121500
/datastar/behavior_rooms/2CAP/2025-08-18_12-06-38_Prat_Urgency_group2/pi-data_2025-08-18_12-06-38_Prat_Urgency_group2/box01/mic/20250818_130500.WAV,20250818_130500_subject076_080,076_080,F,Control_EtOH,121500
/datastar/behavior_rooms/2CAP/2025-08-18_12-06-38_Prat_Urgency_group2/pi-data_2025-08-18_12-06-38_Prat_Urgency_group2/box01/mic/20250818_131000.WAV,20250818_131000_subject076_080,076_080,F,Control_EtOH,121500
/datastar/behavior_rooms/2CAP/2025-08-18_12-06-38_Prat_Urgency_group2/pi-data_2025-08-18_12-06-38_Prat_Urgency_group2/box01/mic/20250818_131500.WAV,20250818_131500_subject076_080,076_080,F,Control_EtOH,121500
/datastar/behavior_rooms/2CAP/2025-08-18_12-06-38_Prat_Urgency_group2/pi-data_2025-08-18_12-06-38_Prat_Urgency_group2/box03/mic/20250818_121317.WAV,20250818_121317_subject082,082,F,EtOH,121500
/datastar/behavior_rooms/2CAP/2025-08-18_12-06-38_Prat_Urgency_group2/pi-data_2025-08-18_12-06-38_Prat_Urgency_group2/box03/mic/20250818_121500.WAV,20250818_121500_subject082,082,F,EtOH,121500
/datastar/behavior_rooms/2CAP/2025-08-18_12-06-38_Prat_Urgency_group2/pi-data_2025-08-18_12-06-38_Prat_Urgency_group2/box03/mic/20250818_122000.WAV,20250818_122000_subject082,082,F,EtOH,121500
/datastar/behavior_rooms/2CAP/2025-08-18_12-06-38_Prat_Urgency_group2/pi-data_2025-08-18_12-06-38_Prat_Urgency_group2/box03/mic/20250818_122500.WAV,20250818_122500_subject082,082,F,EtOH,121500
/datastar/behavior_rooms/2CAP/2025-08-18_12-06-38_Prat_Urgency_group2/pi-data_2025-08-18_12-06-38_Prat_Urgency_group2/box03/mic/20250818_123000.WAV,20250818_123000_subject082,082,F,EtOH,121500
/datastar/behavior_rooms/2CAP/2025-08-18_12-06-38_Prat_Urgency_group2/pi-data_2025-08-18_12-06-38_Prat_Urgency_group2/box03/mic/20250818_123500.WAV,20250818_123500_subject082,082,F,EtOH,121500
/datastar/behavior_rooms/2CAP/2025-08-18_12-06-38_Prat_Urgency_group2/pi-data_2025-08-18_12-06-38_Prat_Urgency_group2/box03/mic/20250818_124000.WAV,20250818_124000_subject082,082,F,EtOH,121500
/datastar/behavior_rooms/2CAP/2025-08-18_12-06-38_Prat_Urgency_group2/pi-data_2025-08-18_12-06-38_Prat_Urgency_group2/box03/mic/20250818_124500.WAV,20250818_124500_subject082,082,F,EtOH,121500
/datastar/behavior_rooms/2CAP/2025-08-18_12-06-38_Prat_Urgency_group2/pi-data_2025-08-18_12-06-38_Prat_Urgency_group2/box03/mic/20250818_125000.WAV,20250818_125000_subject082,082,F,EtOH,121500
/datastar/behavior_rooms/2CAP/2025-08-18_12-06-38_Prat_Urgency_group2/pi-data_2025-08-18_12-06-38_Prat_Urgency_group2/box03/mic/20250818_125500.WAV,20250818_125500_subject082,082,F,EtOH,121500
/datastar/behavior_rooms/2CAP/2025-08-18_12-06-38_Prat_Urgency_group2/pi-data_2025-08-18_12-06-38_Prat_Urgency_group2/box03/mic/20250818_130000.WAV,20250818_130000_subject082,082,F,EtOH,121500
/datastar/behavior_rooms/2CAP/2025-08-18_12-06-38_Prat_Urgency_group2/pi-data_2025-08-18_12-06-38_Prat_Urgency_group2/box03/mic/20250818_130500.WAV,20250818_130500_subject082,082,F,EtOH,121500
/datastar/behavior_rooms/2CAP/2025-08-18_12-06-38_Prat_Urgency_group2/pi-data_2025-08-18_12-06-38_Prat_Urgency_group2/box03/mic/20250818_131000.WAV,20250818_131000_subject082,082,F,EtOH,121500
/datastar/behavior_rooms/2CAP/2025-08-18_12-06-38_Prat_Urgency_group2/pi-data_2025-08-18_12-06-38_Prat_Urgency_group2/box03/mic/20250818_131500.WAV,20250818_131500_subject082,082,F,EtOH,121500
/datastar/behavior_rooms/2CAP/2025-08-18_12-06-38_Prat_Urgency_group2/pi-data_2025-08-18_12-06-38_Prat_Urgency_group2/box02/mic/20250818_121318.WAV,20250818_121318_subject085_059,085_059,M,EtOH_Control,121500
/datastar/behavior_rooms/2CAP/2025-08-18_12-06-38_Prat_Urgency_group2/pi-data_2025-08-18_12-06-38_Prat_Urgency_group2/box02/mic/20250818_121500.WAV,20250818_121500_subject085_059,085_059,M,EtOH_Control,121500
/datastar/behavior_rooms/2CAP/2025-08-18_12-06-38_Prat_Urgency_group2/pi-data_2025-08-18_12-06-38_Prat_Urgency_group2/box02/mic/20250818_122000.WAV,20250818_122000_subject085_059,085_059,M,EtOH_Control,121500
/datastar/behavior_rooms/2CAP/2025-08-18_12-06-38_Prat_Urgency_group2/pi-data_2025-08-18_12-06-38_Prat_Urgency_group2/box02/mic/20250818_122500.WAV,20250818_122500_subject085_059,085_059,M,EtOH_Control,121500
/datastar/behavior_rooms/2CAP/2025-08-18_12-06-38_Prat_Urgency_group2/pi-data_2025-08-18_12-06-38_Prat_Urgency_group2/box02/mic/20250818_123000.WAV,20250818_123000_subject085_059,085_059,M,EtOH_Control,121500
/datastar/behavior_rooms/2CAP/2025-08-18_12-06-38_Prat_Urgency_group2/pi-data_2025-08-18_12-06-38_Prat_Urgency_group2/box02/mic/20250818_123500.WAV,20250818_123500_subject085_059,085_059,M,EtOH_Control,121500
/datastar/behavior_rooms/2CAP/2025-08-18_12-06-38_Prat_Urgency_group2/pi-data_2025-08-18_12-06-38_Prat_Urgency_group2/box02/mic/20250818_124000.WAV,20250818_124000_subject085_059,085_059,M,EtOH_Control,121500
/datastar/behavior_rooms/2CAP/2025-08-18_12-06-38_Prat_Urgency_group2/pi-data_2025-08-18_12-06-38_Prat_Urgency_group2/box02/mic/20250818_124500.WAV,20250818_124500_subject085_059,085_059,M,EtOH_Control,121500
/datastar/behavior_rooms/2CAP/2025-08-18_12-06-38_Prat_Urgency_group2/pi-data_2025-08-18_12-06-38_Prat_Urgency_group2/box02/mic/20250818_125000.WAV,20250818_125000_subject085_059,085_059,M,EtOH_Control,121500
/datastar/behavior_rooms/2CAP/2025-08-18_12-06-38_Prat_Urgency_group2/pi-data_2025-08-18_12-06-38_Prat_Urgency_group2/box02/mic/20250818_125500.WAV,20250818_125500_subject085_059,085_059,M,EtOH_Control,121500
/datastar/behavior_rooms/2CAP/2025-08-18_12-06-38_Prat_Urgency_group2/pi-data_2025-08-18_12-06-38_Prat_Urgency_group2/box02/mic/20250818_130000.WAV,20250818_130000_subject085_059,085_059,M,EtOH_Control,121500
/datastar/behavior_rooms/2CAP/2025-08-18_12-06-38_Prat_Urgency_group2/pi-data_2025-08-18_12-06-38_Prat_Urgency_group2/box02/mic/20250818_130500.WAV,20250818_130500_subject085_059,085_059,M,EtOH_Control,121500
/datastar/behavior_rooms/2CAP/2025-08-18_12-06-38_Prat_Urgency_group2/pi-data_2025-08-18_12-06-38_Prat_Urgency_group2/box02/mic/20250818_131000.WAV,20250818_131000_subject085_059,085_059,M,EtOH_Control,121500
/datastar/behavior_rooms/2CAP/2025-08-18_12-06-38_Prat_Urgency_group2/pi-data_2025-08-18_12-06-38_Prat_Urgency_group2/box02/mic/20250818_131500.WAV,20250818_131500_subject085_059,085_059,M,EtOH_Control,121500
/datastar/behavior_rooms/2CAP/2025-08-18_13-38-09_Prat_Urgency_group3/pi-data_2025-08-18_13-38-09_Prat_Urgency_group3/box02/mic/20250818_134158.WAV,20250818_134158_subject060_086,060_086,F,Control_EtOH,134300
/datastar/behavior_rooms/2CAP/2025-08-18_13-38-09_Prat_Urgency_group3/pi-data_2025-08-18_13-38-09_Prat_Urgency_group3/box02/mic/20250818_134500.WAV,20250818_134500_subject060_086,060_086,F,Control_EtOH,134300
/datastar/behavior_rooms/2CAP/2025-08-18_13-38-09_Prat_Urgency_group3/pi-data_2025-08-18_13-38-09_Prat_Urgency_group3/box02/mic/20250818_135000.WAV,20250818_135000_subject060_086,060_086,F,Control_EtOH,134300
/datastar/behavior_rooms/2CAP/2025-08-18_13-38-09_Prat_Urgency_group3/pi-data_2025-08-18_13-38-09_Prat_Urgency_group3/box02/mic/20250818_135500.WAV,20250818_135500_subject060_086,060_086,F,Control_EtOH,134300
/datastar/behavior_rooms/2CAP/2025-08-18_13-38-09_Prat_Urgency_group3/pi-data_2025-08-18_13-38-09_Prat_Urgency_group3/box02/mic/20250818_140000.WAV,20250818_140000_subject060_086,060_086,F,Control_EtOH,134300
/datastar/behavior_rooms/2CAP/2025-08-18_13-38-09_Prat_Urgency_group3/pi-data_2025-08-18_13-38-09_Prat_Urgency_group3/box02/mic/20250818_140500.WAV,20250818_140500_subject060_086,060_086,F,Control_EtOH,134300
/datastar/behavior_rooms/2CAP/2025-08-18_13-38-09_Prat_Urgency_group3/pi-data_2025-08-18_13-38-09_Prat_Urgency_group3/box02/mic/20250818_141000.WAV,20250818_141000_subject060_086,060_086,F,Control_EtOH,134300
/datastar/behavior_rooms/2CAP/2025-08-18_13-38-09_Prat_Urgency_group3/pi-data_2025-08-18_13-38-09_Prat_Urgency_group3/box02/mic/20250818_141500.WAV,20250818_141500_subject060_086,060_086,F,Control_EtOH,134300
/datastar/behavior_rooms/2CAP/2025-08-18_13-38-09_Prat_Urgency_group3/pi-data_2025-08-18_13-38-09_Prat_Urgency_group3/box02/mic/20250818_142000.WAV,20250818_142000_subject060_086,060_086,F,Control_EtOH,134300
/datastar/behavior_rooms/2CAP/2025-08-18_13-38-09_Prat_Urgency_group3/pi-data_2025-08-18_13-38-09_Prat_Urgency_group3/box02/mic/20250818_142500.WAV,20250818_142500_subject060_086,060_086,F,Control_EtOH,134300
/datastar/behavior_rooms/2CAP/2025-08-18_13-38-09_Prat_Urgency_group3/pi-data_2025-08-18_13-38-09_Prat_Urgency_group3/box02/mic/20250818_143000.WAV,20250818_143000_subject060_086,060_086,F,Control_EtOH,134300
/datastar/behavior_rooms/2CAP/2025-08-18_13-38-09_Prat_Urgency_group3/pi-data_2025-08-18_13-38-09_Prat_Urgency_group3/box02/mic/20250818_143500.WAV,20250818_143500_subject060_086,060_086,F,Control_EtOH,134300
/datastar/behavior_rooms/2CAP/2025-08-18_13-38-09_Prat_Urgency_group3/pi-data_2025-08-18_13-38-09_Prat_Urgency_group3/box02/mic/20250818_144000.WAV,20250818_144000_subject060_086,060_086,F,Control_EtOH,134300
/datastar/behavior_rooms/2CAP/2025-08-18_13-38-09_Prat_Urgency_group3/pi-data_2025-08-18_13-38-09_Prat_Urgency_group3/box02/mic/20250818_144500.WAV,20250818_144500_subject060_086,060_086,F,Control_EtOH,134300
/datastar/behavior_rooms/2CAP/2025-08-18_13-38-09_Prat_Urgency_group3/pi-data_2025-08-18_13-38-09_Prat_Urgency_group3/box01/mic/20250818_134158.WAV,20250818_134158_subject069_091,069_091,M,Control_EtOH,134300
/datastar/behavior_rooms/2CAP/2025-08-18_13-38-09_Prat_Urgency_group3/pi-data_2025-08-18_13-38-09_Prat_Urgency_group3/box01/mic/20250818_134500.WAV,20250818_134500_subject069_091,069_091,M,Control_EtOH,134300
/datastar/behavior_rooms/2CAP/2025-08-18_13-38-09_Prat_Urgency_group3/pi-data_2025-08-18_13-38-09_Prat_Urgency_group3/box01/mic/20250818_135000.WAV,20250818_135000_subject069_091,069_091,M,Control_EtOH,134300
/datastar/behavior_rooms/2CAP/2025-08-18_13-38-09_Prat_Urgency_group3/pi-data_2025-08-18_13-38-09_Prat_Urgency_group3/box01/mic/20250818_135500.WAV,20250818_135500_subject069_091,069_091,M,Control_EtOH,134300
/datastar/behavior_rooms/2CAP/2025-08-18_13-38-09_Prat_Urgency_group3/pi-data_2025-08-18_13-38-09_Prat_Urgency_group3/box01/mic/20250818_140000.WAV,20250818_140000_subject069_091,069_091,M,Control_EtOH,134300
/datastar/behavior_rooms/2CAP/2025-08-18_13-38-09_Prat_Urgency_group3/pi-data_2025-08-18_13-38-09_Prat_Urgency_group3/box01/mic/20250818_140500.WAV,20250818_140500_subject069_091,069_091,M,Control_EtOH,134300
/datastar/behavior_rooms/2CAP/2025-08-18_13-38-09_Prat_Urgency_group3/pi-data_2025-08-18_13-38-09_Prat_Urgency_group3/box01/mic/20250818_141000.WAV,20250818_141000_subject069_091,069_091,M,Control_EtOH,134300
/datastar/behavior_rooms/2CAP/2025-08-18_13-38-09_Prat_Urgency_group3/pi-data_2025-08-18_13-38-09_Prat_Urgency_group3/box01/mic/20250818_141500.WAV,20250818_141500_subject069_091,069_091,M,Control_EtOH,134300
/datastar/behavior_rooms/2CAP/2025-08-18_13-38-09_Prat_Urgency_group3/pi-data_2025-08-18_13-38-09_Prat_Urgency_group3/box01/mic/20250818_142000.WAV,20250818_142000_subject069_091,069_091,M,Control_EtOH,134300
/datastar/behavior_rooms/2CAP/2025-08-18_13-38-09_Prat_Urgency_group3/pi-data_2025-08-18_13-38-09_Prat_Urgency_group3/box01/mic/20250818_142500.WAV,20250818_142500_subject069_091,069_091,M,Control_EtOH,134300
/datastar/behavior_rooms/2CAP/2025-08-18_13-38-09_Prat_Urgency_group3/pi-data_2025-08-18_13-38-09_Prat_Urgency_group3/box01/mic/20250818_143000.WAV,20250818_143000_subject069_091,069_091,M,Control_EtOH,134300
/datastar/behavior_rooms/2CAP/2025-08-18_13-38-09_Prat_Urgency_group3/pi-data_2025-08-18_13-38-09_Prat_Urgency_group3/box01/mic/20250818_143500.WAV,20250818_143500_subject069_091,069_091,M,Control_EtOH,134300
/datastar/behavior_rooms/2CAP/2025-08-18_13-38-09_Prat_Urgency_group3/pi-data_2025-08-18_13-38-09_Prat_Urgency_group3/box01/mic/20250818_144000.WAV,20250818_144000_subject069_091,069_091,M,Control_EtOH,134300
/datastar/behavior_rooms/2CAP/2025-08-18_13-38-09_Prat_Urgency_group3/pi-data_2025-08-18_13-38-09_Prat_Urgency_group3/box01/mic/20250818_144500.WAV,20250818_144500_subject069_091,069_091,M,Control_EtOH,134300
/datastar/behavior_rooms/2CAP/2025-08-18_13-38-09_Prat_Urgency_group3/pi-data_2025-08-18_13-38-09_Prat_Urgency_group3/box03/mic/20250818_134158.WAV,20250818_134158_subject073_067,073_067,M,Control_Control,134300
/datastar/behavior_rooms/2CAP/2025-08-18_13-38-09_Prat_Urgency_group3/pi-data_2025-08-18_13-38-09_Prat_Urgency_group3/box03/mic/20250818_134500.WAV,20250818_134500_subject073_067,073_067,M,Control_Control,134300
/datastar/behavior_rooms/2CAP/2025-08-18_13-38-09_Prat_Urgency_group3/pi-data_2025-08-18_13-38-09_Prat_Urgency_group3/box03/mic/20250818_135000.WAV,20250818_135000_subject073_067,073_067,M,Control_Control,134300
/datastar/behavior_rooms/2CAP/2025-08-18_13-38-09_Prat_Urgency_group3/pi-data_2025-08-18_13-38-09_Prat_Urgency_group3/box03/mic/20250818_135500.WAV,20250818_135500_subject073_067,073_067,M,Control_Control,134300
/datastar/behavior_rooms/2CAP/2025-08-18_13-38-09_Prat_Urgency_group3/pi-data_2025-08-18_13-38-09_Prat_Urgency_group3/box03/mic/20250818_140000.WAV,20250818_140000_subject073_067,073_067,M,Control_Control,134300
/datastar/behavior_rooms/2CAP/2025-08-18_13-38-09_Prat_Urgency_group3/pi-data_2025-08-18_13-38-09_Prat_Urgency_group3/box03/mic/20250818_140500.WAV,20250818_140500_subject073_067,073_067,M,Control_Control,134300
/datastar/behavior_rooms/2CAP/2025-08-18_13-38-09_Prat_Urgency_group3/pi-data_2025-08-18_13-38-09_Prat_Urgency_group3/box03/mic/20250818_141000.WAV,20250818_141000_subject073_067,073_067,M,Control_Control,134300
/datastar/behavior_rooms/2CAP/2025-08-18_13-38-09_Prat_Urgency_group3/pi-data_2025-08-18_13-38-09_Prat_Urgency_group3/box03/mic/20250818_141500.WAV,20250818_141500_subject073_067,073_067,M,Control_Control,134300
/datastar/behavior_rooms/2CAP/2025-08-18_13-38-09_Prat_Urgency_group3/pi-data_2025-08-18_13-38-09_Prat_Urgency_group3/box03/mic/20250818_142000.WAV,20250818_142000_subject073_067,073_067,M,Control_Control,134300
/datastar/behavior_rooms/2CAP/2025-08-18_13-38-09_Prat_Urgency_group3/pi-data_2025-08-18_13-38-09_Prat_Urgency_group3/box03/mic/20250818_142500.WAV,20250818_142500_subject073_067,073_067,M,Control_Control,134300
/datastar/behavior_rooms/2CAP/2025-08-18_13-38-09_Prat_Urgency_group3/pi-data_2025-08-18_13-38-09_Prat_Urgency_group3/box03/mic/20250818_143000.WAV,20250818_143000_subject073_067,073_067,M,Control_Control,134300
/datastar/behavior_rooms/2CAP/2025-08-18_13-38-09_Prat_Urgency_group3/pi-data_2025-08-18_13-38-09_Prat_Urgency_group3/box03/mic/20250818_143500.WAV,20250818_143500_subject073_067,073_067,M,Control_Control,134300
/datastar/behavior_rooms/2CAP/2025-08-18_13-38-09_Prat_Urgency_group3/pi-data_2025-08-18_13-38-09_Prat_Urgency_group3/box03/mic/20250818_144000.WAV,20250818_144000_subject073_067,073_067,M,Control_Control,134300
/datastar/behavior_rooms/2CAP/2025-08-18_13-38-09_Prat_Urgency_group3/pi-data_2025-08-18_13-38-09_Prat_Urgency_group3/box03/mic/20250818_144500.WAV,20250818_144500_subject073_067,073_067,M,Control_Control,134300
/datastar/behavior_rooms/2CAP/2025-08-18_13-38-09_Prat_Urgency_group3/pi-data_2025-08-18_13-38-09_Prat_Urgency_group3/box05/mic/20250818_134158.WAV,20250818_134158_subject084_096,084_096,F,EtOH_EtOH,134300
/datastar/behavior_rooms/2CAP/2025-08-18_13-38-09_Prat_Urgency_group3/pi-data_2025-08-18_13-38-09_Prat_Urgency_group3/box05/mic/20250818_134500.WAV,20250818_134500_subject084_096,084_096,F,EtOH_EtOH,134300
/datastar/behavior_rooms/2CAP/2025-08-18_13-38-09_Prat_Urgency_group3/pi-data_2025-08-18_13-38-09_Prat_Urgency_group3/box05/mic/20250818_135000.WAV,20250818_135000_subject084_096,084_096,F,EtOH_EtOH,134300
/datastar/behavior_rooms/2CAP/2025-08-18_13-38-09_Prat_Urgency_group3/pi-data_2025-08-18_13-38-09_Prat_Urgency_group3/box05/mic/20250818_135500.WAV,20250818_135500_subject084_096,084_096,F,EtOH_EtOH,134300
/datastar/behavior_rooms/2CAP/2025-08-18_13-38-09_Prat_Urgency_group3/pi-data_2025-08-18_13-38-09_Prat_Urgency_group3/box05/mic/20250818_140000.WAV,20250818_140000_subject084_096,084_096,F,EtOH_EtOH,134300
/datastar/behavior_rooms/2CAP/2025-08-18_13-38-09_Prat_Urgency_group3/pi-data_2025-08-18_13-38-09_Prat_Urgency_group3/box05/mic/20250818_140500.WAV,20250818_140500_subject084_096,084_096,F,EtOH_EtOH,134300
/datastar/behavior_rooms/2CAP/2025-08-18_13-38-09_Prat_Urgency_group3/pi-data_2025-08-18_13-38-09_Prat_Urgency_group3/box05/mic/20250818_141000.WAV,20250818_141000_subject084_096,084_096,F,EtOH_EtOH,134300
/datastar/behavior_rooms/2CAP/2025-08-18_13-38-09_Prat_Urgency_group3/pi-data_2025-08-18_13-38-09_Prat_Urgency_group3/box05/mic/20250818_141500.WAV,20250818_141500_subject084_096,084_096,F,EtOH_EtOH,134300
/datastar/behavior_rooms/2CAP/2025-08-18_13-38-09_Prat_Urgency_group3/pi-data_2025-08-18_13-38-09_Prat_Urgency_group3/box05/mic/20250818_142000.WAV,20250818_142000_subject084_096,084_096,F,EtOH_EtOH,134300
/datastar/behavior_rooms/2CAP/2025-08-18_13-38-09_Prat_Urgency_group3/pi-data_2025-08-18_13-38-09_Prat_Urgency_group3/box05/mic/20250818_142500.WAV,20250818_142500_subject084_096,084_096,F,EtOH_EtOH,134300
/datastar/behavior_rooms/2CAP/2025-08-18_13-38-09_Prat_Urgency_group3/pi-data_2025-08-18_13-38-09_Prat_Urgency_group3/box05/mic/20250818_143000.WAV,20250818_143000_subject084_096,084_096,F,EtOH_EtOH,134300
/datastar/behavior_rooms/2CAP/2025-08-18_13-38-09_Prat_Urgency_group3/pi-data_2025-08-18_13-38-09_Prat_Urgency_group3/box05/mic/20250818_143500.WAV,20250818_143500_subject084_096,084_096,F,EtOH_EtOH,134300
/datastar/behavior_rooms/2CAP/2025-08-18_13-38-09_Prat_Urgency_group3/pi-data_2025-08-18_13-38-09_Prat_Urgency_group3/box05/mic/20250818_144000.WAV,20250818_144000_subject084_096,084_096,F,EtOH_EtOH,134300
/datastar/behavior_rooms/2CAP/2025-08-18_13-38-09_Prat_Urgency_group3/pi-data_2025-08-18_13-38-09_Prat_Urgency_group3/box05/mic/20250818_144500.WAV,20250818_144500_subject084_096,084_096,F,EtOH_EtOH,134300
/datastar/behavior_rooms/2CAP/2025-08-18_13-38-09_Prat_Urgency_group3/pi-data_2025-08-18_13-38-09_Prat_Urgency_group3/box06/mic/20250818_134158.WAV,20250818_134158_subject092_062,092_062,F,EtOH_Control,134300
/datastar/behavior_rooms/2CAP/2025-08-18_13-38-09_Prat_Urgency_group3/pi-data_2025-08-18_13-38-09_Prat_Urgency_group3/box06/mic/20250818_134500.WAV,20250818_134500_subject092_062,092_062,F,EtOH_Control,134300
/datastar/behavior_rooms/2CAP/2025-08-18_13-38-09_Prat_Urgency_group3/pi-data_2025-08-18_13-38-09_Prat_Urgency_group3/box06/mic/20250818_135000.WAV,20250818_135000_subject092_062,092_062,F,EtOH_Control,134300
/datastar/behavior_rooms/2CAP/2025-08-18_13-38-09_Prat_Urgency_group3/pi-data_2025-08-18_13-38-09_Prat_Urgency_group3/box06/mic/20250818_135500.WAV,20250818_135500_subject092_062,092_062,F,EtOH_Control,134300
/datastar/behavior_rooms/2CAP/2025-08-18_13-38-09_Prat_Urgency_group3/pi-data_2025-08-18_13-38-09_Prat_Urgency_group3/box06/mic/20250818_140000.WAV,20250818_140000_subject092_062,092_062,F,EtOH_Control,134300
/datastar/behavior_rooms/2CAP/2025-08-18_13-38-09_Prat_Urgency_group3/pi-data_2025-08-18_13-38-09_Prat_Urgency_group3/box06/mic/20250818_140500.WAV,20250818_140500_subject092_062,092_062,F,EtOH_Control,134300
/datastar/behavior_rooms/2CAP/2025-08-18_13-38-09_Prat_Urgency_group3/pi-data_2025-08-18_13-38-09_Prat_Urgency_group3/box06/mic/20250818_141000.WAV,20250818_141000_subject092_062,092_062,F,EtOH_Control,134300
/datastar/behavior_rooms/2CAP/2025-08-18_13-38-09_Prat_Urgency_group3/pi-data_2025-08-18_13-38-09_Prat_Urgency_group3/box06/mic/20250818_141500.WAV,20250818_141500_subject092_062,092_062,F,EtOH_Control,134300
/datastar/behavior_rooms/2CAP/2025-08-18_13-38-09_Prat_Urgency_group3/pi-data_2025-08-18_13-38-09_Prat_Urgency_group3/box06/mic/20250818_142000.WAV,20250818_142000_subject092_062,092_062,F,EtOH_Control,134300
/datastar/behavior_rooms/2CAP/2025-08-18_13-38-09_Prat_Urgency_group3/pi-data_2025-08-18_13-38-09_Prat_Urgency_group3/box06/mic/20250818_142500.WAV,20250818_142500_subject092_062,092_062,F,EtOH_Control,134300
/datastar/behavior_rooms/2CAP/2025-08-18_13-38-09_Prat_Urgency_group3/pi-data_2025-08-18_13-38-09_Prat_Urgency_group3/box06/mic/20250818_143000.WAV,20250818_143000_subject092_062,092_062,F,EtOH_Control,134300
/datastar/behavior_rooms/2CAP/2025-08-18_13-38-09_Prat_Urgency_group3/pi-data_2025-08-18_13-38-09_Prat_Urgency_group3/box06/mic/20250818_143500.WAV,20250818_143500_subject092_062,092_062,F,EtOH_Control,134300
/datastar/behavior_rooms/2CAP/2025-08-18_13-38-09_Prat_Urgency_group3/pi-data_2025-08-18_13-38-09_Prat_Urgency_group3/box06/mic/20250818_144000.WAV,20250818_144000_subject092_062,092_062,F,EtOH_Control,134300
/datastar/behavior_rooms/2CAP/2025-08-18_13-38-09_Prat_Urgency_group3/pi-data_2025-08-18_13-38-09_Prat_Urgency_group3/box06/mic/20250818_144500.WAV,20250818_144500_subject092_062,092_062,F,EtOH_Control,134300
/datastar/behavior_rooms/2CAP/2025-08-18_13-38-09_Prat_Urgency_group3/pi-data_2025-08-18_13-38-09_Prat_Urgency_group3/box06/mic/20250818_145000.WAV,20250818_145000_subject092_062,092_062,F,EtOH_Control,134300
/datastar/behavior_rooms/2CAP/2025-08-18_13-38-09_Prat_Urgency_group3/pi-data_2025-08-18_13-38-09_Prat_Urgency_group3/box06/mic/20250818_145500.WAV,20250818_145500_subject092_062,092_062,F,EtOH_Control,134300
/datastar/behavior_rooms/2CAP/2025-08-18_13-38-09_Prat_Urgency_group3/pi-data_2025-08-18_13-38-09_Prat_Urgency_group3/box06/mic/20250818_150000.WAV,20250818_150000_subject092_062,092_062,F,EtOH_Control,134300
/datastar/behavior_rooms/2CAP/2025-08-18_13-38-09_Prat_Urgency_group3/pi-data_2025-08-18_13-38-09_Prat_Urgency_group3/box06/mic/20250818_150500.WAV,20250818_150500_subject092_062,092_062,F,EtOH_Control,134300
/datastar/behavior_rooms/2CAP/2025-08-18_13-38-09_Prat_Urgency_group3/pi-data_2025-08-18_13-38-09_Prat_Urgency_group3/box06/mic/20250818_151000.WAV,20250818_151000_subject092_062,092_062,F,EtOH_Control,134300
/datastar/behavior_rooms/2CAP/2025-08-18_13-38-09_Prat_Urgency_group3/pi-data_2025-08-18_13-38-09_Prat_Urgency_group3/box06/mic/20250818_151500.WAV,20250818_151500_subject092_062,092_062,F,EtOH_Control,134300
/datastar/behavior_rooms/2CAP/2025-08-18_13-38-09_Prat_Urgency_group3/pi-data_2025-08-18_13-38-09_Prat_Urgency_group3/box06/mic/20250818_152000.WAV,20250818_152000_subject092_062,092_062,F,EtOH_Control,134300
/datastar/behavior_rooms/2CAP/2025-08-18_13-38-09_Prat_Urgency_group3/pi-data_2025-08-18_13-38-09_Prat_Urgency_group3/box06/mic/20250818_152500.WAV,20250818_152500_subject092_062,092_062,F,EtOH_Control,134300
/datastar/behavior_rooms/2CAP/2025-08-18_13-38-09_Prat_Urgency_group3/pi-data_2025-08-18_13-38-09_Prat_Urgency_group3/box06/mic/20250818_153000.WAV,20250818_153000_subject092_062,092_062,F,EtOH_Control,134300
/datastar/behavior_rooms/2CAP/2025-08-18_13-38-09_Prat_Urgency_group3/pi-data_2025-08-18_13-38-09_Prat_Urgency_group3/box06/mic/20250818_153500.WAV,20250818_153500_subject092_062,092_062,F,EtOH_Control,134300
/datastar/behavior_rooms/2CAP/2025-08-18_13-38-09_Prat_Urgency_group3/pi-data_2025-08-18_13-38-09_Prat_Urgency_group3/box06/mic/20250818_154000.WAV,20250818_154000_subject092_062,092_062,F,EtOH_Control,134300
/datastar/behavior_rooms/2CAP/2025-08-18_13-38-09_Prat_Urgency_group3/pi-data_2025-08-18_13-38-09_Prat_Urgency_group3/box06/mic/20250818_154500.WAV,20250818_154500_subject092_062,092_062,F,EtOH_Control,134300
/datastar/behavior_rooms/2CAP/2025-08-18_13-38-09_Prat_Urgency_group3/pi-data_2025-08-18_13-38-09_Prat_Urgency_group3/box06/mic/20250818_155000.WAV,20250818_155000_subject092_062,092_062,F,EtOH_Control,134300
/datastar/behavior_rooms/2CAP/2025-08-18_13-38-09_Prat_Urgency_group3/pi-data_2025-08-18_13-38-09_Prat_Urgency_group3/box06/mic/20250818_155500.WAV,20250818_155500_subject092_062,092_062,F,EtOH_Control,134300
/datastar/behavior_rooms/2CAP/2025-08-18_13-38-09_Prat_Urgency_group3/pi-data_2025-08-18_13-38-09_Prat_Urgency_group3/box06/mic/20250818_160000.WAV,20250818_160000_subject092_062,092_062,F,EtOH_Control,134300
/datastar/behavior_rooms/2CAP/2025-08-18_13-38-09_Prat_Urgency_group3/pi-data_2025-08-18_13-38-09_Prat_Urgency_group3/box06/mic/20250818_160500.WAV,20250818_160500_subject092_062,092_062,F,EtOH_Control,134300
/datastar/behavior_rooms/2CAP/2025-08-18_13-38-09_Prat_Urgency_group3/pi-data_2025-08-18_13-38-09_Prat_Urgency_group3/box06/mic/20250818_161000.WAV,20250818_161000_subject092_062,092_062,F,EtOH_Control,134300
/datastar/behavior_rooms/2CAP/2025-08-18_15-04-33_Prat_Urgency_group4/pi-data_2025-08-18_15-04-33_Prat_Urgency_group4/box01/mic/20250818_150554.WAV,20250818_150554_subject064_094,064_094,F,Control_EtOH,150900
/datastar/behavior_rooms/2CAP/2025-08-18_15-04-33_Prat_Urgency_group4/pi-data_2025-08-18_15-04-33_Prat_Urgency_group4/box01/mic/20250818_151000.WAV,20250818_151000_subject064_094,064_094,F,Control_EtOH,150900
/datastar/behavior_rooms/2CAP/2025-08-18_15-04-33_Prat_Urgency_group4/pi-data_2025-08-18_15-04-33_Prat_Urgency_group4/box01/mic/20250818_151500.WAV,20250818_151500_subject064_094,064_094,F,Control_EtOH,150900
/datastar/behavior_rooms/2CAP/2025-08-18_15-04-33_Prat_Urgency_group4/pi-data_2025-08-18_15-04-33_Prat_Urgency_group4/box01/mic/20250818_152000.WAV,20250818_152000_subject064_094,064_094,F,Control_EtOH,150900
/datastar/behavior_rooms/2CAP/2025-08-18_15-04-33_Prat_Urgency_group4/pi-data_2025-08-18_15-04-33_Prat_Urgency_group4/box01/mic/20250818_152500.WAV,20250818_152500_subject064_094,064_094,F,Control_EtOH,150900
/datastar/behavior_rooms/2CAP/2025-08-18_15-04-33_Prat_Urgency_group4/pi-data_2025-08-18_15-04-33_Prat_Urgency_group4/box01/mic/20250818_153000.WAV,20250818_153000_subject064_094,064_094,F,Control_EtOH,150900
/datastar/behavior_rooms/2CAP/2025-08-18_15-04-33_Prat_Urgency_group4/pi-data_2025-08-18_15-04-33_Prat_Urgency_group4/box01/mic/20250818_153500.WAV,20250818_153500_subject064_094,064_094,F,Control_EtOH,150900
/datastar/behavior_rooms/2CAP/2025-08-18_15-04-33_Prat_Urgency_group4/pi-data_2025-08-18_15-04-33_Prat_Urgency_group4/box01/mic/20250818_154000.WAV,20250818_154000_subject064_094,064_094,F,Control_EtOH,150900
/datastar/behavior_rooms/2CAP/2025-08-18_15-04-33_Prat_Urgency_group4/pi-data_2025-08-18_15-04-33_Prat_Urgency_group4/box01/mic/20250818_154500.WAV,20250818_154500_subject064_094,064_094,F,Control_EtOH,150900
/datastar/behavior_rooms/2CAP/2025-08-18_15-04-33_Prat_Urgency_group4/pi-data_2025-08-18_15-04-33_Prat_Urgency_group4/box01/mic/20250818_155000.WAV,20250818_155000_subject064_094,064_094,F,Control_EtOH,150900
/datastar/behavior_rooms/2CAP/2025-08-18_15-04-33_Prat_Urgency_group4/pi-data_2025-08-18_15-04-33_Prat_Urgency_group4/box01/mic/20250818_155500.WAV,20250818_155500_subject064_094,064_094,F,Control_EtOH,150900
/datastar/behavior_rooms/2CAP/2025-08-18_15-04-33_Prat_Urgency_group4/pi-data_2025-08-18_15-04-33_Prat_Urgency_group4/box01/mic/20250818_160000.WAV,20250818_160000_subject064_094,064_094,F,Control_EtOH,150900
/datastar/behavior_rooms/2CAP/2025-08-18_15-04-33_Prat_Urgency_group4/pi-data_2025-08-18_15-04-33_Prat_Urgency_group4/box01/mic/20250818_160500.WAV,20250818_160500_subject064_094,064_094,F,Control_EtOH,150900
/datastar/behavior_rooms/2CAP/2025-08-18_15-04-33_Prat_Urgency_group4/pi-data_2025-08-18_15-04-33_Prat_Urgency_group4/box01/mic/20250818_161000.WAV,20250818_161000_subject064_094,064_094,F,Control_EtOH,150900
/datastar/behavior_rooms/2CAP/2025-08-18_15-04-33_Prat_Urgency_group4/pi-data_2025-08-18_15-04-33_Prat_Urgency_group4/box04/mic/20250818_150553.WAV,20250818_150553_subject068,068,F,Control,150900
/datastar/behavior_rooms/2CAP/2025-08-18_15-04-33_Prat_Urgency_group4/pi-data_2025-08-18_15-04-33_Prat_Urgency_group4/box04/mic/20250818_151000.WAV,20250818_151000_subject068,068,F,Control,150900
/datastar/behavior_rooms/2CAP/2025-08-18_15-04-33_Prat_Urgency_group4/pi-data_2025-08-18_15-04-33_Prat_Urgency_group4/box04/mic/20250818_151500.WAV,20250818_151500_subject068,068,F,Control,150900
/datastar/behavior_rooms/2CAP/2025-08-18_15-04-33_Prat_Urgency_group4/pi-data_2025-08-18_15-04-33_Prat_Urgency_group4/box04/mic/20250818_152000.WAV,20250818_152000_subject068,068,F,Control,150900
/datastar/behavior_rooms/2CAP/2025-08-18_15-04-33_Prat_Urgency_group4/pi-data_2025-08-18_15-04-33_Prat_Urgency_group4/box04/mic/20250818_152500.WAV,20250818_152500_subject068,068,F,Control,150900
/datastar/behavior_rooms/2CAP/2025-08-18_15-04-33_Prat_Urgency_group4/pi-data_2025-08-18_15-04-33_Prat_Urgency_group4/box04/mic/20250818_153000.WAV,20250818_153000_subject068,068,F,Control,150900
/datastar/behavior_rooms/2CAP/2025-08-18_15-04-33_Prat_Urgency_group4/pi-data_2025-08-18_15-04-33_Prat_Urgency_group4/box04/mic/20250818_153500.WAV,20250818_153500_subject068,068,F,Control,150900
/datastar/behavior_rooms/2CAP/2025-08-18_15-04-33_Prat_Urgency_group4/pi-data_2025-08-18_15-04-33_Prat_Urgency_group4/box04/mic/20250818_154000.WAV,20250818_154000_subject068,068,F,Control,150900
/datastar/behavior_rooms/2CAP/2025-08-18_15-04-33_Prat_Urgency_group4/pi-data_2025-08-18_15-04-33_Prat_Urgency_group4/box04/mic/20250818_154500.WAV,20250818_154500_subject068,068,F,Control,150900
/datastar/behavior_rooms/2CAP/2025-08-18_15-04-33_Prat_Urgency_group4/pi-data_2025-08-18_15-04-33_Prat_Urgency_group4/box04/mic/20250818_155000.WAV,20250818_155000_subject068,068,F,Control,150900
/datastar/behavior_rooms/2CAP/2025-08-18_15-04-33_Prat_Urgency_group4/pi-data_2025-08-18_15-04-33_Prat_Urgency_group4/box04/mic/20250818_155500.WAV,20250818_155500_subject068,068,F,Control,150900
/datastar/behavior_rooms/2CAP/2025-08-18_15-04-33_Prat_Urgency_group4/pi-data_2025-08-18_15-04-33_Prat_Urgency_group4/box04/mic/20250818_160000.WAV,20250818_160000_subject068,068,F,Control,150900
/datastar/behavior_rooms/2CAP/2025-08-18_15-04-33_Prat_Urgency_group4/pi-data_2025-08-18_15-04-33_Prat_Urgency_group4/box04/mic/20250818_160500.WAV,20250818_160500_subject068,068,F,Control,150900
/datastar/behavior_rooms/2CAP/2025-08-18_15-04-33_Prat_Urgency_group4/pi-data_2025-08-18_15-04-33_Prat_Urgency_group4/box04/mic/20250818_161000.WAV,20250818_161000_subject068,068,F,Control,150900
/datastar/behavior_rooms/2CAP/2025-08-18_15-04-33_Prat_Urgency_group4/pi-data_2025-08-18_15-04-33_Prat_Urgency_group4/box03/mic/20250818_150553.WAV,20250818_150553_subject070_066,070_066,F,Control_Control,150900
/datastar/behavior_rooms/2CAP/2025-08-18_15-04-33_Prat_Urgency_group4/pi-data_2025-08-18_15-04-33_Prat_Urgency_group4/box03/mic/20250818_151000.WAV,20250818_151000_subject070_066,070_066,F,Control_Control,150900
/datastar/behavior_rooms/2CAP/2025-08-18_15-04-33_Prat_Urgency_group4/pi-data_2025-08-18_15-04-33_Prat_Urgency_group4/box03/mic/20250818_151500.WAV,20250818_151500_subject070_066,070_066,F,Control_Control,150900
/datastar/behavior_rooms/2CAP/2025-08-18_15-04-33_Prat_Urgency_group4/pi-data_2025-08-18_15-04-33_Prat_Urgency_group4/box03/mic/20250818_152000.WAV,20250818_152000_subject070_066,070_066,F,Control_Control,150900
/datastar/behavior_rooms/2CAP/2025-08-18_15-04-33_Prat_Urgency_group4/pi-data_2025-08-18_15-04-33_Prat_Urgency_group4/box03/mic/20250818_152500.WAV,20250818_152500_subject070_066,070_066,F,Control_Control,150900
/datastar/behavior_rooms/2CAP/2025-08-18_15-04-33_Prat_Urgency_group4/pi-data_2025-08-18_15-04-33_Prat_Urgency_group4/box03/mic/20250818_153000.WAV,20250818_153000_subject070_066,070_066,F,Control_Control,150900
/datastar/behavior_rooms/2CAP/2025-08-18_15-04-33_Prat_Urgency_group4/pi-data_2025-08-18_15-04-33_Prat_Urgency_group4/box03/mic/20250818_153500.WAV,20250818_153500_subject070_066,070_066,F,Control_Control,150900
/datastar/behavior_rooms/2CAP/2025-08-18_15-04-33_Prat_Urgency_group4/pi-data_2025-08-18_15-04-33_Prat_Urgency_group4/box03/mic/20250818_154000.WAV,20250818_154000_subject070_066,070_066,F,Control_Control,150900
/datastar/behavior_rooms/2CAP/2025-08-18_15-04-33_Prat_Urgency_group4/pi-data_2025-08-18_15-04-33_Prat_Urgency_group4/box03/mic/20250818_154500.WAV,20250818_154500_subject070_066,070_066,F,Control_Control,150900
/datastar/behavior_rooms/2CAP/2025-08-18_15-04-33_Prat_Urgency_group4/pi-data_2025-08-18_15-04-33_Prat_Urgency_group4/box03/mic/20250818_155000.WAV,20250818_155000_subject070_066,070_066,F,Control_Control,150900
/datastar/behavior_rooms/2CAP/2025-08-18_15-04-33_Prat_Urgency_group4/pi-data_2025-08-18_15-04-33_Prat_Urgency_group4/box03/mic/20250818_155500.WAV,20250818_155500_subject070_066,070_066,F,Control_Control,150900
/datastar/behavior_rooms/2CAP/2025-08-18_15-04-33_Prat_Urgency_group4/pi-data_2025-08-18_15-04-33_Prat_Urgency_group4/box03/mic/20250818_160000.WAV,20250818_160000_subject070_066,070_066,F,Control_Control,150900
/datastar/behavior_rooms/2CAP/2025-08-18_15-04-33_Prat_Urgency_group4/pi-data_2025-08-18_15-04-33_Prat_Urgency_group4/box03/mic/20250818_160500.WAV,20250818_160500_subject070_066,070_066,F,Control_Control,150900
/datastar/behavior_rooms/2CAP/2025-08-18_15-04-33_Prat_Urgency_group4/pi-data_2025-08-18_15-04-33_Prat_Urgency_group4/box03/mic/20250818_161000.WAV,20250818_161000_subject070_066,070_066,F,Control_Control,150900
/datastar/behavior_rooms/2CAP/2025-08-18_15-04-33_Prat_Urgency_group4/pi-data_2025-08-18_15-04-33_Prat_Urgency_group4/box02/mic/20250818_150553.WAV,20250818_150553_subject081,081,M,EtOH,150900
/datastar/behavior_rooms/2CAP/2025-08-18_15-04-33_Prat_Urgency_group4/pi-data_2025-08-18_15-04-33_Prat_Urgency_group4/box02/mic/20250818_151000.WAV,20250818_151000_subject081,081,M,EtOH,150900
/datastar/behavior_rooms/2CAP/2025-08-18_15-04-33_Prat_Urgency_group4/pi-data_2025-08-18_15-04-33_Prat_Urgency_group4/box02/mic/20250818_151500.WAV,20250818_151500_subject081,081,M,EtOH,150900
/datastar/behavior_rooms/2CAP/2025-08-18_15-04-33_Prat_Urgency_group4/pi-data_2025-08-18_15-04-33_Prat_Urgency_group4/box02/mic/20250818_152000.WAV,20250818_152000_subject081,081,M,EtOH,150900
/datastar/behavior_rooms/2CAP/2025-08-18_15-04-33_Prat_Urgency_group4/pi-data_2025-08-18_15-04-33_Prat_Urgency_group4/box02/mic/20250818_152500.WAV,20250818_152500_subject081,081,M,EtOH,150900
/datastar/behavior_rooms/2CAP/2025-08-18_15-04-33_Prat_Urgency_group4/pi-data_2025-08-18_15-04-33_Prat_Urgency_group4/box02/mic/20250818_153000.WAV,20250818_153000_subject081,081,M,EtOH,150900
/datastar/behavior_rooms/2CAP/2025-08-18_15-04-33_Prat_Urgency_group4/pi-data_2025-08-18_15-04-33_Prat_Urgency_group4/box02/mic/20250818_153500.WAV,20250818_153500_subject081,081,M,EtOH,150900
/datastar/behavior_rooms/2CAP/2025-08-18_15-04-33_Prat_Urgency_group4/pi-data_2025-08-18_15-04-33_Prat_Urgency_group4/box02/mic/20250818_154000.WAV,20250818_154000_subject081,081,M,EtOH,150900
/datastar/behavior_rooms/2CAP/2025-08-18_15-04-33_Prat_Urgency_group4/pi-data_2025-08-18_15-04-33_Prat_Urgency_group4/box02/mic/20250818_154500.WAV,20250818_154500_subject081,081,M,EtOH,150900
/datastar/behavior_rooms/2CAP/2025-08-18_15-04-33_Prat_Urgency_group4/pi-data_2025-08-18_15-04-33_Prat_Urgency_group4/box02/mic/20250818_155000.WAV,20250818_155000_subject081,081,M,EtOH,150900
/datastar/behavior_rooms/2CAP/2025-08-18_15-04-33_Prat_Urgency_group4/pi-data_2025-08-18_15-04-33_Prat_Urgency_group4/box02/mic/20250818_155500.WAV,20250818_155500_subject081,081,M,EtOH,150900
/datastar/behavior_rooms/2CAP/2025-08-18_15-04-33_Prat_Urgency_group4/pi-data_2025-08-18_15-04-33_Prat_Urgency_group4/box02/mic/20250818_160000.WAV,20250818_160000_subject081,081,M,EtOH,150900
/datastar/behavior_rooms/2CAP/2025-08-18_15-04-33_Prat_Urgency_group4/pi-data_2025-08-18_15-04-33_Prat_Urgency_group4/box02/mic/20250818_160500.WAV,20250818_160500_subject081,081,M,EtOH,150900
/datastar/behavior_rooms/2CAP/2025-08-18_15-04-33_Prat_Urgency_group4/pi-data_2025-08-18_15-04-33_Prat_Urgency_group4/box02/mic/20250818_161000.WAV,20250818_161000_subject081,081,M,EtOH,150900
/datastar/behavior_rooms/2CAP/2025-08-18_15-04-33_Prat_Urgency_group4/pi-data_2025-08-18_15-04-33_Prat_Urgency_group4/box05/mic/20250818_150554.WAV,20250818_150554_subject083_063,083_063,M,EtOH_Control,150900
/datastar/behavior_rooms/2CAP/2025-08-18_15-04-33_Prat_Urgency_group4/pi-data_2025-08-18_15-04-33_Prat_Urgency_group4/box05/mic/20250818_151000.WAV,20250818_151000_subject083_063,083_063,M,EtOH_Control,150900
/datastar/behavior_rooms/2CAP/2025-08-18_15-04-33_Prat_Urgency_group4/pi-data_2025-08-18_15-04-33_Prat_Urgency_group4/box05/mic/20250818_151500.WAV,20250818_151500_subject083_063,083_063,M,EtOH_Control,150900
/datastar/behavior_rooms/2CAP/2025-08-18_15-04-33_Prat_Urgency_group4/pi-data_2025-08-18_15-04-33_Prat_Urgency_group4/box05/mic/20250818_152000.WAV,20250818_152000_subject083_063,083_063,M,EtOH_Control,150900
/datastar/behavior_rooms/2CAP/2025-08-18_15-04-33_Prat_Urgency_group4/pi-data_2025-08-18_15-04-33_Prat_Urgency_group4/box05/mic/20250818_152500.WAV,20250818_152500_subject083_063,083_063,M,EtOH_Control,150900
/datastar/behavior_rooms/2CAP/2025-08-18_15-04-33_Prat_Urgency_group4/pi-data_2025-08-18_15-04-33_Prat_Urgency_group4/box05/mic/20250818_153000.WAV,20250818_153000_subject083_063,083_063,M,EtOH_Control,150900
/datastar/behavior_rooms/2CAP/2025-08-18_15-04-33_Prat_Urgency_group4/pi-data_2025-08-18_15-04-33_Prat_Urgency_group4/box05/mic/20250818_153500.WAV,20250818_153500_subject083_063,083_063,M,EtOH_Control,150900
/datastar/behavior_rooms/2CAP/2025-08-18_15-04-33_Prat_Urgency_group4/pi-data_2025-08-18_15-04-33_Prat_Urgency_group4/box05/mic/20250818_154000.WAV,20250818_154000_subject083_063,083_063,M,EtOH_Control,150900
/datastar/behavior_rooms/2CAP/2025-08-18_15-04-33_Prat_Urgency_group4/pi-data_2025-08-18_15-04-33_Prat_Urgency_group4/box05/mic/20250818_154500.WAV,20250818_154500_subject083_063,083_063,M,EtOH_Control,150900
/datastar/behavior_rooms/2CAP/2025-08-18_15-04-33_Prat_Urgency_group4/pi-data_2025-08-18_15-04-33_Prat_Urgency_group4/box05/mic/20250818_155000.WAV,20250818_155000_subject083_063,083_063,M,EtOH_Control,150900
/datastar/behavior_rooms/2CAP/2025-08-18_15-04-33_Prat_Urgency_group4/pi-data_2025-08-18_15-04-33_Prat_Urgency_group4/box05/mic/20250818_155500.WAV,20250818_155500_subject083_063,083_063,M,EtOH_Control,150900
/datastar/behavior_rooms/2CAP/2025-08-18_15-04-33_Prat_Urgency_group4/pi-data_2025-08-18_15-04-33_Prat_Urgency_group4/box05/mic/20250818_160000.WAV,20250818_160000_subject083_063,083_063,M,EtOH_Control,150900
/datastar/behavior_rooms/2CAP/2025-08-18_15-04-33_Prat_Urgency_group4/pi-data_2025-08-18_15-04-33_Prat_Urgency_group4/box05/mic/20250818_160500.WAV,20250818_160500_subject083_063,083_063,M,EtOH_Control,150900
/datastar/behavior_rooms/2CAP/2025-08-18_15-04-33_Prat_Urgency_group4/pi-data_2025-08-18_15-04-33_Prat_Urgency_group4/box05/mic/20250818_161000.WAV,20250818_161000_subject083_063,083_063,M,EtOH_Control,150900
/datastar/behavior_rooms/2CAP/2025-08-18_15-04-33_Prat_Urgency_group4/pi-data_2025-08-18_15-04-33_Prat_Urgency_group4/box06/mic/20250818_150553.WAV,20250818_150553_subject095_087,095_087,M,EtOH_EtOH,150900
/datastar/behavior_rooms/2CAP/2025-08-18_15-04-33_Prat_Urgency_group4/pi-data_2025-08-18_15-04-33_Prat_Urgency_group4/box06/mic/20250818_151000.WAV,20250818_151000_subject095_087,095_087,M,EtOH_EtOH,150900
/datastar/behavior_rooms/2CAP/2025-08-18_15-04-33_Prat_Urgency_group4/pi-data_2025-08-18_15-04-33_Prat_Urgency_group4/box06/mic/20250818_151500.WAV,20250818_151500_subject095_087,095_087,M,EtOH_EtOH,150900
/datastar/behavior_rooms/2CAP/2025-08-18_15-04-33_Prat_Urgency_group4/pi-data_2025-08-18_15-04-33_Prat_Urgency_group4/box06/mic/20250818_152000.WAV,20250818_152000_subject095_087,095_087,M,EtOH_EtOH,150900
/datastar/behavior_rooms/2CAP/2025-08-18_15-04-33_Prat_Urgency_group4/pi-data_2025-08-18_15-04-33_Prat_Urgency_group4/box06/mic/20250818_152500.WAV,20250818_152500_subject095_087,095_087,M,EtOH_EtOH,150900
/datastar/behavior_rooms/2CAP/2025-08-18_15-04-33_Prat_Urgency_group4/pi-data_2025-08-18_15-04-33_Prat_Urgency_group4/box06/mic/20250818_153000.WAV,20250818_153000_subject095_087,095_087,M,EtOH_EtOH,150900
/datastar/behavior_rooms/2CAP/2025-08-18_15-04-33_Prat_Urgency_group4/pi-data_2025-08-18_15-04-33_Prat_Urgency_group4/box06/mic/20250818_153500.WAV,20250818_153500_subject095_087,095_087,M,EtOH_EtOH,150900
/datastar/behavior_rooms/2CAP/2025-08-18_15-04-33_Prat_Urgency_group4/pi-data_2025-08-18_15-04-33_Prat_Urgency_group4/box06/mic/20250818_154000.WAV,20250818_154000_subject095_087,095_087,M,EtOH_EtOH,150900
/datastar/behavior_rooms/2CAP/2025-08-18_15-04-33_Prat_Urgency_group4/pi-data_2025-08-18_15-04-33_Prat_Urgency_group4/box06/mic/20250818_154500.WAV,20250818_154500_subject095_087,095_087,M,EtOH_EtOH,150900
/datastar/behavior_rooms/2CAP/2025-08-18_15-04-33_Prat_Urgency_group4/pi-data_2025-08-18_15-04-33_Prat_Urgency_group4/box06/mic/20250818_155000.WAV,20250818_155000_subject095_087,095_087,M,EtOH_EtOH,150900
/datastar/behavior_rooms/2CAP/2025-08-18_15-04-33_Prat_Urgency_group4/pi-data_2025-08-18_15-04-33_Prat_Urgency_group4/box06/mic/20250818_155500.WAV,20250818_155500_subject095_087,095_087,M,EtOH_EtOH,150900
/datastar/behavior_rooms/2CAP/2025-08-18_15-04-33_Prat_Urgency_group4/pi-data_2025-08-18_15-04-33_Prat_Urgency_group4/box06/mic/20250818_160000.WAV,20250818_160000_subject095_087,095_087,M,EtOH_EtOH,150900
/datastar/behavior_rooms/2CAP/2025-08-18_15-04-33_Prat_Urgency_group4/pi-data_2025-08-18_15-04-33_Prat_Urgency_group4/box06/mic/20250818_160500.WAV,20250818_160500_subject095_087,095_087,M,EtOH_EtOH,150900
/datastar/behavior_rooms/2CAP/2025-08-18_15-04-33_Prat_Urgency_group4/pi-data_2025-08-18_15-04-33_Prat_Urgency_group4/box06/mic/20250818_161000.WAV,20250818_161000_subject095_087,095_087,M,EtOH_EtOH,150900
/datastar/behavior_rooms/2CAP/2025-08-19_11-01-25_Prat_Urgency_group1/pi-data_2025-08-19_11-01-25_Prat_Urgency_group1/box03/mic/20250819_110703.WAV,20250819_110703_subject059_085,059_085,M,Control_EtOH,110953
/datastar/behavior_rooms/2CAP/2025-08-19_11-01-25_Prat_Urgency_group1/pi-data_2025-08-19_11-01-25_Prat_Urgency_group1/box03/mic/20250819_111000.WAV,20250819_111000_subject059_085,059_085,M,Control_EtOH,110953
/datastar/behavior_rooms/2CAP/2025-08-19_11-01-25_Prat_Urgency_group1/pi-data_2025-08-19_11-01-25_Prat_Urgency_group1/box03/mic/20250819_111500.WAV,20250819_111500_subject059_085,059_085,M,Control_EtOH,110953
/datastar/behavior_rooms/2CAP/2025-08-19_11-01-25_Prat_Urgency_group1/pi-data_2025-08-19_11-01-25_Prat_Urgency_group1/box03/mic/20250819_112000.WAV,20250819_112000_subject059_085,059_085,M,Control_EtOH,110953
/datastar/behavior_rooms/2CAP/2025-08-19_11-01-25_Prat_Urgency_group1/pi-data_2025-08-19_11-01-25_Prat_Urgency_group1/box03/mic/20250819_112500.WAV,20250819_112500_subject059_085,059_085,M,Control_EtOH,110953
/datastar/behavior_rooms/2CAP/2025-08-19_11-01-25_Prat_Urgency_group1/pi-data_2025-08-19_11-01-25_Prat_Urgency_group1/box03/mic/20250819_113000.WAV,20250819_113000_subject059_085,059_085,M,Control_EtOH,110953
/datastar/behavior_rooms/2CAP/2025-08-19_11-01-25_Prat_Urgency_group1/pi-data_2025-08-19_11-01-25_Prat_Urgency_group1/box03/mic/20250819_113500.WAV,20250819_113500_subject059_085,059_085,M,Control_EtOH,110953
/datastar/behavior_rooms/2CAP/2025-08-19_11-01-25_Prat_Urgency_group1/pi-data_2025-08-19_11-01-25_Prat_Urgency_group1/box03/mic/20250819_114000.WAV,20250819_114000_subject059_085,059_085,M,Control_EtOH,110953
/datastar/behavior_rooms/2CAP/2025-08-19_11-01-25_Prat_Urgency_group1/pi-data_2025-08-19_11-01-25_Prat_Urgency_group1/box03/mic/20250819_114500.WAV,20250819_114500_subject059_085,059_085,M,Control_EtOH,110953
/datastar/behavior_rooms/2CAP/2025-08-19_11-01-25_Prat_Urgency_group1/pi-data_2025-08-19_11-01-25_Prat_Urgency_group1/box03/mic/20250819_115000.WAV,20250819_115000_subject059_085,059_085,M,Control_EtOH,110953
/datastar/behavior_rooms/2CAP/2025-08-19_11-01-25_Prat_Urgency_group1/pi-data_2025-08-19_11-01-25_Prat_Urgency_group1/box03/mic/20250819_115500.WAV,20250819_115500_subject059_085,059_085,M,Control_EtOH,110953
/datastar/behavior_rooms/2CAP/2025-08-19_11-01-25_Prat_Urgency_group1/pi-data_2025-08-19_11-01-25_Prat_Urgency_group1/box03/mic/20250819_120000.WAV,20250819_120000_subject059_085,059_085,M,Control_EtOH,110953
/datastar/behavior_rooms/2CAP/2025-08-19_11-01-25_Prat_Urgency_group1/pi-data_2025-08-19_11-01-25_Prat_Urgency_group1/box03/mic/20250819_120500.WAV,20250819_120500_subject059_085,059_085,M,Control_EtOH,110953
/datastar/behavior_rooms/2CAP/2025-08-19_11-01-25_Prat_Urgency_group1/pi-data_2025-08-19_11-01-25_Prat_Urgency_group1/box03/mic/20250819_121000.WAV,20250819_121000_subject059_085,059_085,M,Control_EtOH,110953
/datastar/behavior_rooms/2CAP/2025-08-19_11-01-25_Prat_Urgency_group1/pi-data_2025-08-19_11-01-25_Prat_Urgency_group1/box04/mic/20250819_110703.WAV,20250819_110703_subject065_061,065_061,M,Control_Control,111035
/datastar/behavior_rooms/2CAP/2025-08-19_11-01-25_Prat_Urgency_group1/pi-data_2025-08-19_11-01-25_Prat_Urgency_group1/box04/mic/20250819_111000.WAV,20250819_111000_subject065_061,065_061,M,Control_Control,111035
/datastar/behavior_rooms/2CAP/2025-08-19_11-01-25_Prat_Urgency_group1/pi-data_2025-08-19_11-01-25_Prat_Urgency_group1/box04/mic/20250819_111500.WAV,20250819_111500_subject065_061,065_061,M,Control_Control,111035
/datastar/behavior_rooms/2CAP/2025-08-19_11-01-25_Prat_Urgency_group1/pi-data_2025-08-19_11-01-25_Prat_Urgency_group1/box04/mic/20250819_112000.WAV,20250819_112000_subject065_061,065_061,M,Control_Control,111035
/datastar/behavior_rooms/2CAP/2025-08-19_11-01-25_Prat_Urgency_group1/pi-data_2025-08-19_11-01-25_Prat_Urgency_group1/box04/mic/20250819_112500.WAV,20250819_112500_subject065_061,065_061,M,Control_Control,111035
/datastar/behavior_rooms/2CAP/2025-08-19_11-01-25_Prat_Urgency_group1/pi-data_2025-08-19_11-01-25_Prat_Urgency_group1/box04/mic/20250819_113000.WAV,20250819_113000_subject065_061,065_061,M,Control_Control,111035
/datastar/behavior_rooms/2CAP/2025-08-19_11-01-25_Prat_Urgency_group1/pi-data_2025-08-19_11-01-25_Prat_Urgency_group1/box04/mic/20250819_113500.WAV,20250819_113500_subject065_061,065_061,M,Control_Control,111035
/datastar/behavior_rooms/2CAP/2025-08-19_11-01-25_Prat_Urgency_group1/pi-data_2025-08-19_11-01-25_Prat_Urgency_group1/box04/mic/20250819_114000.WAV,20250819_114000_subject065_061,065_061,M,Control_Control,111035
/datastar/behavior_rooms/2CAP/2025-08-19_11-01-25_Prat_Urgency_group1/pi-data_2025-08-19_11-01-25_Prat_Urgency_group1/box04/mic/20250819_114500.WAV,20250819_114500_subject065_061,065_061,M,Control_Control,111035
/datastar/behavior_rooms/2CAP/2025-08-19_11-01-25_Prat_Urgency_group1/pi-data_2025-08-19_11-01-25_Prat_Urgency_group1/box04/mic/20250819_115000.WAV,20250819_115000_subject065_061,065_061,M,Control_Control,111035
/datastar/behavior_rooms/2CAP/2025-08-19_11-01-25_Prat_Urgency_group1/pi-data_2025-08-19_11-01-25_Prat_Urgency_group1/box04/mic/20250819_115500.WAV,20250819_115500_subject065_061,065_061,M,Control_Control,111035
/datastar/behavior_rooms/2CAP/2025-08-19_11-01-25_Prat_Urgency_group1/pi-data_2025-08-19_11-01-25_Prat_Urgency_group1/box04/mic/20250819_120000.WAV,20250819_120000_subject065_061,065_061,M,Control_Control,111035
/datastar/behavior_rooms/2CAP/2025-08-19_11-01-25_Prat_Urgency_group1/pi-data_2025-08-19_11-01-25_Prat_Urgency_group1/box04/mic/20250819_120500.WAV,20250819_120500_subject065_061,065_061,M,Control_Control,111035
/datastar/behavior_rooms/2CAP/2025-08-19_11-01-25_Prat_Urgency_group1/pi-data_2025-08-19_11-01-25_Prat_Urgency_group1/box04/mic/20250819_121000.WAV,20250819_121000_subject065_061,065_061,M,Control_Control,111035
/datastar/behavior_rooms/2CAP/2025-08-19_11-01-25_Prat_Urgency_group1/pi-data_2025-08-19_11-01-25_Prat_Urgency_group1/box05/mic/20250819_110703.WAV,20250819_110703_subject076,076,F,Control,111100
/datastar/behavior_rooms/2CAP/2025-08-19_11-01-25_Prat_Urgency_group1/pi-data_2025-08-19_11-01-25_Prat_Urgency_group1/box05/mic/20250819_111000.WAV,20250819_111000_subject076,076,F,Control,111100
/datastar/behavior_rooms/2CAP/2025-08-19_11-01-25_Prat_Urgency_group1/pi-data_2025-08-19_11-01-25_Prat_Urgency_group1/box05/mic/20250819_111500.WAV,20250819_111500_subject076,076,F,Control,111100
/datastar/behavior_rooms/2CAP/2025-08-19_11-01-25_Prat_Urgency_group1/pi-data_2025-08-19_11-01-25_Prat_Urgency_group1/box05/mic/20250819_112000.WAV,20250819_112000_subject076,076,F,Control,111100
/datastar/behavior_rooms/2CAP/2025-08-19_11-01-25_Prat_Urgency_group1/pi-data_2025-08-19_11-01-25_Prat_Urgency_group1/box05/mic/20250819_112500.WAV,20250819_112500_subject076,076,F,Control,111100
/datastar/behavior_rooms/2CAP/2025-08-19_11-01-25_Prat_Urgency_group1/pi-data_2025-08-19_11-01-25_Prat_Urgency_group1/box05/mic/20250819_113000.WAV,20250819_113000_subject076,076,F,Control,111100
/datastar/behavior_rooms/2CAP/2025-08-19_11-01-25_Prat_Urgency_group1/pi-data_2025-08-19_11-01-25_Prat_Urgency_group1/box05/mic/20250819_113500.WAV,20250819_113500_subject076,076,F,Control,111100
/datastar/behavior_rooms/2CAP/2025-08-19_11-01-25_Prat_Urgency_group1/pi-data_2025-08-19_11-01-25_Prat_Urgency_group1/box05/mic/20250819_114000.WAV,20250819_114000_subject076,076,F,Control,111100
/datastar/behavior_rooms/2CAP/2025-08-19_11-01-25_Prat_Urgency_group1/pi-data_2025-08-19_11-01-25_Prat_Urgency_group1/box05/mic/20250819_114500.WAV,20250819_114500_subject076,076,F,Control,111100
/datastar/behavior_rooms/2CAP/2025-08-19_11-01-25_Prat_Urgency_group1/pi-data_2025-08-19_11-01-25_Prat_Urgency_group1/box05/mic/20250819_115000.WAV,20250819_115000_subject076,076,F,Control,111100
/datastar/behavior_rooms/2CAP/2025-08-19_11-01-25_Prat_Urgency_group1/pi-data_2025-08-19_11-01-25_Prat_Urgency_group1/box05/mic/20250819_115500.WAV,20250819_115500_subject076,076,F,Control,111100
/datastar/behavior_rooms/2CAP/2025-08-19_11-01-25_Prat_Urgency_group1/pi-data_2025-08-19_11-01-25_Prat_Urgency_group1/box05/mic/20250819_120000.WAV,20250819_120000_subject076,076,F,Control,111100
/datastar/behavior_rooms/2CAP/2025-08-19_11-01-25_Prat_Urgency_group1/pi-data_2025-08-19_11-01-25_Prat_Urgency_group1/box05/mic/20250819_120500.WAV,20250819_120500_subject076,076,F,Control,111100
/datastar/behavior_rooms/2CAP/2025-08-19_11-01-25_Prat_Urgency_group1/pi-data_2025-08-19_11-01-25_Prat_Urgency_group1/box05/mic/20250819_121000.WAV,20250819_121000_subject076,076,F,Control,111100
/datastar/behavior_rooms/2CAP/2025-08-19_11-01-25_Prat_Urgency_group1/pi-data_2025-08-19_11-01-25_Prat_Urgency_group1/box01/mic/20250819_110703.WAV,20250819_110703_subject082_072,082_072,F,EtOH_Control,110815
/datastar/behavior_rooms/2CAP/2025-08-19_11-01-25_Prat_Urgency_group1/pi-data_2025-08-19_11-01-25_Prat_Urgency_group1/box01/mic/20250819_111000.WAV,20250819_111000_subject082_072,082_072,F,EtOH_Control,110815
/datastar/behavior_rooms/2CAP/2025-08-19_11-01-25_Prat_Urgency_group1/pi-data_2025-08-19_11-01-25_Prat_Urgency_group1/box01/mic/20250819_111500.WAV,20250819_111500_subject082_072,082_072,F,EtOH_Control,110815
/datastar/behavior_rooms/2CAP/2025-08-19_11-01-25_Prat_Urgency_group1/pi-data_2025-08-19_11-01-25_Prat_Urgency_group1/box01/mic/20250819_112000.WAV,20250819_112000_subject082_072,082_072,F,EtOH_Control,110815
/datastar/behavior_rooms/2CAP/2025-08-19_11-01-25_Prat_Urgency_group1/pi-data_2025-08-19_11-01-25_Prat_Urgency_group1/box01/mic/20250819_112500.WAV,20250819_112500_subject082_072,082_072,F,EtOH_Control,110815
/datastar/behavior_rooms/2CAP/2025-08-19_11-01-25_Prat_Urgency_group1/pi-data_2025-08-19_11-01-25_Prat_Urgency_group1/box01/mic/20250819_113000.WAV,20250819_113000_subject082_072,082_072,F,EtOH_Control,110815
/datastar/behavior_rooms/2CAP/2025-08-19_11-01-25_Prat_Urgency_group1/pi-data_2025-08-19_11-01-25_Prat_Urgency_group1/box01/mic/20250819_113500.WAV,20250819_113500_subject082_072,082_072,F,EtOH_Control,110815
/datastar/behavior_rooms/2CAP/2025-08-19_11-01-25_Prat_Urgency_group1/pi-data_2025-08-19_11-01-25_Prat_Urgency_group1/box01/mic/20250819_114000.WAV,20250819_114000_subject082_072,082_072,F,EtOH_Control,110815
/datastar/behavior_rooms/2CAP/2025-08-19_11-01-25_Prat_Urgency_group1/pi-data_2025-08-19_11-01-25_Prat_Urgency_group1/box01/mic/20250819_114500.WAV,20250819_114500_subject082_072,082_072,F,EtOH_Control,110815
/datastar/behavior_rooms/2CAP/2025-08-19_11-01-25_Prat_Urgency_group1/pi-data_2025-08-19_11-01-25_Prat_Urgency_group1/box01/mic/20250819_115000.WAV,20250819_115000_subject082_072,082_072,F,EtOH_Control,110815
/datastar/behavior_rooms/2CAP/2025-08-19_11-01-25_Prat_Urgency_group1/pi-data_2025-08-19_11-01-25_Prat_Urgency_group1/box01/mic/20250819_115500.WAV,20250819_115500_subject082_072,082_072,F,EtOH_Control,110815
/datastar/behavior_rooms/2CAP/2025-08-19_11-01-25_Prat_Urgency_group1/pi-data_2025-08-19_11-01-25_Prat_Urgency_group1/box01/mic/20250819_120000.WAV,20250819_120000_subject082_072,082_072,F,EtOH_Control,110815
/datastar/behavior_rooms/2CAP/2025-08-19_11-01-25_Prat_Urgency_group1/pi-data_2025-08-19_11-01-25_Prat_Urgency_group1/box01/mic/20250819_120500.WAV,20250819_120500_subject082_072,082_072,F,EtOH_Control,110815
/datastar/behavior_rooms/2CAP/2025-08-19_11-01-25_Prat_Urgency_group1/pi-data_2025-08-19_11-01-25_Prat_Urgency_group1/box01/mic/20250819_121000.WAV,20250819_121000_subject082_072,082_072,F,EtOH_Control,110815
/datastar/behavior_rooms/2CAP/2025-08-19_11-01-25_Prat_Urgency_group1/pi-data_2025-08-19_11-01-25_Prat_Urgency_group1/box06/mic/20250819_110703.WAV,20250819_110703_subject089,089,M,EtOH,111141
/datastar/behavior_rooms/2CAP/2025-08-19_11-01-25_Prat_Urgency_group1/pi-data_2025-08-19_11-01-25_Prat_Urgency_group1/box06/mic/20250819_111000.WAV,20250819_111000_subject089,089,M,EtOH,111141
/datastar/behavior_rooms/2CAP/2025-08-19_11-01-25_Prat_Urgency_group1/pi-data_2025-08-19_11-01-25_Prat_Urgency_group1/box06/mic/20250819_111500.WAV,20250819_111500_subject089,089,M,EtOH,111141
/datastar/behavior_rooms/2CAP/2025-08-19_11-01-25_Prat_Urgency_group1/pi-data_2025-08-19_11-01-25_Prat_Urgency_group1/box06/mic/20250819_112000.WAV,20250819_112000_subject089,089,M,EtOH,111141
/datastar/behavior_rooms/2CAP/2025-08-19_11-01-25_Prat_Urgency_group1/pi-data_2025-08-19_11-01-25_Prat_Urgency_group1/box06/mic/20250819_112500.WAV,20250819_112500_subject089,089,M,EtOH,111141
/datastar/behavior_rooms/2CAP/2025-08-19_11-01-25_Prat_Urgency_group1/pi-data_2025-08-19_11-01-25_Prat_Urgency_group1/box06/mic/20250819_113000.WAV,20250819_113000_subject089,089,M,EtOH,111141
/datastar/behavior_rooms/2CAP/2025-08-19_11-01-25_Prat_Urgency_group1/pi-data_2025-08-19_11-01-25_Prat_Urgency_group1/box06/mic/20250819_113500.WAV,20250819_113500_subject089,089,M,EtOH,111141
/datastar/behavior_rooms/2CAP/2025-08-19_11-01-25_Prat_Urgency_group1/pi-data_2025-08-19_11-01-25_Prat_Urgency_group1/box06/mic/20250819_114000.WAV,20250819_114000_subject089,089,M,EtOH,111141
/datastar/behavior_rooms/2CAP/2025-08-19_11-01-25_Prat_Urgency_group1/pi-data_2025-08-19_11-01-25_Prat_Urgency_group1/box06/mic/20250819_114500.WAV,20250819_114500_subject089,089,M,EtOH,111141
/datastar/behavior_rooms/2CAP/2025-08-19_11-01-25_Prat_Urgency_group1/pi-data_2025-08-19_11-01-25_Prat_Urgency_group1/box06/mic/20250819_115000.WAV,20250819_115000_subject089,089,M,EtOH,111141
/datastar/behavior_rooms/2CAP/2025-08-19_11-01-25_Prat_Urgency_group1/pi-data_2025-08-19_11-01-25_Prat_Urgency_group1/box06/mic/20250819_115500.WAV,20250819_115500_subject089,089,M,EtOH,111141
/datastar/behavior_rooms/2CAP/2025-08-19_11-01-25_Prat_Urgency_group1/pi-data_2025-08-19_11-01-25_Prat_Urgency_group1/box06/mic/20250819_120000.WAV,20250819_120000_subject089,089,M,EtOH,111141
/datastar/behavior_rooms/2CAP/2025-08-19_11-01-25_Prat_Urgency_group1/pi-data_2025-08-19_11-01-25_Prat_Urgency_group1/box06/mic/20250819_120500.WAV,20250819_120500_subject089,089,M,EtOH,111141
/datastar/behavior_rooms/2CAP/2025-08-19_11-01-25_Prat_Urgency_group1/pi-data_2025-08-19_11-01-25_Prat_Urgency_group1/box06/mic/20250819_121000.WAV,20250819_121000_subject089,089,M,EtOH,111141
/datastar/behavior_rooms/2CAP/2025-08-19_11-01-25_Prat_Urgency_group1/pi-data_2025-08-19_11-01-25_Prat_Urgency_group1/box02/mic/20250819_110702.WAV,20250819_110702_subject090_080,090_080,F,EtOH_EtOH,110912
/datastar/behavior_rooms/2CAP/2025-08-19_11-01-25_Prat_Urgency_group1/pi-data_2025-08-19_11-01-25_Prat_Urgency_group1/box02/mic/20250819_111000.WAV,20250819_111000_subject090_080,090_080,F,EtOH_EtOH,110912
/datastar/behavior_rooms/2CAP/2025-08-19_11-01-25_Prat_Urgency_group1/pi-data_2025-08-19_11-01-25_Prat_Urgency_group1/box02/mic/20250819_111500.WAV,20250819_111500_subject090_080,090_080,F,EtOH_EtOH,110912
/datastar/behavior_rooms/2CAP/2025-08-19_11-01-25_Prat_Urgency_group1/pi-data_2025-08-19_11-01-25_Prat_Urgency_group1/box02/mic/20250819_112000.WAV,20250819_112000_subject090_080,090_080,F,EtOH_EtOH,110912
/datastar/behavior_rooms/2CAP/2025-08-19_11-01-25_Prat_Urgency_group1/pi-data_2025-08-19_11-01-25_Prat_Urgency_group1/box02/mic/20250819_112500.WAV,20250819_112500_subject090_080,090_080,F,EtOH_EtOH,110912
/datastar/behavior_rooms/2CAP/2025-08-19_11-01-25_Prat_Urgency_group1/pi-data_2025-08-19_11-01-25_Prat_Urgency_group1/box02/mic/20250819_113000.WAV,20250819_113000_subject090_080,090_080,F,EtOH_EtOH,110912
/datastar/behavior_rooms/2CAP/2025-08-19_11-01-25_Prat_Urgency_group1/pi-data_2025-08-19_11-01-25_Prat_Urgency_group1/box02/mic/20250819_113500.WAV,20250819_113500_subject090_080,090_080,F,EtOH_EtOH,110912
/datastar/behavior_rooms/2CAP/2025-08-19_11-01-25_Prat_Urgency_group1/pi-data_2025-08-19_11-01-25_Prat_Urgency_group1/box02/mic/20250819_114000.WAV,20250819_114000_subject090_080,090_080,F,EtOH_EtOH,110912
/datastar/behavior_rooms/2CAP/2025-08-19_11-01-25_Prat_Urgency_group1/pi-data_2025-08-19_11-01-25_Prat_Urgency_group1/box02/mic/20250819_114500.WAV,20250819_114500_subject090_080,090_080,F,EtOH_EtOH,110912
/datastar/behavior_rooms/2CAP/2025-08-19_11-01-25_Prat_Urgency_group1/pi-data_2025-08-19_11-01-25_Prat_Urgency_group1/box02/mic/20250819_115000.WAV,20250819_115000_subject090_080,090_080,F,EtOH_EtOH,110912
/datastar/behavior_rooms/2CAP/2025-08-19_11-01-25_Prat_Urgency_group1/pi-data_2025-08-19_11-01-25_Prat_Urgency_group1/box02/mic/20250819_115500.WAV,20250819_115500_subject090_080,090_080,F,EtOH_EtOH,110912
/datastar/behavior_rooms/2CAP/2025-08-19_11-01-25_Prat_Urgency_group1/pi-data_2025-08-19_11-01-25_Prat_Urgency_group1/box02/mic/20250819_120000.WAV,20250819_120000_subject090_080,090_080,F,EtOH_EtOH,110912
/datastar/behavior_rooms/2CAP/2025-08-19_11-01-25_Prat_Urgency_group1/pi-data_2025-08-19_11-01-25_Prat_Urgency_group1/box02/mic/20250819_120500.WAV,20250819_120500_subject090_080,090_080,F,EtOH_EtOH,110912
/datastar/behavior_rooms/2CAP/2025-08-19_11-01-25_Prat_Urgency_group1/pi-data_2025-08-19_11-01-25_Prat_Urgency_group1/box02/mic/20250819_121000.WAV,20250819_121000_subject090_080,090_080,F,EtOH_EtOH,110912
/datastar/behavior_rooms/2CAP/2025-08-19_12-30-41_Prat_Urgency_group2/pi-data_2025-08-19_12-30-41_Prat_Urgency_group2/box04/mic/20250819_123616.WAV,20250819_123616_subject062_084,062_084,F,Control_EtOH,123950
/datastar/behavior_rooms/2CAP/2025-08-19_12-30-41_Prat_Urgency_group2/pi-data_2025-08-19_12-30-41_Prat_Urgency_group2/box04/mic/20250819_124000.WAV,20250819_124000_subject062_084,062_084,F,Control_EtOH,123950
/datastar/behavior_rooms/2CAP/2025-08-19_12-30-41_Prat_Urgency_group2/pi-data_2025-08-19_12-30-41_Prat_Urgency_group2/box04/mic/20250819_124500.WAV,20250819_124500_subject062_084,062_084,F,Control_EtOH,123950
/datastar/behavior_rooms/2CAP/2025-08-19_12-30-41_Prat_Urgency_group2/pi-data_2025-08-19_12-30-41_Prat_Urgency_group2/box04/mic/20250819_125000.WAV,20250819_125000_subject062_084,062_084,F,Control_EtOH,123950
/datastar/behavior_rooms/2CAP/2025-08-19_12-30-41_Prat_Urgency_group2/pi-data_2025-08-19_12-30-41_Prat_Urgency_group2/box04/mic/20250819_125500.WAV,20250819_125500_subject062_084,062_084,F,Control_EtOH,123950
/datastar/behavior_rooms/2CAP/2025-08-19_12-30-41_Prat_Urgency_group2/pi-data_2025-08-19_12-30-41_Prat_Urgency_group2/box04/mic/20250819_130000.WAV,20250819_130000_subject062_084,062_084,F,Control_EtOH,123950
/datastar/behavior_rooms/2CAP/2025-08-19_12-30-41_Prat_Urgency_group2/pi-data_2025-08-19_12-30-41_Prat_Urgency_group2/box04/mic/20250819_130500.WAV,20250819_130500_subject062_084,062_084,F,Control_EtOH,123950
/datastar/behavior_rooms/2CAP/2025-08-19_12-30-41_Prat_Urgency_group2/pi-data_2025-08-19_12-30-41_Prat_Urgency_group2/box04/mic/20250819_131000.WAV,20250819_131000_subject062_084,062_084,F,Control_EtOH,123950
/datastar/behavior_rooms/2CAP/2025-08-19_12-30-41_Prat_Urgency_group2/pi-data_2025-08-19_12-30-41_Prat_Urgency_group2/box04/mic/20250819_131500.WAV,20250819_131500_subject062_084,062_084,F,Control_EtOH,123950
/datastar/behavior_rooms/2CAP/2025-08-19_12-30-41_Prat_Urgency_group2/pi-data_2025-08-19_12-30-41_Prat_Urgency_group2/box04/mic/20250819_132000.WAV,20250819_132000_subject062_084,062_084,F,Control_EtOH,123950
/datastar/behavior_rooms/2CAP/2025-08-19_12-30-41_Prat_Urgency_group2/pi-data_2025-08-19_12-30-41_Prat_Urgency_group2/box04/mic/20250819_132500.WAV,20250819_132500_subject062_084,062_084,F,Control_EtOH,123950
/datastar/behavior_rooms/2CAP/2025-08-19_12-30-41_Prat_Urgency_group2/pi-data_2025-08-19_12-30-41_Prat_Urgency_group2/box04/mic/20250819_133000.WAV,20250819_133000_subject062_084,062_084,F,Control_EtOH,123950
/datastar/behavior_rooms/2CAP/2025-08-19_12-30-41_Prat_Urgency_group2/pi-data_2025-08-19_12-30-41_Prat_Urgency_group2/box04/mic/20250819_133500.WAV,20250819_133500_subject062_084,062_084,F,Control_EtOH,123950
/datastar/behavior_rooms/2CAP/2025-08-19_12-30-41_Prat_Urgency_group2/pi-data_2025-08-19_12-30-41_Prat_Urgency_group2/box04/mic/20250819_134000.WAV,20250819_134000_subject062_084,062_084,F,Control_EtOH,123950
/datastar/behavior_rooms/2CAP/2025-08-19_12-30-41_Prat_Urgency_group2/pi-data_2025-08-19_12-30-41_Prat_Urgency_group2/box02/mic/20250819_123616.WAV,20250819_123616_subject067_073,067_073,M,Control_Control,123830
/datastar/behavior_rooms/2CAP/2025-08-19_12-30-41_Prat_Urgency_group2/pi-data_2025-08-19_12-30-41_Prat_Urgency_group2/box02/mic/20250819_124000.WAV,20250819_124000_subject067_073,067_073,M,Control_Control,123830
/datastar/behavior_rooms/2CAP/2025-08-19_12-30-41_Prat_Urgency_group2/pi-data_2025-08-19_12-30-41_Prat_Urgency_group2/box02/mic/20250819_124500.WAV,20250819_124500_subject067_073,067_073,M,Control_Control,123830
/datastar/behavior_rooms/2CAP/2025-08-19_12-30-41_Prat_Urgency_group2/pi-data_2025-08-19_12-30-41_Prat_Urgency_group2/box02/mic/20250819_125000.WAV,20250819_125000_subject067_073,067_073,M,Control_Control,123830
/datastar/behavior_rooms/2CAP/2025-08-19_12-30-41_Prat_Urgency_group2/pi-data_2025-08-19_12-30-41_Prat_Urgency_group2/box02/mic/20250819_125500.WAV,20250819_125500_subject067_073,067_073,M,Control_Control,123830
/datastar/behavior_rooms/2CAP/2025-08-19_12-30-41_Prat_Urgency_group2/pi-data_2025-08-19_12-30-41_Prat_Urgency_group2/box02/mic/20250819_130000.WAV,20250819_130000_subject067_073,067_073,M,Control_Control,123830
/datastar/behavior_rooms/2CAP/2025-08-19_12-30-41_Prat_Urgency_group2/pi-data_2025-08-19_12-30-41_Prat_Urgency_group2/box02/mic/20250819_130500.WAV,20250819_130500_subject067_073,067_073,M,Control_Control,123830
/datastar/behavior_rooms/2CAP/2025-08-19_12-30-41_Prat_Urgency_group2/pi-data_2025-08-19_12-30-41_Prat_Urgency_group2/box02/mic/20250819_131000.WAV,20250819_131000_subject067_073,067_073,M,Control_Control,123830
/datastar/behavior_rooms/2CAP/2025-08-19_12-30-41_Prat_Urgency_group2/pi-data_2025-08-19_12-30-41_Prat_Urgency_group2/box02/mic/20250819_131500.WAV,20250819_131500_subject067_073,067_073,M,Control_Control,123830
/datastar/behavior_rooms/2CAP/2025-08-19_12-30-41_Prat_Urgency_group2/pi-data_2025-08-19_12-30-41_Prat_Urgency_group2/box02/mic/20250819_132000.WAV,20250819_132000_subject067_073,067_073,M,Control_Control,123830
/datastar/behavior_rooms/2CAP/2025-08-19_12-30-41_Prat_Urgency_group2/pi-data_2025-08-19_12-30-41_Prat_Urgency_group2/box02/mic/20250819_132500.WAV,20250819_132500_subject067_073,067_073,M,Control_Control,123830
/datastar/behavior_rooms/2CAP/2025-08-19_12-30-41_Prat_Urgency_group2/pi-data_2025-08-19_12-30-41_Prat_Urgency_group2/box02/mic/20250819_133000.WAV,20250819_133000_subject067_073,067_073,M,Control_Control,123830
/datastar/behavior_rooms/2CAP/2025-08-19_12-30-41_Prat_Urgency_group2/pi-data_2025-08-19_12-30-41_Prat_Urgency_group2/box02/mic/20250819_133500.WAV,20250819_133500_subject067_073,067_073,M,Control_Control,123830
/datastar/behavior_rooms/2CAP/2025-08-19_12-30-41_Prat_Urgency_group2/pi-data_2025-08-19_12-30-41_Prat_Urgency_group2/box02/mic/20250819_134000.WAV,20250819_134000_subject067_073,067_073,M,Control_Control,123830
/datastar/behavior_rooms/2CAP/2025-08-19_12-30-41_Prat_Urgency_group2/pi-data_2025-08-19_12-30-41_Prat_Urgency_group2/box05/mic/20250819_123615.WAV,20250819_123615_subject086,086,F,EtOH,124023
/datastar/behavior_rooms/2CAP/2025-08-19_12-30-41_Prat_Urgency_group2/pi-data_2025-08-19_12-30-41_Prat_Urgency_group2/box05/mic/20250819_124000.WAV,20250819_124000_subject086,086,F,EtOH,124023
/datastar/behavior_rooms/2CAP/2025-08-19_12-30-41_Prat_Urgency_group2/pi-data_2025-08-19_12-30-41_Prat_Urgency_group2/box05/mic/20250819_124500.WAV,20250819_124500_subject086,086,F,EtOH,124023
/datastar/behavior_rooms/2CAP/2025-08-19_12-30-41_Prat_Urgency_group2/pi-data_2025-08-19_12-30-41_Prat_Urgency_group2/box05/mic/20250819_125000.WAV,20250819_125000_subject086,086,F,EtOH,124023
/datastar/behavior_rooms/2CAP/2025-08-19_12-30-41_Prat_Urgency_group2/pi-data_2025-08-19_12-30-41_Prat_Urgency_group2/box05/mic/20250819_125500.WAV,20250819_125500_subject086,086,F,EtOH,124023
/datastar/behavior_rooms/2CAP/2025-08-19_12-30-41_Prat_Urgency_group2/pi-data_2025-08-19_12-30-41_Prat_Urgency_group2/box05/mic/20250819_130000.WAV,20250819_130000_subject086,086,F,EtOH,124023
/datastar/behavior_rooms/2CAP/2025-08-19_12-30-41_Prat_Urgency_group2/pi-data_2025-08-19_12-30-41_Prat_Urgency_group2/box05/mic/20250819_130500.WAV,20250819_130500_subject086,086,F,EtOH,124023
/datastar/behavior_rooms/2CAP/2025-08-19_12-30-41_Prat_Urgency_group2/pi-data_2025-08-19_12-30-41_Prat_Urgency_group2/box05/mic/20250819_131000.WAV,20250819_131000_subject086,086,F,EtOH,124023
/datastar/behavior_rooms/2CAP/2025-08-19_12-30-41_Prat_Urgency_group2/pi-data_2025-08-19_12-30-41_Prat_Urgency_group2/box05/mic/20250819_131500.WAV,20250819_131500_subject086,086,F,EtOH,124023
/datastar/behavior_rooms/2CAP/2025-08-19_12-30-41_Prat_Urgency_group2/pi-data_2025-08-19_12-30-41_Prat_Urgency_group2/box05/mic/20250819_132000.WAV,20250819_132000_subject086,086,F,EtOH,124023
/datastar/behavior_rooms/2CAP/2025-08-19_12-30-41_Prat_Urgency_group2/pi-data_2025-08-19_12-30-41_Prat_Urgency_group2/box05/mic/20250819_132500.WAV,20250819_132500_subject086,086,F,EtOH,124023
/datastar/behavior_rooms/2CAP/2025-08-19_12-30-41_Prat_Urgency_group2/pi-data_2025-08-19_12-30-41_Prat_Urgency_group2/box05/mic/20250819_133000.WAV,20250819_133000_subject086,086,F,EtOH,124023
/datastar/behavior_rooms/2CAP/2025-08-19_12-30-41_Prat_Urgency_group2/pi-data_2025-08-19_12-30-41_Prat_Urgency_group2/box05/mic/20250819_133500.WAV,20250819_133500_subject086,086,F,EtOH,124023
/datastar/behavior_rooms/2CAP/2025-08-19_12-30-41_Prat_Urgency_group2/pi-data_2025-08-19_12-30-41_Prat_Urgency_group2/box05/mic/20250819_134000.WAV,20250819_134000_subject086,086,F,EtOH,124023
/datastar/behavior_rooms/2CAP/2025-08-19_12-30-41_Prat_Urgency_group2/pi-data_2025-08-19_12-30-41_Prat_Urgency_group2/box01/mic/20250819_123616.WAV,20250819_123616_subject091_069,091_069,M,EtOH_Control,123745
/datastar/behavior_rooms/2CAP/2025-08-19_12-30-41_Prat_Urgency_group2/pi-data_2025-08-19_12-30-41_Prat_Urgency_group2/box01/mic/20250819_124000.WAV,20250819_124000_subject091_069,091_069,M,EtOH_Control,123745
/datastar/behavior_rooms/2CAP/2025-08-19_12-30-41_Prat_Urgency_group2/pi-data_2025-08-19_12-30-41_Prat_Urgency_group2/box01/mic/20250819_124500.WAV,20250819_124500_subject091_069,091_069,M,EtOH_Control,123745
/datastar/behavior_rooms/2CAP/2025-08-19_12-30-41_Prat_Urgency_group2/pi-data_2025-08-19_12-30-41_Prat_Urgency_group2/box01/mic/20250819_125000.WAV,20250819_125000_subject091_069,091_069,M,EtOH_Control,123745
/datastar/behavior_rooms/2CAP/2025-08-19_12-30-41_Prat_Urgency_group2/pi-data_2025-08-19_12-30-41_Prat_Urgency_group2/box01/mic/20250819_125500.WAV,20250819_125500_subject091_069,091_069,M,EtOH_Control,123745
/datastar/behavior_rooms/2CAP/2025-08-19_12-30-41_Prat_Urgency_group2/pi-data_2025-08-19_12-30-41_Prat_Urgency_group2/box01/mic/20250819_130000.WAV,20250819_130000_subject091_069,091_069,M,EtOH_Control,123745
/datastar/behavior_rooms/2CAP/2025-08-19_12-30-41_Prat_Urgency_group2/pi-data_2025-08-19_12-30-41_Prat_Urgency_group2/box01/mic/20250819_130500.WAV,20250819_130500_subject091_069,091_069,M,EtOH_Control,123745
/datastar/behavior_rooms/2CAP/2025-08-19_12-30-41_Prat_Urgency_group2/pi-data_2025-08-19_12-30-41_Prat_Urgency_group2/box01/mic/20250819_131000.WAV,20250819_131000_subject091_069,091_069,M,EtOH_Control,123745
/datastar/behavior_rooms/2CAP/2025-08-19_12-30-41_Prat_Urgency_group2/pi-data_2025-08-19_12-30-41_Prat_Urgency_group2/box01/mic/20250819_131500.WAV,20250819_131500_subject091_069,091_069,M,EtOH_Control,123745
/datastar/behavior_rooms/2CAP/2025-08-19_12-30-41_Prat_Urgency_group2/pi-data_2025-08-19_12-30-41_Prat_Urgency_group2/box01/mic/20250819_132000.WAV,20250819_132000_subject091_069,091_069,M,EtOH_Control,123745
/datastar/behavior_rooms/2CAP/2025-08-19_12-30-41_Prat_Urgency_group2/pi-data_2025-08-19_12-30-41_Prat_Urgency_group2/box01/mic/20250819_132500.WAV,20250819_132500_subject091_069,091_069,M,EtOH_Control,123745
/datastar/behavior_rooms/2CAP/2025-08-19_12-30-41_Prat_Urgency_group2/pi-data_2025-08-19_12-30-41_Prat_Urgency_group2/box01/mic/20250819_133000.WAV,20250819_133000_subject091_069,091_069,M,EtOH_Control,123745
/datastar/behavior_rooms/2CAP/2025-08-19_12-30-41_Prat_Urgency_group2/pi-data_2025-08-19_12-30-41_Prat_Urgency_group2/box01/mic/20250819_133500.WAV,20250819_133500_subject091_069,091_069,M,EtOH_Control,123745
/datastar/behavior_rooms/2CAP/2025-08-19_12-30-41_Prat_Urgency_group2/pi-data_2025-08-19_12-30-41_Prat_Urgency_group2/box01/mic/20250819_134000.WAV,20250819_134000_subject091_069,091_069,M,EtOH_Control,123745
/datastar/behavior_rooms/2CAP/2025-08-19_12-30-41_Prat_Urgency_group2/pi-data_2025-08-19_12-30-41_Prat_Urgency_group2/box03/mic/20250819_123615.WAV,20250819_123615_subject092,092,F,EtOH,123900
/datastar/behavior_rooms/2CAP/2025-08-19_12-30-41_Prat_Urgency_group2/pi-data_2025-08-19_12-30-41_Prat_Urgency_group2/box03/mic/20250819_124000.WAV,20250819_124000_subject092,092,F,EtOH,123900
/datastar/behavior_rooms/2CAP/2025-08-19_12-30-41_Prat_Urgency_group2/pi-data_2025-08-19_12-30-41_Prat_Urgency_group2/box03/mic/20250819_124500.WAV,20250819_124500_subject092,092,F,EtOH,123900
/datastar/behavior_rooms/2CAP/2025-08-19_12-30-41_Prat_Urgency_group2/pi-data_2025-08-19_12-30-41_Prat_Urgency_group2/box03/mic/20250819_125000.WAV,20250819_125000_subject092,092,F,EtOH,123900
/datastar/behavior_rooms/2CAP/2025-08-19_12-30-41_Prat_Urgency_group2/pi-data_2025-08-19_12-30-41_Prat_Urgency_group2/box03/mic/20250819_125500.WAV,20250819_125500_subject092,092,F,EtOH,123900
/datastar/behavior_rooms/2CAP/2025-08-19_12-30-41_Prat_Urgency_group2/pi-data_2025-08-19_12-30-41_Prat_Urgency_group2/box03/mic/20250819_130000.WAV,20250819_130000_subject092,092,F,EtOH,123900
/datastar/behavior_rooms/2CAP/2025-08-19_12-30-41_Prat_Urgency_group2/pi-data_2025-08-19_12-30-41_Prat_Urgency_group2/box03/mic/20250819_130500.WAV,20250819_130500_subject092,092,F,EtOH,123900
/datastar/behavior_rooms/2CAP/2025-08-19_12-30-41_Prat_Urgency_group2/pi-data_2025-08-19_12-30-41_Prat_Urgency_group2/box03/mic/20250819_131000.WAV,20250819_131000_subject092,092,F,EtOH,123900
/datastar/behavior_rooms/2CAP/2025-08-19_12-30-41_Prat_Urgency_group2/pi-data_2025-08-19_12-30-41_Prat_Urgency_group2/box03/mic/20250819_131500.WAV,20250819_131500_subject092,092,F,EtOH,123900
/datastar/behavior_rooms/2CAP/2025-08-19_12-30-41_Prat_Urgency_group2/pi-data_2025-08-19_12-30-41_Prat_Urgency_group2/box03/mic/20250819_132000.WAV,20250819_132000_subject092,092,F,EtOH,123900
/datastar/behavior_rooms/2CAP/2025-08-19_12-30-41_Prat_Urgency_group2/pi-data_2025-08-19_12-30-41_Prat_Urgency_group2/box03/mic/20250819_132500.WAV,20250819_132500_subject092,092,F,EtOH,123900
/datastar/behavior_rooms/2CAP/2025-08-19_12-30-41_Prat_Urgency_group2/pi-data_2025-08-19_12-30-41_Prat_Urgency_group2/box03/mic/20250819_133000.WAV,20250819_133000_subject092,092,F,EtOH,123900
/datastar/behavior_rooms/2CAP/2025-08-19_12-30-41_Prat_Urgency_group2/pi-data_2025-08-19_12-30-41_Prat_Urgency_group2/box03/mic/20250819_133500.WAV,20250819_133500_subject092,092,F,EtOH,123900
/datastar/behavior_rooms/2CAP/2025-08-19_12-30-41_Prat_Urgency_group2/pi-data_2025-08-19_12-30-41_Prat_Urgency_group2/box03/mic/20250819_134000.WAV,20250819_134000_subject092,092,F,EtOH,123900
/datastar/behavior_rooms/2CAP/2025-08-19_12-30-41_Prat_Urgency_group2/pi-data_2025-08-19_12-30-41_Prat_Urgency_group2/box06/mic/20250819_123616.WAV,20250819_123616_subject096_060,096_060,F,EtOH_Control,124110
/datastar/behavior_rooms/2CAP/2025-08-19_12-30-41_Prat_Urgency_group2/pi-data_2025-08-19_12-30-41_Prat_Urgency_group2/box06/mic/20250819_124000.WAV,20250819_124000_subject096_060,096_060,F,EtOH_Control,124110
/datastar/behavior_rooms/2CAP/2025-08-19_12-30-41_Prat_Urgency_group2/pi-data_2025-08-19_12-30-41_Prat_Urgency_group2/box06/mic/20250819_124500.WAV,20250819_124500_subject096_060,096_060,F,EtOH_Control,124110
/datastar/behavior_rooms/2CAP/2025-08-19_12-30-41_Prat_Urgency_group2/pi-data_2025-08-19_12-30-41_Prat_Urgency_group2/box06/mic/20250819_125000.WAV,20250819_125000_subject096_060,096_060,F,EtOH_Control,124110
/datastar/behavior_rooms/2CAP/2025-08-19_12-30-41_Prat_Urgency_group2/pi-data_2025-08-19_12-30-41_Prat_Urgency_group2/box06/mic/20250819_125500.WAV,20250819_125500_subject096_060,096_060,F,EtOH_Control,124110
/datastar/behavior_rooms/2CAP/2025-08-19_12-30-41_Prat_Urgency_group2/pi-data_2025-08-19_12-30-41_Prat_Urgency_group2/box06/mic/20250819_130000.WAV,20250819_130000_subject096_060,096_060,F,EtOH_Control,124110
/datastar/behavior_rooms/2CAP/2025-08-19_12-30-41_Prat_Urgency_group2/pi-data_2025-08-19_12-30-41_Prat_Urgency_group2/box06/mic/20250819_130500.WAV,20250819_130500_subject096_060,096_060,F,EtOH_Control,124110
/datastar/behavior_rooms/2CAP/2025-08-19_12-30-41_Prat_Urgency_group2/pi-data_2025-08-19_12-30-41_Prat_Urgency_group2/box06/mic/20250819_131000.WAV,20250819_131000_subject096_060,096_060,F,EtOH_Control,124110
/datastar/behavior_rooms/2CAP/2025-08-19_12-30-41_Prat_Urgency_group2/pi-data_2025-08-19_12-30-41_Prat_Urgency_group2/box06/mic/20250819_131500.WAV,20250819_131500_subject096_060,096_060,F,EtOH_Control,124110
/datastar/behavior_rooms/2CAP/2025-08-19_12-30-41_Prat_Urgency_group2/pi-data_2025-08-19_12-30-41_Prat_Urgency_group2/box06/mic/20250819_132000.WAV,20250819_132000_subject096_060,096_060,F,EtOH_Control,124110
/datastar/behavior_rooms/2CAP/2025-08-19_12-30-41_Prat_Urgency_group2/pi-data_2025-08-19_12-30-41_Prat_Urgency_group2/box06/mic/20250819_132500.WAV,20250819_132500_subject096_060,096_060,F,EtOH_Control,124110
/datastar/behavior_rooms/2CAP/2025-08-19_12-30-41_Prat_Urgency_group2/pi-data_2025-08-19_12-30-41_Prat_Urgency_group2/box06/mic/20250819_133000.WAV,20250819_133000_subject096_060,096_060,F,EtOH_Control,124110
/datastar/behavior_rooms/2CAP/2025-08-19_12-30-41_Prat_Urgency_group2/pi-data_2025-08-19_12-30-41_Prat_Urgency_group2/box06/mic/20250819_133500.WAV,20250819_133500_subject096_060,096_060,F,EtOH_Control,124110
/datastar/behavior_rooms/2CAP/2025-08-19_12-30-41_Prat_Urgency_group2/pi-data_2025-08-19_12-30-41_Prat_Urgency_group2/box06/mic/20250819_134000.WAV,20250819_134000_subject096_060,096_060,F,EtOH_Control,124110
/datastar/behavior_rooms/2CAP/2025-08-19_13-58-44_Prat_Urgency_group3/pi-data_2025-08-19_13-58-44_Prat_Urgency_group3/box02/mic/20250819_140657.WAV,20250819_140657_subject064_066,064_066,F,Control_Control,140840
/datastar/behavior_rooms/2CAP/2025-08-19_13-58-44_Prat_Urgency_group3/pi-data_2025-08-19_13-58-44_Prat_Urgency_group3/box02/mic/20250819_141000.WAV,20250819_141000_subject064_066,064_066,F,Control_Control,140840
/datastar/behavior_rooms/2CAP/2025-08-19_13-58-44_Prat_Urgency_group3/pi-data_2025-08-19_13-58-44_Prat_Urgency_group3/box02/mic/20250819_141500.WAV,20250819_141500_subject064_066,064_066,F,Control_Control,140840
/datastar/behavior_rooms/2CAP/2025-08-19_13-58-44_Prat_Urgency_group3/pi-data_2025-08-19_13-58-44_Prat_Urgency_group3/box02/mic/20250819_142000.WAV,20250819_142000_subject064_066,064_066,F,Control_Control,140840
/datastar/behavior_rooms/2CAP/2025-08-19_13-58-44_Prat_Urgency_group3/pi-data_2025-08-19_13-58-44_Prat_Urgency_group3/box02/mic/20250819_142500.WAV,20250819_142500_subject064_066,064_066,F,Control_Control,140840
/datastar/behavior_rooms/2CAP/2025-08-19_13-58-44_Prat_Urgency_group3/pi-data_2025-08-19_13-58-44_Prat_Urgency_group3/box02/mic/20250819_143000.WAV,20250819_143000_subject064_066,064_066,F,Control_Control,140840
/datastar/behavior_rooms/2CAP/2025-08-19_13-58-44_Prat_Urgency_group3/pi-data_2025-08-19_13-58-44_Prat_Urgency_group3/box02/mic/20250819_143500.WAV,20250819_143500_subject064_066,064_066,F,Control_Control,140840
/datastar/behavior_rooms/2CAP/2025-08-19_13-58-44_Prat_Urgency_group3/pi-data_2025-08-19_13-58-44_Prat_Urgency_group3/box02/mic/20250819_144000.WAV,20250819_144000_subject064_066,064_066,F,Control_Control,140840
/datastar/behavior_rooms/2CAP/2025-08-19_13-58-44_Prat_Urgency_group3/pi-data_2025-08-19_13-58-44_Prat_Urgency_group3/box02/mic/20250819_144500.WAV,20250819_144500_subject064_066,064_066,F,Control_Control,140840
/datastar/behavior_rooms/2CAP/2025-08-19_13-58-44_Prat_Urgency_group3/pi-data_2025-08-19_13-58-44_Prat_Urgency_group3/box02/mic/20250819_145000.WAV,20250819_145000_subject064_066,064_066,F,Control_Control,140840
/datastar/behavior_rooms/2CAP/2025-08-19_13-58-44_Prat_Urgency_group3/pi-data_2025-08-19_13-58-44_Prat_Urgency_group3/box02/mic/20250819_145500.WAV,20250819_145500_subject064_066,064_066,F,Control_Control,140840
/datastar/behavior_rooms/2CAP/2025-08-19_13-58-44_Prat_Urgency_group3/pi-data_2025-08-19_13-58-44_Prat_Urgency_group3/box02/mic/20250819_150000.WAV,20250819_150000_subject064_066,064_066,F,Control_Control,140840
/datastar/behavior_rooms/2CAP/2025-08-19_13-58-44_Prat_Urgency_group3/pi-data_2025-08-19_13-58-44_Prat_Urgency_group3/box02/mic/20250819_150500.WAV,20250819_150500_subject064_066,064_066,F,Control_Control,140840
/datastar/behavior_rooms/2CAP/2025-08-19_13-58-44_Prat_Urgency_group3/pi-data_2025-08-19_13-58-44_Prat_Urgency_group3/box02/mic/20250819_151000.WAV,20250819_151000_subject064_066,064_066,F,Control_Control,140840
/datastar/behavior_rooms/2CAP/2025-08-19_13-58-44_Prat_Urgency_group3/pi-data_2025-08-19_13-58-44_Prat_Urgency_group3/box01/mic/20250819_140657.WAV,20250819_140657_subject068,068,F,Control,140802
/datastar/behavior_rooms/2CAP/2025-08-19_13-58-44_Prat_Urgency_group3/pi-data_2025-08-19_13-58-44_Prat_Urgency_group3/box01/mic/20250819_141000.WAV,20250819_141000_subject068,068,F,Control,140802
/datastar/behavior_rooms/2CAP/2025-08-19_13-58-44_Prat_Urgency_group3/pi-data_2025-08-19_13-58-44_Prat_Urgency_group3/box01/mic/20250819_141500.WAV,20250819_141500_subject068,068,F,Control,140802
/datastar/behavior_rooms/2CAP/2025-08-19_13-58-44_Prat_Urgency_group3/pi-data_2025-08-19_13-58-44_Prat_Urgency_group3/box01/mic/20250819_142000.WAV,20250819_142000_subject068,068,F,Control,140802
/datastar/behavior_rooms/2CAP/2025-08-19_13-58-44_Prat_Urgency_group3/pi-data_2025-08-19_13-58-44_Prat_Urgency_group3/box01/mic/20250819_142500.WAV,20250819_142500_subject068,068,F,Control,140802
/datastar/behavior_rooms/2CAP/2025-08-19_13-58-44_Prat_Urgency_group3/pi-data_2025-08-19_13-58-44_Prat_Urgency_group3/box01/mic/20250819_143000.WAV,20250819_143000_subject068,068,F,Control,140802
/datastar/behavior_rooms/2CAP/2025-08-19_13-58-44_Prat_Urgency_group3/pi-data_2025-08-19_13-58-44_Prat_Urgency_group3/box01/mic/20250819_143500.WAV,20250819_143500_subject068,068,F,Control,140802
/datastar/behavior_rooms/2CAP/2025-08-19_13-58-44_Prat_Urgency_group3/pi-data_2025-08-19_13-58-44_Prat_Urgency_group3/box01/mic/20250819_144000.WAV,20250819_144000_subject068,068,F,Control,140802
/datastar/behavior_rooms/2CAP/2025-08-19_13-58-44_Prat_Urgency_group3/pi-data_2025-08-19_13-58-44_Prat_Urgency_group3/box01/mic/20250819_144500.WAV,20250819_144500_subject068,068,F,Control,140802
/datastar/behavior_rooms/2CAP/2025-08-19_13-58-44_Prat_Urgency_group3/pi-data_2025-08-19_13-58-44_Prat_Urgency_group3/box01/mic/20250819_145000.WAV,20250819_145000_subject068,068,F,Control,140802
/datastar/behavior_rooms/2CAP/2025-08-19_13-58-44_Prat_Urgency_group3/pi-data_2025-08-19_13-58-44_Prat_Urgency_group3/box01/mic/20250819_145500.WAV,20250819_145500_subject068,068,F,Control,140802
/datastar/behavior_rooms/2CAP/2025-08-19_13-58-44_Prat_Urgency_group3/pi-data_2025-08-19_13-58-44_Prat_Urgency_group3/box01/mic/20250819_150000.WAV,20250819_150000_subject068,068,F,Control,140802
/datastar/behavior_rooms/2CAP/2025-08-19_13-58-44_Prat_Urgency_group3/pi-data_2025-08-19_13-58-44_Prat_Urgency_group3/box01/mic/20250819_150500.WAV,20250819_150500_subject068,068,F,Control,140802
/datastar/behavior_rooms/2CAP/2025-08-19_13-58-44_Prat_Urgency_group3/pi-data_2025-08-19_13-58-44_Prat_Urgency_group3/box01/mic/20250819_151000.WAV,20250819_151000_subject068,068,F,Control,140802
/datastar/behavior_rooms/2CAP/2025-08-19_13-58-44_Prat_Urgency_group3/pi-data_2025-08-19_13-58-44_Prat_Urgency_group3/box04/mic/20250819_140657.WAV,20250819_140657_subject081,081,M,EtOH,140950
/datastar/behavior_rooms/2CAP/2025-08-19_13-58-44_Prat_Urgency_group3/pi-data_2025-08-19_13-58-44_Prat_Urgency_group3/box04/mic/20250819_141000.WAV,20250819_141000_subject081,081,M,EtOH,140950
/datastar/behavior_rooms/2CAP/2025-08-19_13-58-44_Prat_Urgency_group3/pi-data_2025-08-19_13-58-44_Prat_Urgency_group3/box04/mic/20250819_141500.WAV,20250819_141500_subject081,081,M,EtOH,140950
/datastar/behavior_rooms/2CAP/2025-08-19_13-58-44_Prat_Urgency_group3/pi-data_2025-08-19_13-58-44_Prat_Urgency_group3/box04/mic/20250819_142000.WAV,20250819_142000_subject081,081,M,EtOH,140950
/datastar/behavior_rooms/2CAP/2025-08-19_13-58-44_Prat_Urgency_group3/pi-data_2025-08-19_13-58-44_Prat_Urgency_group3/box04/mic/20250819_142500.WAV,20250819_142500_subject081,081,M,EtOH,140950
/datastar/behavior_rooms/2CAP/2025-08-19_13-58-44_Prat_Urgency_group3/pi-data_2025-08-19_13-58-44_Prat_Urgency_group3/box04/mic/20250819_143000.WAV,20250819_143000_subject081,081,M,EtOH,140950
/datastar/behavior_rooms/2CAP/2025-08-19_13-58-44_Prat_Urgency_group3/pi-data_2025-08-19_13-58-44_Prat_Urgency_group3/box04/mic/20250819_143500.WAV,20250819_143500_subject081,081,M,EtOH,140950
/datastar/behavior_rooms/2CAP/2025-08-19_13-58-44_Prat_Urgency_group3/pi-data_2025-08-19_13-58-44_Prat_Urgency_group3/box04/mic/20250819_144000.WAV,20250819_144000_subject081,081,M,EtOH,140950
/datastar/behavior_rooms/2CAP/2025-08-19_13-58-44_Prat_Urgency_group3/pi-data_2025-08-19_13-58-44_Prat_Urgency_group3/box04/mic/20250819_144500.WAV,20250819_144500_subject081,081,M,EtOH,140950
/datastar/behavior_rooms/2CAP/2025-08-19_13-58-44_Prat_Urgency_group3/pi-data_2025-08-19_13-58-44_Prat_Urgency_group3/box04/mic/20250819_145000.WAV,20250819_145000_subject081,081,M,EtOH,140950
/datastar/behavior_rooms/2CAP/2025-08-19_13-58-44_Prat_Urgency_group3/pi-data_2025-08-19_13-58-44_Prat_Urgency_group3/box04/mic/20250819_145500.WAV,20250819_145500_subject081,081,M,EtOH,140950
/datastar/behavior_rooms/2CAP/2025-08-19_13-58-44_Prat_Urgency_group3/pi-data_2025-08-19_13-58-44_Prat_Urgency_group3/box04/mic/20250819_150000.WAV,20250819_150000_subject081,081,M,EtOH,140950
/datastar/behavior_rooms/2CAP/2025-08-19_13-58-44_Prat_Urgency_group3/pi-data_2025-08-19_13-58-44_Prat_Urgency_group3/box04/mic/20250819_150500.WAV,20250819_150500_subject081,081,M,EtOH,140950
/datastar/behavior_rooms/2CAP/2025-08-19_13-58-44_Prat_Urgency_group3/pi-data_2025-08-19_13-58-44_Prat_Urgency_group3/box04/mic/20250819_151000.WAV,20250819_151000_subject081,081,M,EtOH,140950
/datastar/behavior_rooms/2CAP/2025-08-19_13-58-44_Prat_Urgency_group3/pi-data_2025-08-19_13-58-44_Prat_Urgency_group3/box03/mic/20250819_140657.WAV,20250819_140657_subject083_063,083_063,M,EtOH_Control,140935
/datastar/behavior_rooms/2CAP/2025-08-19_13-58-44_Prat_Urgency_group3/pi-data_2025-08-19_13-58-44_Prat_Urgency_group3/box03/mic/20250819_141000.WAV,20250819_141000_subject083_063,083_063,M,EtOH_Control,140935
/datastar/behavior_rooms/2CAP/2025-08-19_13-58-44_Prat_Urgency_group3/pi-data_2025-08-19_13-58-44_Prat_Urgency_group3/box03/mic/20250819_141500.WAV,20250819_141500_subject083_063,083_063,M,EtOH_Control,140935
/datastar/behavior_rooms/2CAP/2025-08-19_13-58-44_Prat_Urgency_group3/pi-data_2025-08-19_13-58-44_Prat_Urgency_group3/box03/mic/20250819_142000.WAV,20250819_142000_subject083_063,083_063,M,EtOH_Control,140935
/datastar/behavior_rooms/2CAP/2025-08-19_13-58-44_Prat_Urgency_group3/pi-data_2025-08-19_13-58-44_Prat_Urgency_group3/box03/mic/20250819_142500.WAV,20250819_142500_subject083_063,083_063,M,EtOH_Control,140935
/datastar/behavior_rooms/2CAP/2025-08-19_13-58-44_Prat_Urgency_group3/pi-data_2025-08-19_13-58-44_Prat_Urgency_group3/box03/mic/20250819_143000.WAV,20250819_143000_subject083_063,083_063,M,EtOH_Control,140935
/datastar/behavior_rooms/2CAP/2025-08-19_13-58-44_Prat_Urgency_group3/pi-data_2025-08-19_13-58-44_Prat_Urgency_group3/box03/mic/20250819_143500.WAV,20250819_143500_subject083_063,083_063,M,EtOH_Control,140935
/datastar/behavior_rooms/2CAP/2025-08-19_13-58-44_Prat_Urgency_group3/pi-data_2025-08-19_13-58-44_Prat_Urgency_group3/box03/mic/20250819_144000.WAV,20250819_144000_subject083_063,083_063,M,EtOH_Control,140935
/datastar/behavior_rooms/2CAP/2025-08-19_13-58-44_Prat_Urgency_group3/pi-data_2025-08-19_13-58-44_Prat_Urgency_group3/box03/mic/20250819_144500.WAV,20250819_144500_subject083_063,083_063,M,EtOH_Control,140935
/datastar/behavior_rooms/2CAP/2025-08-19_13-58-44_Prat_Urgency_group3/pi-data_2025-08-19_13-58-44_Prat_Urgency_group3/box03/mic/20250819_145000.WAV,20250819_145000_subject083_063,083_063,M,EtOH_Control,140935
/datastar/behavior_rooms/2CAP/2025-08-19_13-58-44_Prat_Urgency_group3/pi-data_2025-08-19_13-58-44_Prat_Urgency_group3/box03/mic/20250819_145500.WAV,20250819_145500_subject083_063,083_063,M,EtOH_Control,140935
/datastar/behavior_rooms/2CAP/2025-08-19_13-58-44_Prat_Urgency_group3/pi-data_2025-08-19_13-58-44_Prat_Urgency_group3/box03/mic/20250819_150000.WAV,20250819_150000_subject083_063,083_063,M,EtOH_Control,140935
/datastar/behavior_rooms/2CAP/2025-08-19_13-58-44_Prat_Urgency_group3/pi-data_2025-08-19_13-58-44_Prat_Urgency_group3/box03/mic/20250819_150500.WAV,20250819_150500_subject083_063,083_063,M,EtOH_Control,140935
/datastar/behavior_rooms/2CAP/2025-08-19_13-58-44_Prat_Urgency_group3/pi-data_2025-08-19_13-58-44_Prat_Urgency_group3/box03/mic/20250819_151000.WAV,20250819_151000_subject083_063,083_063,M,EtOH_Control,140935
/datastar/behavior_rooms/2CAP/2025-08-19_13-58-44_Prat_Urgency_group3/pi-data_2025-08-19_13-58-44_Prat_Urgency_group3/box05/mic/20250819_140657.WAV,20250819_140657_subject094_070,094_070,F,EtOH_Control,141025
/datastar/behavior_rooms/2CAP/2025-08-19_13-58-44_Prat_Urgency_group3/pi-data_2025-08-19_13-58-44_Prat_Urgency_group3/box05/mic/20250819_141000.WAV,20250819_141000_subject094_070,094_070,F,EtOH_Control,141025
/datastar/behavior_rooms/2CAP/2025-08-19_13-58-44_Prat_Urgency_group3/pi-data_2025-08-19_13-58-44_Prat_Urgency_group3/box05/mic/20250819_141500.WAV,20250819_141500_subject094_070,094_070,F,EtOH_Control,141025
/datastar/behavior_rooms/2CAP/2025-08-19_13-58-44_Prat_Urgency_group3/pi-data_2025-08-19_13-58-44_Prat_Urgency_group3/box05/mic/20250819_142000.WAV,20250819_142000_subject094_070,094_070,F,EtOH_Control,141025
/datastar/behavior_rooms/2CAP/2025-08-19_13-58-44_Prat_Urgency_group3/pi-data_2025-08-19_13-58-44_Prat_Urgency_group3/box05/mic/20250819_142500.WAV,20250819_142500_subject094_070,094_070,F,EtOH_Control,141025
/datastar/behavior_rooms/2CAP/2025-08-19_13-58-44_Prat_Urgency_group3/pi-data_2025-08-19_13-58-44_Prat_Urgency_group3/box05/mic/20250819_143000.WAV,20250819_143000_subject094_070,094_070,F,EtOH_Control,141025
/datastar/behavior_rooms/2CAP/2025-08-19_13-58-44_Prat_Urgency_group3/pi-data_2025-08-19_13-58-44_Prat_Urgency_group3/box05/mic/20250819_143500.WAV,20250819_143500_subject094_070,094_070,F,EtOH_Control,141025
/datastar/behavior_rooms/2CAP/2025-08-19_13-58-44_Prat_Urgency_group3/pi-data_2025-08-19_13-58-44_Prat_Urgency_group3/box05/mic/20250819_144000.WAV,20250819_144000_subject094_070,094_070,F,EtOH_Control,141025
/datastar/behavior_rooms/2CAP/2025-08-19_13-58-44_Prat_Urgency_group3/pi-data_2025-08-19_13-58-44_Prat_Urgency_group3/box05/mic/20250819_144500.WAV,20250819_144500_subject094_070,094_070,F,EtOH_Control,141025
/datastar/behavior_rooms/2CAP/2025-08-19_13-58-44_Prat_Urgency_group3/pi-data_2025-08-19_13-58-44_Prat_Urgency_group3/box05/mic/20250819_145000.WAV,20250819_145000_subject094_070,094_070,F,EtOH_Control,141025
/datastar/behavior_rooms/2CAP/2025-08-19_13-58-44_Prat_Urgency_group3/pi-data_2025-08-19_13-58-44_Prat_Urgency_group3/box05/mic/20250819_145500.WAV,20250819_145500_subject094_070,094_070,F,EtOH_Control,141025
/datastar/behavior_rooms/2CAP/2025-08-19_13-58-44_Prat_Urgency_group3/pi-data_2025-08-19_13-58-44_Prat_Urgency_group3/box05/mic/20250819_150000.WAV,20250819_150000_subject094_070,094_070,F,EtOH_Control,141025
/datastar/behavior_rooms/2CAP/2025-08-19_13-58-44_Prat_Urgency_group3/pi-data_2025-08-19_13-58-44_Prat_Urgency_group3/box05/mic/20250819_150500.WAV,20250819_150500_subject094_070,094_070,F,EtOH_Control,141025
/datastar/behavior_rooms/2CAP/2025-08-19_13-58-44_Prat_Urgency_group3/pi-data_2025-08-19_13-58-44_Prat_Urgency_group3/box05/mic/20250819_151000.WAV,20250819_151000_subject094_070,094_070,F,EtOH_Control,141025
/datastar/behavior_rooms/2CAP/2025-08-19_13-58-44_Prat_Urgency_group3/pi-data_2025-08-19_13-58-44_Prat_Urgency_group3/box06/mic/20250819_140657.WAV,20250819_140657_subject095_087,095_087,M,EtOH_EtOH,141110
/datastar/behavior_rooms/2CAP/2025-08-19_13-58-44_Prat_Urgency_group3/pi-data_2025-08-19_13-58-44_Prat_Urgency_group3/box06/mic/20250819_141000.WAV,20250819_141000_subject095_087,095_087,M,EtOH_EtOH,141110
/datastar/behavior_rooms/2CAP/2025-08-19_13-58-44_Prat_Urgency_group3/pi-data_2025-08-19_13-58-44_Prat_Urgency_group3/box06/mic/20250819_141500.WAV,20250819_141500_subject095_087,095_087,M,EtOH_EtOH,141110
/datastar/behavior_rooms/2CAP/2025-08-19_13-58-44_Prat_Urgency_group3/pi-data_2025-08-19_13-58-44_Prat_Urgency_group3/box06/mic/20250819_142000.WAV,20250819_142000_subject095_087,095_087,M,EtOH_EtOH,141110
/datastar/behavior_rooms/2CAP/2025-08-19_13-58-44_Prat_Urgency_group3/pi-data_2025-08-19_13-58-44_Prat_Urgency_group3/box06/mic/20250819_142500.WAV,20250819_142500_subject095_087,095_087,M,EtOH_EtOH,141110
/datastar/behavior_rooms/2CAP/2025-08-19_13-58-44_Prat_Urgency_group3/pi-data_2025-08-19_13-58-44_Prat_Urgency_group3/box06/mic/20250819_143000.WAV,20250819_143000_subject095_087,095_087,M,EtOH_EtOH,141110
/datastar/behavior_rooms/2CAP/2025-08-19_13-58-44_Prat_Urgency_group3/pi-data_2025-08-19_13-58-44_Prat_Urgency_group3/box06/mic/20250819_143500.WAV,20250819_143500_subject095_087,095_087,M,EtOH_EtOH,141110
/datastar/behavior_rooms/2CAP/2025-08-19_13-58-44_Prat_Urgency_group3/pi-data_2025-08-19_13-58-44_Prat_Urgency_group3/box06/mic/20250819_144000.WAV,20250819_144000_subject095_087,095_087,M,EtOH_EtOH,141110
/datastar/behavior_rooms/2CAP/2025-08-19_13-58-44_Prat_Urgency_group3/pi-data_2025-08-19_13-58-44_Prat_Urgency_group3/box06/mic/20250819_144500.WAV,20250819_144500_subject095_087,095_087,M,EtOH_EtOH,141110
/datastar/behavior_rooms/2CAP/2025-08-19_13-58-44_Prat_Urgency_group3/pi-data_2025-08-19_13-58-44_Prat_Urgency_group3/box06/mic/20250819_145000.WAV,20250819_145000_subject095_087,095_087,M,EtOH_EtOH,141110
/datastar/behavior_rooms/2CAP/2025-08-19_13-58-44_Prat_Urgency_group3/pi-data_2025-08-19_13-58-44_Prat_Urgency_group3/box06/mic/20250819_145500.WAV,20250819_145500_subject095_087,095_087,M,EtOH_EtOH,141110
/datastar/behavior_rooms/2CAP/2025-08-19_13-58-44_Prat_Urgency_group3/pi-data_2025-08-19_13-58-44_Prat_Urgency_group3/box06/mic/20250819_150000.WAV,20250819_150000_subject095_087,095_087,M,EtOH_EtOH,141110
/datastar/behavior_rooms/2CAP/2025-08-19_13-58-44_Prat_Urgency_group3/pi-data_2025-08-19_13-58-44_Prat_Urgency_group3/box06/mic/20250819_150500.WAV,20250819_150500_subject095_087,095_087,M,EtOH_EtOH,141110
/datastar/behavior_rooms/2CAP/2025-08-19_13-58-44_Prat_Urgency_group3/pi-data_2025-08-19_13-58-44_Prat_Urgency_group3/box06/mic/20250819_151000.WAV,20250819_151000_subject095_087,095_087,M,EtOH_EtOH,141110
/datastar/behavior_rooms/2CAP/2025-08-19_15-29-22_Prat_Urgency_group4/pi-data_2025-08-19_15-29-22_Prat_Urgency_group4/box04/mic/20250819_154002.WAV,20250819_154002_subject074_088,074_088,F,Control_EtOH,154254
/datastar/behavior_rooms/2CAP/2025-08-19_15-29-22_Prat_Urgency_group4/pi-data_2025-08-19_15-29-22_Prat_Urgency_group4/box04/mic/20250819_154500.WAV,20250819_154500_subject074_088,074_088,F,Control_EtOH,154254
/datastar/behavior_rooms/2CAP/2025-08-19_15-29-22_Prat_Urgency_group4/pi-data_2025-08-19_15-29-22_Prat_Urgency_group4/box04/mic/20250819_155000.WAV,20250819_155000_subject074_088,074_088,F,Control_EtOH,154254
/datastar/behavior_rooms/2CAP/2025-08-19_15-29-22_Prat_Urgency_group4/pi-data_2025-08-19_15-29-22_Prat_Urgency_group4/box04/mic/20250819_155500.WAV,20250819_155500_subject074_088,074_088,F,Control_EtOH,154254
/datastar/behavior_rooms/2CAP/2025-08-19_15-29-22_Prat_Urgency_group4/pi-data_2025-08-19_15-29-22_Prat_Urgency_group4/box04/mic/20250819_160000.WAV,20250819_160000_subject074_088,074_088,F,Control_EtOH,154254
/datastar/behavior_rooms/2CAP/2025-08-19_15-29-22_Prat_Urgency_group4/pi-data_2025-08-19_15-29-22_Prat_Urgency_group4/box04/mic/20250819_160500.WAV,20250819_160500_subject074_088,074_088,F,Control_EtOH,154254
/datastar/behavior_rooms/2CAP/2025-08-19_15-29-22_Prat_Urgency_group4/pi-data_2025-08-19_15-29-22_Prat_Urgency_group4/box04/mic/20250819_161000.WAV,20250819_161000_subject074_088,074_088,F,Control_EtOH,154254
/datastar/behavior_rooms/2CAP/2025-08-19_15-29-22_Prat_Urgency_group4/pi-data_2025-08-19_15-29-22_Prat_Urgency_group4/box04/mic/20250819_161500.WAV,20250819_161500_subject074_088,074_088,F,Control_EtOH,154254
/datastar/behavior_rooms/2CAP/2025-08-19_15-29-22_Prat_Urgency_group4/pi-data_2025-08-19_15-29-22_Prat_Urgency_group4/box04/mic/20250819_162000.WAV,20250819_162000_subject074_088,074_088,F,Control_EtOH,154254
/datastar/behavior_rooms/2CAP/2025-08-19_15-29-22_Prat_Urgency_group4/pi-data_2025-08-19_15-29-22_Prat_Urgency_group4/box04/mic/20250819_162500.WAV,20250819_162500_subject074_088,074_088,F,Control_EtOH,154254
/datastar/behavior_rooms/2CAP/2025-08-19_15-29-22_Prat_Urgency_group4/pi-data_2025-08-19_15-29-22_Prat_Urgency_group4/box04/mic/20250819_163000.WAV,20250819_163000_subject074_088,074_088,F,Control_EtOH,154254
/datastar/behavior_rooms/2CAP/2025-08-19_15-29-22_Prat_Urgency_group4/pi-data_2025-08-19_15-29-22_Prat_Urgency_group4/box04/mic/20250819_163500.WAV,20250819_163500_subject074_088,074_088,F,Control_EtOH,154254
/datastar/behavior_rooms/2CAP/2025-08-19_15-29-22_Prat_Urgency_group4/pi-data_2025-08-19_15-29-22_Prat_Urgency_group4/box04/mic/20250819_164000.WAV,20250819_164000_subject074_088,074_088,F,Control_EtOH,154254
/datastar/behavior_rooms/2CAP/2025-08-19_15-29-22_Prat_Urgency_group4/pi-data_2025-08-19_15-29-22_Prat_Urgency_group4/box04/mic/20250819_164500.WAV,20250819_164500_subject074_088,074_088,F,Control_EtOH,154254
/datastar/behavior_rooms/2CAP/2025-08-19_15-29-22_Prat_Urgency_group4/pi-data_2025-08-19_15-29-22_Prat_Urgency_group4/box05/mic/20250819_154002.WAV,20250819_154002_subject075_071,075_071,M,Control_Control,154351
/datastar/behavior_rooms/2CAP/2025-08-19_15-29-22_Prat_Urgency_group4/pi-data_2025-08-19_15-29-22_Prat_Urgency_group4/box05/mic/20250819_154500.WAV,20250819_154500_subject075_071,075_071,M,Control_Control,154351
/datastar/behavior_rooms/2CAP/2025-08-19_15-29-22_Prat_Urgency_group4/pi-data_2025-08-19_15-29-22_Prat_Urgency_group4/box05/mic/20250819_155000.WAV,20250819_155000_subject075_071,075_071,M,Control_Control,154351
/datastar/behavior_rooms/2CAP/2025-08-19_15-29-22_Prat_Urgency_group4/pi-data_2025-08-19_15-29-22_Prat_Urgency_group4/box05/mic/20250819_155500.WAV,20250819_155500_subject075_071,075_071,M,Control_Control,154351
/datastar/behavior_rooms/2CAP/2025-08-19_15-29-22_Prat_Urgency_group4/pi-data_2025-08-19_15-29-22_Prat_Urgency_group4/box05/mic/20250819_160000.WAV,20250819_160000_subject075_071,075_071,M,Control_Control,154351
/datastar/behavior_rooms/2CAP/2025-08-19_15-29-22_Prat_Urgency_group4/pi-data_2025-08-19_15-29-22_Prat_Urgency_group4/box05/mic/20250819_160500.WAV,20250819_160500_subject075_071,075_071,M,Control_Control,154351
/datastar/behavior_rooms/2CAP/2025-08-19_15-29-22_Prat_Urgency_group4/pi-data_2025-08-19_15-29-22_Prat_Urgency_group4/box05/mic/20250819_161000.WAV,20250819_161000_subject075_071,075_071,M,Control_Control,154351
/datastar/behavior_rooms/2CAP/2025-08-19_15-29-22_Prat_Urgency_group4/pi-data_2025-08-19_15-29-22_Prat_Urgency_group4/box05/mic/20250819_161500.WAV,20250819_161500_subject075_071,075_071,M,Control_Control,154351
/datastar/behavior_rooms/2CAP/2025-08-19_15-29-22_Prat_Urgency_group4/pi-data_2025-08-19_15-29-22_Prat_Urgency_group4/box05/mic/20250819_162000.WAV,20250819_162000_subject075_071,075_071,M,Control_Control,154351
/datastar/behavior_rooms/2CAP/2025-08-19_15-29-22_Prat_Urgency_group4/pi-data_2025-08-19_15-29-22_Prat_Urgency_group4/box05/mic/20250819_162500.WAV,20250819_162500_subject075_071,075_071,M,Control_Control,154351
/datastar/behavior_rooms/2CAP/2025-08-19_15-29-22_Prat_Urgency_group4/pi-data_2025-08-19_15-29-22_Prat_Urgency_group4/box05/mic/20250819_163000.WAV,20250819_163000_subject075_071,075_071,M,Control_Control,154351
/datastar/behavior_rooms/2CAP/2025-08-19_15-29-22_Prat_Urgency_group4/pi-data_2025-08-19_15-29-22_Prat_Urgency_group4/box05/mic/20250819_163500.WAV,20250819_163500_subject075_071,075_071,M,Control_Control,154351
/datastar/behavior_rooms/2CAP/2025-08-19_15-29-22_Prat_Urgency_group4/pi-data_2025-08-19_15-29-22_Prat_Urgency_group4/box05/mic/20250819_164000.WAV,20250819_164000_subject075_071,075_071,M,Control_Control,154351
/datastar/behavior_rooms/2CAP/2025-08-19_15-29-22_Prat_Urgency_group4/pi-data_2025-08-19_15-29-22_Prat_Urgency_group4/box05/mic/20250819_164500.WAV,20250819_164500_subject075_071,075_071,M,Control_Control,154351
/datastar/behavior_rooms/2CAP/2025-08-19_15-29-22_Prat_Urgency_group4/pi-data_2025-08-19_15-29-22_Prat_Urgency_group4/box02/mic/20250819_154002.WAV,20250819_154002_subject077_097,077_097,M,Control_EtOH,154158
/datastar/behavior_rooms/2CAP/2025-08-19_15-29-22_Prat_Urgency_group4/pi-data_2025-08-19_15-29-22_Prat_Urgency_group4/box02/mic/20250819_154500.WAV,20250819_154500_subject077_097,077_097,M,Control_EtOH,154158
/datastar/behavior_rooms/2CAP/2025-08-19_15-29-22_Prat_Urgency_group4/pi-data_2025-08-19_15-29-22_Prat_Urgency_group4/box02/mic/20250819_155000.WAV,20250819_155000_subject077_097,077_097,M,Control_EtOH,154158
/datastar/behavior_rooms/2CAP/2025-08-19_15-29-22_Prat_Urgency_group4/pi-data_2025-08-19_15-29-22_Prat_Urgency_group4/box02/mic/20250819_155500.WAV,20250819_155500_subject077_097,077_097,M,Control_EtOH,154158
/datastar/behavior_rooms/2CAP/2025-08-19_15-29-22_Prat_Urgency_group4/pi-data_2025-08-19_15-29-22_Prat_Urgency_group4/box02/mic/20250819_160000.WAV,20250819_160000_subject077_097,077_097,M,Control_EtOH,154158
/datastar/behavior_rooms/2CAP/2025-08-19_15-29-22_Prat_Urgency_group4/pi-data_2025-08-19_15-29-22_Prat_Urgency_group4/box02/mic/20250819_160500.WAV,20250819_160500_subject077_097,077_097,M,Control_EtOH,154158
/datastar/behavior_rooms/2CAP/2025-08-19_15-29-22_Prat_Urgency_group4/pi-data_2025-08-19_15-29-22_Prat_Urgency_group4/box02/mic/20250819_161000.WAV,20250819_161000_subject077_097,077_097,M,Control_EtOH,154158
/datastar/behavior_rooms/2CAP/2025-08-19_15-29-22_Prat_Urgency_group4/pi-data_2025-08-19_15-29-22_Prat_Urgency_group4/box02/mic/20250819_161500.WAV,20250819_161500_subject077_097,077_097,M,Control_EtOH,154158
/datastar/behavior_rooms/2CAP/2025-08-19_15-29-22_Prat_Urgency_group4/pi-data_2025-08-19_15-29-22_Prat_Urgency_group4/box02/mic/20250819_162000.WAV,20250819_162000_subject077_097,077_097,M,Control_EtOH,154158
/datastar/behavior_rooms/2CAP/2025-08-19_15-29-22_Prat_Urgency_group4/pi-data_2025-08-19_15-29-22_Prat_Urgency_group4/box02/mic/20250819_162500.WAV,20250819_162500_subject077_097,077_097,M,Control_EtOH,154158
/datastar/behavior_rooms/2CAP/2025-08-19_15-29-22_Prat_Urgency_group4/pi-data_2025-08-19_15-29-22_Prat_Urgency_group4/box02/mic/20250819_163000.WAV,20250819_163000_subject077_097,077_097,M,Control_EtOH,154158
/datastar/behavior_rooms/2CAP/2025-08-19_15-29-22_Prat_Urgency_group4/pi-data_2025-08-19_15-29-22_Prat_Urgency_group4/box02/mic/20250819_163500.WAV,20250819_163500_subject077_097,077_097,M,Control_EtOH,154158
/datastar/behavior_rooms/2CAP/2025-08-19_15-29-22_Prat_Urgency_group4/pi-data_2025-08-19_15-29-22_Prat_Urgency_group4/box02/mic/20250819_164000.WAV,20250819_164000_subject077_097,077_097,M,Control_EtOH,154158
/datastar/behavior_rooms/2CAP/2025-08-19_15-29-22_Prat_Urgency_group4/pi-data_2025-08-19_15-29-22_Prat_Urgency_group4/box02/mic/20250819_164500.WAV,20250819_164500_subject077_097,077_097,M,Control_EtOH,154158
/datastar/behavior_rooms/2CAP/2025-08-19_15-29-22_Prat_Urgency_group4/pi-data_2025-08-19_15-29-22_Prat_Urgency_group4/box03/mic/20250819_154002.WAV,20250819_154002_subject078,078,F,Control,154220
/datastar/behavior_rooms/2CAP/2025-08-19_15-29-22_Prat_Urgency_group4/pi-data_2025-08-19_15-29-22_Prat_Urgency_group4/box03/mic/20250819_154500.WAV,20250819_154500_subject078,078,F,Control,154220
/datastar/behavior_rooms/2CAP/2025-08-19_15-29-22_Prat_Urgency_group4/pi-data_2025-08-19_15-29-22_Prat_Urgency_group4/box03/mic/20250819_155000.WAV,20250819_155000_subject078,078,F,Control,154220
/datastar/behavior_rooms/2CAP/2025-08-19_15-29-22_Prat_Urgency_group4/pi-data_2025-08-19_15-29-22_Prat_Urgency_group4/box03/mic/20250819_155500.WAV,20250819_155500_subject078,078,F,Control,154220
/datastar/behavior_rooms/2CAP/2025-08-19_15-29-22_Prat_Urgency_group4/pi-data_2025-08-19_15-29-22_Prat_Urgency_group4/box03/mic/20250819_160000.WAV,20250819_160000_subject078,078,F,Control,154220
/datastar/behavior_rooms/2CAP/2025-08-19_15-29-22_Prat_Urgency_group4/pi-data_2025-08-19_15-29-22_Prat_Urgency_group4/box03/mic/20250819_160500.WAV,20250819_160500_subject078,078,F,Control,154220
/datastar/behavior_rooms/2CAP/2025-08-19_15-29-22_Prat_Urgency_group4/pi-data_2025-08-19_15-29-22_Prat_Urgency_group4/box03/mic/20250819_161000.WAV,20250819_161000_subject078,078,F,Control,154220
/datastar/behavior_rooms/2CAP/2025-08-19_15-29-22_Prat_Urgency_group4/pi-data_2025-08-19_15-29-22_Prat_Urgency_group4/box03/mic/20250819_161500.WAV,20250819_161500_subject078,078,F,Control,154220
/datastar/behavior_rooms/2CAP/2025-08-19_15-29-22_Prat_Urgency_group4/pi-data_2025-08-19_15-29-22_Prat_Urgency_group4/box03/mic/20250819_162000.WAV,20250819_162000_subject078,078,F,Control,154220
/datastar/behavior_rooms/2CAP/2025-08-19_15-29-22_Prat_Urgency_group4/pi-data_2025-08-19_15-29-22_Prat_Urgency_group4/box03/mic/20250819_162500.WAV,20250819_162500_subject078,078,F,Control,154220
/datastar/behavior_rooms/2CAP/2025-08-19_15-29-22_Prat_Urgency_group4/pi-data_2025-08-19_15-29-22_Prat_Urgency_group4/box03/mic/20250819_163000.WAV,20250819_163000_subject078,078,F,Control,154220
/datastar/behavior_rooms/2CAP/2025-08-19_15-29-22_Prat_Urgency_group4/pi-data_2025-08-19_15-29-22_Prat_Urgency_group4/box03/mic/20250819_163500.WAV,20250819_163500_subject078,078,F,Control,154220
/datastar/behavior_rooms/2CAP/2025-08-19_15-29-22_Prat_Urgency_group4/pi-data_2025-08-19_15-29-22_Prat_Urgency_group4/box03/mic/20250819_164000.WAV,20250819_164000_subject078,078,F,Control,154220
/datastar/behavior_rooms/2CAP/2025-08-19_15-29-22_Prat_Urgency_group4/pi-data_2025-08-19_15-29-22_Prat_Urgency_group4/box03/mic/20250819_164500.WAV,20250819_164500_subject078,078,F,Control,154220
/datastar/behavior_rooms/2CAP/2025-08-19_15-29-22_Prat_Urgency_group4/pi-data_2025-08-19_15-29-22_Prat_Urgency_group4/box01/mic/20250819_154002.WAV,20250819_154002_subject093_079,093_079,M,EtOH_EtOH,154115
/datastar/behavior_rooms/2CAP/2025-08-19_15-29-22_Prat_Urgency_group4/pi-data_2025-08-19_15-29-22_Prat_Urgency_group4/box01/mic/20250819_154500.WAV,20250819_154500_subject093_079,093_079,M,EtOH_EtOH,154115
/datastar/behavior_rooms/2CAP/2025-08-19_15-29-22_Prat_Urgency_group4/pi-data_2025-08-19_15-29-22_Prat_Urgency_group4/box01/mic/20250819_155000.WAV,20250819_155000_subject093_079,093_079,M,EtOH_EtOH,154115
/datastar/behavior_rooms/2CAP/2025-08-19_15-29-22_Prat_Urgency_group4/pi-data_2025-08-19_15-29-22_Prat_Urgency_group4/box01/mic/20250819_155500.WAV,20250819_155500_subject093_079,093_079,M,EtOH_EtOH,154115
/datastar/behavior_rooms/2CAP/2025-08-19_15-29-22_Prat_Urgency_group4/pi-data_2025-08-19_15-29-22_Prat_Urgency_group4/box01/mic/20250819_160000.WAV,20250819_160000_subject093_079,093_079,M,EtOH_EtOH,154115
/datastar/behavior_rooms/2CAP/2025-08-19_15-29-22_Prat_Urgency_group4/pi-data_2025-08-19_15-29-22_Prat_Urgency_group4/box01/mic/20250819_160500.WAV,20250819_160500_subject093_079,093_079,M,EtOH_EtOH,154115
/datastar/behavior_rooms/2CAP/2025-08-19_15-29-22_Prat_Urgency_group4/pi-data_2025-08-19_15-29-22_Prat_Urgency_group4/box01/mic/20250819_161000.WAV,20250819_161000_subject093_079,093_079,M,EtOH_EtOH,154115
/datastar/behavior_rooms/2CAP/2025-08-19_15-29-22_Prat_Urgency_group4/pi-data_2025-08-19_15-29-22_Prat_Urgency_group4/box01/mic/20250819_161500.WAV,20250819_161500_subject093_079,093_079,M,EtOH_EtOH,154115
/datastar/behavior_rooms/2CAP/2025-08-19_15-29-22_Prat_Urgency_group4/pi-data_2025-08-19_15-29-22_Prat_Urgency_group4/box01/mic/20250819_162000.WAV,20250819_162000_subject093_079,093_079,M,EtOH_EtOH,154115
/datastar/behavior_rooms/2CAP/2025-08-19_15-29-22_Prat_Urgency_group4/pi-data_2025-08-19_15-29-22_Prat_Urgency_group4/box01/mic/20250819_162500.WAV,20250819_162500_subject093_079,093_079,M,EtOH_EtOH,154115
/datastar/behavior_rooms/2CAP/2025-08-19_15-29-22_Prat_Urgency_group4/pi-data_2025-08-19_15-29-22_Prat_Urgency_group4/box01/mic/20250819_163000.WAV,20250819_163000_subject093_079,093_079,M,EtOH_EtOH,154115
/datastar/behavior_rooms/2CAP/2025-08-19_15-29-22_Prat_Urgency_group4/pi-data_2025-08-19_15-29-22_Prat_Urgency_group4/box01/mic/20250819_163500.WAV,20250819_163500_subject093_079,093_079,M,EtOH_EtOH,154115
/datastar/behavior_rooms/2CAP/2025-08-19_15-29-22_Prat_Urgency_group4/pi-data_2025-08-19_15-29-22_Prat_Urgency_group4/box01/mic/20250819_164000.WAV,20250819_164000_subject093_079,093_079,M,EtOH_EtOH,154115
/datastar/behavior_rooms/2CAP/2025-08-19_15-29-22_Prat_Urgency_group4/pi-data_2025-08-19_15-29-22_Prat_Urgency_group4/box01/mic/20250819_164500.WAV,20250819_164500_subject093_079,093_079,M,EtOH_EtOH,154115
/datastar/behavior_rooms/2CAP/2025-08-19_15-29-22_Prat_Urgency_group4/pi-data_2025-08-19_15-29-22_Prat_Urgency_group4/box06/mic/20250819_154003.WAV,20250819_154003_subject098,098,F,EtOH,154403
/datastar/behavior_rooms/2CAP/2025-08-19_15-29-22_Prat_Urgency_group4/pi-data_2025-08-19_15-29-22_Prat_Urgency_group4/box06/mic/20250819_154500.WAV,20250819_154500_subject098,098,F,EtOH,154403
/datastar/behavior_rooms/2CAP/2025-08-19_15-29-22_Prat_Urgency_group4/pi-data_2025-08-19_15-29-22_Prat_Urgency_group4/box06/mic/20250819_155000.WAV,20250819_155000_subject098,098,F,EtOH,154403
/datastar/behavior_rooms/2CAP/2025-08-19_15-29-22_Prat_Urgency_group4/pi-data_2025-08-19_15-29-22_Prat_Urgency_group4/box06/mic/20250819_155500.WAV,20250819_155500_subject098,098,F,EtOH,154403
/datastar/behavior_rooms/2CAP/2025-08-19_15-29-22_Prat_Urgency_group4/pi-data_2025-08-19_15-29-22_Prat_Urgency_group4/box06/mic/20250819_160000.WAV,20250819_160000_subject098,098,F,EtOH,154403
/datastar/behavior_rooms/2CAP/2025-08-19_15-29-22_Prat_Urgency_group4/pi-data_2025-08-19_15-29-22_Prat_Urgency_group4/box06/mic/20250819_160500.WAV,20250819_160500_subject098,098,F,EtOH,154403
/datastar/behavior_rooms/2CAP/2025-08-19_15-29-22_Prat_Urgency_group4/pi-data_2025-08-19_15-29-22_Prat_Urgency_group4/box06/mic/20250819_161000.WAV,20250819_161000_subject098,098,F,EtOH,154403
/datastar/behavior_rooms/2CAP/2025-08-19_15-29-22_Prat_Urgency_group4/pi-data_2025-08-19_15-29-22_Prat_Urgency_group4/box06/mic/20250819_161500.WAV,20250819_161500_subject098,098,F,EtOH,154403
/datastar/behavior_rooms/2CAP/2025-08-19_15-29-22_Prat_Urgency_group4/pi-data_2025-08-19_15-29-22_Prat_Urgency_group4/box06/mic/20250819_162000.WAV,20250819_162000_subject098,098,F,EtOH,154403
/datastar/behavior_rooms/2CAP/2025-08-19_15-29-22_Prat_Urgency_group4/pi-data_2025-08-19_15-29-22_Prat_Urgency_group4/box06/mic/20250819_162500.WAV,20250819_162500_subject098,098,F,EtOH,154403
/datastar/behavior_rooms/2CAP/2025-08-19_15-29-22_Prat_Urgency_group4/pi-data_2025-08-19_15-29-22_Prat_Urgency_group4/box06/mic/20250819_163000.WAV,20250819_163000_subject098,098,F,EtOH,154403
/datastar/behavior_rooms/2CAP/2025-08-19_15-29-22_Prat_Urgency_group4/pi-data_2025-08-19_15-29-22_Prat_Urgency_group4/box06/mic/20250819_163500.WAV,20250819_163500_subject098,098,F,EtOH,154403
/datastar/behavior_rooms/2CAP/2025-08-19_15-29-22_Prat_Urgency_group4/pi-data_2025-08-19_15-29-22_Prat_Urgency_group4/box06/mic/20250819_164000.WAV,20250819_164000_subject098,098,F,EtOH,154403
/datastar/behavior_rooms/2CAP/2025-08-19_15-29-22_Prat_Urgency_group4/pi-data_2025-08-19_15-29-22_Prat_Urgency_group4/box06/mic/20250819_164500.WAV,20250819_164500_subject098,098,F,EtOH,154403
/datastar/behavior_rooms/2CAP/2025-08-20_10-29-01_Prat_Urgency_group1/pi-data_2025-08-20_10-29-01_Prat_Urgency_group1/box03/mic/20250820_103611.WAV,20250820_103611_subject071,071,M,Control,103835
/datastar/behavior_rooms/2CAP/2025-08-20_10-29-01_Prat_Urgency_group1/pi-data_2025-08-20_10-29-01_Prat_Urgency_group1/box03/mic/20250820_104000.WAV,20250820_104000_subject071,071,M,Control,103835
/datastar/behavior_rooms/2CAP/2025-08-20_10-29-01_Prat_Urgency_group1/pi-data_2025-08-20_10-29-01_Prat_Urgency_group1/box03/mic/20250820_104500.WAV,20250820_104500_subject071,071,M,Control,103835
/datastar/behavior_rooms/2CAP/2025-08-20_10-29-01_Prat_Urgency_group1/pi-data_2025-08-20_10-29-01_Prat_Urgency_group1/box03/mic/20250820_105000.WAV,20250820_105000_subject071,071,M,Control,103835
/datastar/behavior_rooms/2CAP/2025-08-20_10-29-01_Prat_Urgency_group1/pi-data_2025-08-20_10-29-01_Prat_Urgency_group1/box03/mic/20250820_105500.WAV,20250820_105500_subject071,071,M,Control,103835
/datastar/behavior_rooms/2CAP/2025-08-20_10-29-01_Prat_Urgency_group1/pi-data_2025-08-20_10-29-01_Prat_Urgency_group1/box03/mic/20250820_110000.WAV,20250820_110000_subject071,071,M,Control,103835
/datastar/behavior_rooms/2CAP/2025-08-20_10-29-01_Prat_Urgency_group1/pi-data_2025-08-20_10-29-01_Prat_Urgency_group1/box03/mic/20250820_110500.WAV,20250820_110500_subject071,071,M,Control,103835
/datastar/behavior_rooms/2CAP/2025-08-20_10-29-01_Prat_Urgency_group1/pi-data_2025-08-20_10-29-01_Prat_Urgency_group1/box03/mic/20250820_111000.WAV,20250820_111000_subject071,071,M,Control,103835
/datastar/behavior_rooms/2CAP/2025-08-20_10-29-01_Prat_Urgency_group1/pi-data_2025-08-20_10-29-01_Prat_Urgency_group1/box03/mic/20250820_111500.WAV,20250820_111500_subject071,071,M,Control,103835
/datastar/behavior_rooms/2CAP/2025-08-20_10-29-01_Prat_Urgency_group1/pi-data_2025-08-20_10-29-01_Prat_Urgency_group1/box03/mic/20250820_112000.WAV,20250820_112000_subject071,071,M,Control,103835
/datastar/behavior_rooms/2CAP/2025-08-20_10-29-01_Prat_Urgency_group1/pi-data_2025-08-20_10-29-01_Prat_Urgency_group1/box03/mic/20250820_112500.WAV,20250820_112500_subject071,071,M,Control,103835
/datastar/behavior_rooms/2CAP/2025-08-20_10-29-01_Prat_Urgency_group1/pi-data_2025-08-20_10-29-01_Prat_Urgency_group1/box03/mic/20250820_113000.WAV,20250820_113000_subject071,071,M,Control,103835
/datastar/behavior_rooms/2CAP/2025-08-20_10-29-01_Prat_Urgency_group1/pi-data_2025-08-20_10-29-01_Prat_Urgency_group1/box03/mic/20250820_113500.WAV,20250820_113500_subject071,071,M,Control,103835
/datastar/behavior_rooms/2CAP/2025-08-20_10-29-01_Prat_Urgency_group1/pi-data_2025-08-20_10-29-01_Prat_Urgency_group1/box03/mic/20250820_114000.WAV,20250820_114000_subject071,071,M,Control,103835
/datastar/behavior_rooms/2CAP/2025-08-20_10-29-01_Prat_Urgency_group1/pi-data_2025-08-20_10-29-01_Prat_Urgency_group1/box06/mic/20250820_103611.WAV,20250820_103611_subject074_088,074_088,F,Control_EtOH,104032
/datastar/behavior_rooms/2CAP/2025-08-20_10-29-01_Prat_Urgency_group1/pi-data_2025-08-20_10-29-01_Prat_Urgency_group1/box06/mic/20250820_104000.WAV,20250820_104000_subject074_088,074_088,F,Control_EtOH,104032
/datastar/behavior_rooms/2CAP/2025-08-20_10-29-01_Prat_Urgency_group1/pi-data_2025-08-20_10-29-01_Prat_Urgency_group1/box06/mic/20250820_104500.WAV,20250820_104500_subject074_088,074_088,F,Control_EtOH,104032
/datastar/behavior_rooms/2CAP/2025-08-20_10-29-01_Prat_Urgency_group1/pi-data_2025-08-20_10-29-01_Prat_Urgency_group1/box06/mic/20250820_105000.WAV,20250820_105000_subject074_088,074_088,F,Control_EtOH,104032
/datastar/behavior_rooms/2CAP/2025-08-20_10-29-01_Prat_Urgency_group1/pi-data_2025-08-20_10-29-01_Prat_Urgency_group1/box06/mic/20250820_105500.WAV,20250820_105500_subject074_088,074_088,F,Control_EtOH,104032
/datastar/behavior_rooms/2CAP/2025-08-20_10-29-01_Prat_Urgency_group1/pi-data_2025-08-20_10-29-01_Prat_Urgency_group1/box06/mic/20250820_110000.WAV,20250820_110000_subject074_088,074_088,F,Control_EtOH,104032
/datastar/behavior_rooms/2CAP/2025-08-20_10-29-01_Prat_Urgency_group1/pi-data_2025-08-20_10-29-01_Prat_Urgency_group1/box06/mic/20250820_110500.WAV,20250820_110500_subject074_088,074_088,F,Control_EtOH,104032
/datastar/behavior_rooms/2CAP/2025-08-20_10-29-01_Prat_Urgency_group1/pi-data_2025-08-20_10-29-01_Prat_Urgency_group1/box06/mic/20250820_111000.WAV,20250820_111000_subject074_088,074_088,F,Control_EtOH,104032
/datastar/behavior_rooms/2CAP/2025-08-20_10-29-01_Prat_Urgency_group1/pi-data_2025-08-20_10-29-01_Prat_Urgency_group1/box06/mic/20250820_111500.WAV,20250820_111500_subject074_088,074_088,F,Control_EtOH,104032
/datastar/behavior_rooms/2CAP/2025-08-20_10-29-01_Prat_Urgency_group1/pi-data_2025-08-20_10-29-01_Prat_Urgency_group1/box06/mic/20250820_112000.WAV,20250820_112000_subject074_088,074_088,F,Control_EtOH,104032
/datastar/behavior_rooms/2CAP/2025-08-20_10-29-01_Prat_Urgency_group1/pi-data_2025-08-20_10-29-01_Prat_Urgency_group1/box06/mic/20250820_112500.WAV,20250820_112500_subject074_088,074_088,F,Control_EtOH,104032
/datastar/behavior_rooms/2CAP/2025-08-20_10-29-01_Prat_Urgency_group1/pi-data_2025-08-20_10-29-01_Prat_Urgency_group1/box06/mic/20250820_113000.WAV,20250820_113000_subject074_088,074_088,F,Control_EtOH,104032
/datastar/behavior_rooms/2CAP/2025-08-20_10-29-01_Prat_Urgency_group1/pi-data_2025-08-20_10-29-01_Prat_Urgency_group1/box06/mic/20250820_113500.WAV,20250820_113500_subject074_088,074_088,F,Control_EtOH,104032
/datastar/behavior_rooms/2CAP/2025-08-20_10-29-01_Prat_Urgency_group1/pi-data_2025-08-20_10-29-01_Prat_Urgency_group1/box06/mic/20250820_114000.WAV,20250820_114000_subject074_088,074_088,F,Control_EtOH,104032
/datastar/behavior_rooms/2CAP/2025-08-20_10-29-01_Prat_Urgency_group1/pi-data_2025-08-20_10-29-01_Prat_Urgency_group1/box04/mic/20250820_103611.WAV,20250820_103611_subject075_097,075_097,M,Control_EtOH,103920
/datastar/behavior_rooms/2CAP/2025-08-20_10-29-01_Prat_Urgency_group1/pi-data_2025-08-20_10-29-01_Prat_Urgency_group1/box04/mic/20250820_104000.WAV,20250820_104000_subject075_097,075_097,M,Control_EtOH,103920
/datastar/behavior_rooms/2CAP/2025-08-20_10-29-01_Prat_Urgency_group1/pi-data_2025-08-20_10-29-01_Prat_Urgency_group1/box04/mic/20250820_104500.WAV,20250820_104500_subject075_097,075_097,M,Control_EtOH,103920
/datastar/behavior_rooms/2CAP/2025-08-20_10-29-01_Prat_Urgency_group1/pi-data_2025-08-20_10-29-01_Prat_Urgency_group1/box04/mic/20250820_105000.WAV,20250820_105000_subject075_097,075_097,M,Control_EtOH,103920
/datastar/behavior_rooms/2CAP/2025-08-20_10-29-01_Prat_Urgency_group1/pi-data_2025-08-20_10-29-01_Prat_Urgency_group1/box04/mic/20250820_105500.WAV,20250820_105500_subject075_097,075_097,M,Control_EtOH,103920
/datastar/behavior_rooms/2CAP/2025-08-20_10-29-01_Prat_Urgency_group1/pi-data_2025-08-20_10-29-01_Prat_Urgency_group1/box04/mic/20250820_110000.WAV,20250820_110000_subject075_097,075_097,M,Control_EtOH,103920
/datastar/behavior_rooms/2CAP/2025-08-20_10-29-01_Prat_Urgency_group1/pi-data_2025-08-20_10-29-01_Prat_Urgency_group1/box04/mic/20250820_110500.WAV,20250820_110500_subject075_097,075_097,M,Control_EtOH,103920
/datastar/behavior_rooms/2CAP/2025-08-20_10-29-01_Prat_Urgency_group1/pi-data_2025-08-20_10-29-01_Prat_Urgency_group1/box04/mic/20250820_111000.WAV,20250820_111000_subject075_097,075_097,M,Control_EtOH,103920
/datastar/behavior_rooms/2CAP/2025-08-20_10-29-01_Prat_Urgency_group1/pi-data_2025-08-20_10-29-01_Prat_Urgency_group1/box04/mic/20250820_111500.WAV,20250820_111500_subject075_097,075_097,M,Control_EtOH,103920
/datastar/behavior_rooms/2CAP/2025-08-20_10-29-01_Prat_Urgency_group1/pi-data_2025-08-20_10-29-01_Prat_Urgency_group1/box04/mic/20250820_112000.WAV,20250820_112000_subject075_097,075_097,M,Control_EtOH,103920
/datastar/behavior_rooms/2CAP/2025-08-20_10-29-01_Prat_Urgency_group1/pi-data_2025-08-20_10-29-01_Prat_Urgency_group1/box04/mic/20250820_112500.WAV,20250820_112500_subject075_097,075_097,M,Control_EtOH,103920
/datastar/behavior_rooms/2CAP/2025-08-20_10-29-01_Prat_Urgency_group1/pi-data_2025-08-20_10-29-01_Prat_Urgency_group1/box04/mic/20250820_113000.WAV,20250820_113000_subject075_097,075_097,M,Control_EtOH,103920
/datastar/behavior_rooms/2CAP/2025-08-20_10-29-01_Prat_Urgency_group1/pi-data_2025-08-20_10-29-01_Prat_Urgency_group1/box04/mic/20250820_113500.WAV,20250820_113500_subject075_097,075_097,M,Control_EtOH,103920
/datastar/behavior_rooms/2CAP/2025-08-20_10-29-01_Prat_Urgency_group1/pi-data_2025-08-20_10-29-01_Prat_Urgency_group1/box04/mic/20250820_114000.WAV,20250820_114000_subject075_097,075_097,M,Control_EtOH,103920
/datastar/behavior_rooms/2CAP/2025-08-20_10-29-01_Prat_Urgency_group1/pi-data_2025-08-20_10-29-01_Prat_Urgency_group1/box01/mic/20250820_103611.WAV,20250820_103611_subject078_098,078_098,F,Control_EtOH,103720
/datastar/behavior_rooms/2CAP/2025-08-20_10-29-01_Prat_Urgency_group1/pi-data_2025-08-20_10-29-01_Prat_Urgency_group1/box01/mic/20250820_104000.WAV,20250820_104000_subject078_098,078_098,F,Control_EtOH,103720
/datastar/behavior_rooms/2CAP/2025-08-20_10-29-01_Prat_Urgency_group1/pi-data_2025-08-20_10-29-01_Prat_Urgency_group1/box01/mic/20250820_104500.WAV,20250820_104500_subject078_098,078_098,F,Control_EtOH,103720
/datastar/behavior_rooms/2CAP/2025-08-20_10-29-01_Prat_Urgency_group1/pi-data_2025-08-20_10-29-01_Prat_Urgency_group1/box01/mic/20250820_105000.WAV,20250820_105000_subject078_098,078_098,F,Control_EtOH,103720
/datastar/behavior_rooms/2CAP/2025-08-20_10-29-01_Prat_Urgency_group1/pi-data_2025-08-20_10-29-01_Prat_Urgency_group1/box01/mic/20250820_105500.WAV,20250820_105500_subject078_098,078_098,F,Control_EtOH,103720
/datastar/behavior_rooms/2CAP/2025-08-20_10-29-01_Prat_Urgency_group1/pi-data_2025-08-20_10-29-01_Prat_Urgency_group1/box01/mic/20250820_110000.WAV,20250820_110000_subject078_098,078_098,F,Control_EtOH,103720
/datastar/behavior_rooms/2CAP/2025-08-20_10-29-01_Prat_Urgency_group1/pi-data_2025-08-20_10-29-01_Prat_Urgency_group1/box01/mic/20250820_110500.WAV,20250820_110500_subject078_098,078_098,F,Control_EtOH,103720
/datastar/behavior_rooms/2CAP/2025-08-20_10-29-01_Prat_Urgency_group1/pi-data_2025-08-20_10-29-01_Prat_Urgency_group1/box01/mic/20250820_111000.WAV,20250820_111000_subject078_098,078_098,F,Control_EtOH,103720
/datastar/behavior_rooms/2CAP/2025-08-20_10-29-01_Prat_Urgency_group1/pi-data_2025-08-20_10-29-01_Prat_Urgency_group1/box01/mic/20250820_111500.WAV,20250820_111500_subject078_098,078_098,F,Control_EtOH,103720
/datastar/behavior_rooms/2CAP/2025-08-20_10-29-01_Prat_Urgency_group1/pi-data_2025-08-20_10-29-01_Prat_Urgency_group1/box01/mic/20250820_112000.WAV,20250820_112000_subject078_098,078_098,F,Control_EtOH,103720
/datastar/behavior_rooms/2CAP/2025-08-20_10-29-01_Prat_Urgency_group1/pi-data_2025-08-20_10-29-01_Prat_Urgency_group1/box01/mic/20250820_112500.WAV,20250820_112500_subject078_098,078_098,F,Control_EtOH,103720
/datastar/behavior_rooms/2CAP/2025-08-20_10-29-01_Prat_Urgency_group1/pi-data_2025-08-20_10-29-01_Prat_Urgency_group1/box01/mic/20250820_113000.WAV,20250820_113000_subject078_098,078_098,F,Control_EtOH,103720
/datastar/behavior_rooms/2CAP/2025-08-20_10-29-01_Prat_Urgency_group1/pi-data_2025-08-20_10-29-01_Prat_Urgency_group1/box01/mic/20250820_113500.WAV,20250820_113500_subject078_098,078_098,F,Control_EtOH,103720
/datastar/behavior_rooms/2CAP/2025-08-20_10-29-01_Prat_Urgency_group1/pi-data_2025-08-20_10-29-01_Prat_Urgency_group1/box01/mic/20250820_114000.WAV,20250820_114000_subject078_098,078_098,F,Control_EtOH,103720
/datastar/behavior_rooms/2CAP/2025-08-20_10-29-01_Prat_Urgency_group1/pi-data_2025-08-20_10-29-01_Prat_Urgency_group1/box02/mic/20250820_103611.WAV,20250820_103611_subject079_077,079_077,M,EtOH_Control,103810
/datastar/behavior_rooms/2CAP/2025-08-20_10-29-01_Prat_Urgency_group1/pi-data_2025-08-20_10-29-01_Prat_Urgency_group1/box02/mic/20250820_104000.WAV,20250820_104000_subject079_077,079_077,M,EtOH_Control,103810
/datastar/behavior_rooms/2CAP/2025-08-20_10-29-01_Prat_Urgency_group1/pi-data_2025-08-20_10-29-01_Prat_Urgency_group1/box02/mic/20250820_104500.WAV,20250820_104500_subject079_077,079_077,M,EtOH_Control,103810
/datastar/behavior_rooms/2CAP/2025-08-20_10-29-01_Prat_Urgency_group1/pi-data_2025-08-20_10-29-01_Prat_Urgency_group1/box02/mic/20250820_105000.WAV,20250820_105000_subject079_077,079_077,M,EtOH_Control,103810
/datastar/behavior_rooms/2CAP/2025-08-20_10-29-01_Prat_Urgency_group1/pi-data_2025-08-20_10-29-01_Prat_Urgency_group1/box02/mic/20250820_105500.WAV,20250820_105500_subject079_077,079_077,M,EtOH_Control,103810
/datastar/behavior_rooms/2CAP/2025-08-20_10-29-01_Prat_Urgency_group1/pi-data_2025-08-20_10-29-01_Prat_Urgency_group1/box02/mic/20250820_110000.WAV,20250820_110000_subject079_077,079_077,M,EtOH_Control,103810
/datastar/behavior_rooms/2CAP/2025-08-20_10-29-01_Prat_Urgency_group1/pi-data_2025-08-20_10-29-01_Prat_Urgency_group1/box02/mic/20250820_110500.WAV,20250820_110500_subject079_077,079_077,M,EtOH_Control,103810
/datastar/behavior_rooms/2CAP/2025-08-20_10-29-01_Prat_Urgency_group1/pi-data_2025-08-20_10-29-01_Prat_Urgency_group1/box02/mic/20250820_111000.WAV,20250820_111000_subject079_077,079_077,M,EtOH_Control,103810
/datastar/behavior_rooms/2CAP/2025-08-20_10-29-01_Prat_Urgency_group1/pi-data_2025-08-20_10-29-01_Prat_Urgency_group1/box02/mic/20250820_111500.WAV,20250820_111500_subject079_077,079_077,M,EtOH_Control,103810
/datastar/behavior_rooms/2CAP/2025-08-20_10-29-01_Prat_Urgency_group1/pi-data_2025-08-20_10-29-01_Prat_Urgency_group1/box02/mic/20250820_112000.WAV,20250820_112000_subject079_077,079_077,M,EtOH_Control,103810
/datastar/behavior_rooms/2CAP/2025-08-20_10-29-01_Prat_Urgency_group1/pi-data_2025-08-20_10-29-01_Prat_Urgency_group1/box02/mic/20250820_112500.WAV,20250820_112500_subject079_077,079_077,M,EtOH_Control,103810
/datastar/behavior_rooms/2CAP/2025-08-20_10-29-01_Prat_Urgency_group1/pi-data_2025-08-20_10-29-01_Prat_Urgency_group1/box02/mic/20250820_113000.WAV,20250820_113000_subject079_077,079_077,M,EtOH_Control,103810
/datastar/behavior_rooms/2CAP/2025-08-20_10-29-01_Prat_Urgency_group1/pi-data_2025-08-20_10-29-01_Prat_Urgency_group1/box02/mic/20250820_113500.WAV,20250820_113500_subject079_077,079_077,M,EtOH_Control,103810
/datastar/behavior_rooms/2CAP/2025-08-20_10-29-01_Prat_Urgency_group1/pi-data_2025-08-20_10-29-01_Prat_Urgency_group1/box02/mic/20250820_114000.WAV,20250820_114000_subject079_077,079_077,M,EtOH_Control,103810
/datastar/behavior_rooms/2CAP/2025-08-20_10-29-01_Prat_Urgency_group1/pi-data_2025-08-20_10-29-01_Prat_Urgency_group1/box05/mic/20250820_103611.WAV,20250820_103611_subject093,093,M,EtOH,103948
/datastar/behavior_rooms/2CAP/2025-08-20_10-29-01_Prat_Urgency_group1/pi-data_2025-08-20_10-29-01_Prat_Urgency_group1/box05/mic/20250820_104000.WAV,20250820_104000_subject093,093,M,EtOH,103948
/datastar/behavior_rooms/2CAP/2025-08-20_10-29-01_Prat_Urgency_group1/pi-data_2025-08-20_10-29-01_Prat_Urgency_group1/box05/mic/20250820_104500.WAV,20250820_104500_subject093,093,M,EtOH,103948
/datastar/behavior_rooms/2CAP/2025-08-20_10-29-01_Prat_Urgency_group1/pi-data_2025-08-20_10-29-01_Prat_Urgency_group1/box05/mic/20250820_105000.WAV,20250820_105000_subject093,093,M,EtOH,103948
/datastar/behavior_rooms/2CAP/2025-08-20_10-29-01_Prat_Urgency_group1/pi-data_2025-08-20_10-29-01_Prat_Urgency_group1/box05/mic/20250820_105500.WAV,20250820_105500_subject093,093,M,EtOH,103948
/datastar/behavior_rooms/2CAP/2025-08-20_10-29-01_Prat_Urgency_group1/pi-data_2025-08-20_10-29-01_Prat_Urgency_group1/box05/mic/20250820_110000.WAV,20250820_110000_subject093,093,M,EtOH,103948
/datastar/behavior_rooms/2CAP/2025-08-20_10-29-01_Prat_Urgency_group1/pi-data_2025-08-20_10-29-01_Prat_Urgency_group1/box05/mic/20250820_110500.WAV,20250820_110500_subject093,093,M,EtOH,103948
/datastar/behavior_rooms/2CAP/2025-08-20_10-29-01_Prat_Urgency_group1/pi-data_2025-08-20_10-29-01_Prat_Urgency_group1/box05/mic/20250820_111000.WAV,20250820_111000_subject093,093,M,EtOH,103948
/datastar/behavior_rooms/2CAP/2025-08-20_10-29-01_Prat_Urgency_group1/pi-data_2025-08-20_10-29-01_Prat_Urgency_group1/box05/mic/20250820_111500.WAV,20250820_111500_subject093,093,M,EtOH,103948
/datastar/behavior_rooms/2CAP/2025-08-20_10-29-01_Prat_Urgency_group1/pi-data_2025-08-20_10-29-01_Prat_Urgency_group1/box05/mic/20250820_112000.WAV,20250820_112000_subject093,093,M,EtOH,103948
/datastar/behavior_rooms/2CAP/2025-08-20_10-29-01_Prat_Urgency_group1/pi-data_2025-08-20_10-29-01_Prat_Urgency_group1/box05/mic/20250820_112500.WAV,20250820_112500_subject093,093,M,EtOH,103948
/datastar/behavior_rooms/2CAP/2025-08-20_10-29-01_Prat_Urgency_group1/pi-data_2025-08-20_10-29-01_Prat_Urgency_group1/box05/mic/20250820_113000.WAV,20250820_113000_subject093,093,M,EtOH,103948
/datastar/behavior_rooms/2CAP/2025-08-20_10-29-01_Prat_Urgency_group1/pi-data_2025-08-20_10-29-01_Prat_Urgency_group1/box05/mic/20250820_113500.WAV,20250820_113500_subject093,093,M,EtOH,103948
/datastar/behavior_rooms/2CAP/2025-08-20_10-29-01_Prat_Urgency_group1/pi-data_2025-08-20_10-29-01_Prat_Urgency_group1/box05/mic/20250820_114000.WAV,20250820_114000_subject093,093,M,EtOH,103948
/datastar/behavior_rooms/2CAP/2025-08-20_11-53-24_Prat_Urgency_group2/pi-data_2025-08-20_11-53-24_Prat_Urgency_group2/box06/mic/20250820_120453.WAV,20250820_120453_subject059_061,059_061,M,Control_Control,120905
/datastar/behavior_rooms/2CAP/2025-08-20_11-53-24_Prat_Urgency_group2/pi-data_2025-08-20_11-53-24_Prat_Urgency_group2/box06/mic/20250820_120500.WAV,20250820_120500_subject059_061,059_061,M,Control_Control,120905
/datastar/behavior_rooms/2CAP/2025-08-20_11-53-24_Prat_Urgency_group2/pi-data_2025-08-20_11-53-24_Prat_Urgency_group2/box06/mic/20250820_121000.WAV,20250820_121000_subject059_061,059_061,M,Control_Control,120905
/datastar/behavior_rooms/2CAP/2025-08-20_11-53-24_Prat_Urgency_group2/pi-data_2025-08-20_11-53-24_Prat_Urgency_group2/box06/mic/20250820_121500.WAV,20250820_121500_subject059_061,059_061,M,Control_Control,120905
/datastar/behavior_rooms/2CAP/2025-08-20_11-53-24_Prat_Urgency_group2/pi-data_2025-08-20_11-53-24_Prat_Urgency_group2/box06/mic/20250820_122000.WAV,20250820_122000_subject059_061,059_061,M,Control_Control,120905
/datastar/behavior_rooms/2CAP/2025-08-20_11-53-24_Prat_Urgency_group2/pi-data_2025-08-20_11-53-24_Prat_Urgency_group2/box06/mic/20250820_122500.WAV,20250820_122500_subject059_061,059_061,M,Control_Control,120905
/datastar/behavior_rooms/2CAP/2025-08-20_11-53-24_Prat_Urgency_group2/pi-data_2025-08-20_11-53-24_Prat_Urgency_group2/box06/mic/20250820_123000.WAV,20250820_123000_subject059_061,059_061,M,Control_Control,120905
/datastar/behavior_rooms/2CAP/2025-08-20_11-53-24_Prat_Urgency_group2/pi-data_2025-08-20_11-53-24_Prat_Urgency_group2/box06/mic/20250820_123500.WAV,20250820_123500_subject059_061,059_061,M,Control_Control,120905
/datastar/behavior_rooms/2CAP/2025-08-20_11-53-24_Prat_Urgency_group2/pi-data_2025-08-20_11-53-24_Prat_Urgency_group2/box06/mic/20250820_124000.WAV,20250820_124000_subject059_061,059_061,M,Control_Control,120905
/datastar/behavior_rooms/2CAP/2025-08-20_11-53-24_Prat_Urgency_group2/pi-data_2025-08-20_11-53-24_Prat_Urgency_group2/box06/mic/20250820_124500.WAV,20250820_124500_subject059_061,059_061,M,Control_Control,120905
/datastar/behavior_rooms/2CAP/2025-08-20_11-53-24_Prat_Urgency_group2/pi-data_2025-08-20_11-53-24_Prat_Urgency_group2/box06/mic/20250820_125000.WAV,20250820_125000_subject059_061,059_061,M,Control_Control,120905
/datastar/behavior_rooms/2CAP/2025-08-20_11-53-24_Prat_Urgency_group2/pi-data_2025-08-20_11-53-24_Prat_Urgency_group2/box06/mic/20250820_125500.WAV,20250820_125500_subject059_061,059_061,M,Control_Control,120905
/datastar/behavior_rooms/2CAP/2025-08-20_11-53-24_Prat_Urgency_group2/pi-data_2025-08-20_11-53-24_Prat_Urgency_group2/box06/mic/20250820_130000.WAV,20250820_130000_subject059_061,059_061,M,Control_Control,120905
/datastar/behavior_rooms/2CAP/2025-08-20_11-53-24_Prat_Urgency_group2/pi-data_2025-08-20_11-53-24_Prat_Urgency_group2/box06/mic/20250820_130500.WAV,20250820_130500_subject059_061,059_061,M,Control_Control,120905
/datastar/behavior_rooms/2CAP/2025-08-20_11-53-24_Prat_Urgency_group2/pi-data_2025-08-20_11-53-24_Prat_Urgency_group2/box06/mic/20250820_131000.WAV,20250820_131000_subject059_061,059_061,M,Control_Control,120905
/datastar/behavior_rooms/2CAP/2025-08-20_11-53-24_Prat_Urgency_group2/pi-data_2025-08-20_11-53-24_Prat_Urgency_group2/box03/mic/20250820_120453.WAV,20250820_120453_subject072_090,072_090,F,Control_EtOH,120717
/datastar/behavior_rooms/2CAP/2025-08-20_11-53-24_Prat_Urgency_group2/pi-data_2025-08-20_11-53-24_Prat_Urgency_group2/box03/mic/20250820_120500.WAV,20250820_120500_subject072_090,072_090,F,Control_EtOH,120717
/datastar/behavior_rooms/2CAP/2025-08-20_11-53-24_Prat_Urgency_group2/pi-data_2025-08-20_11-53-24_Prat_Urgency_group2/box03/mic/20250820_121000.WAV,20250820_121000_subject072_090,072_090,F,Control_EtOH,120717
/datastar/behavior_rooms/2CAP/2025-08-20_11-53-24_Prat_Urgency_group2/pi-data_2025-08-20_11-53-24_Prat_Urgency_group2/box03/mic/20250820_121500.WAV,20250820_121500_subject072_090,072_090,F,Control_EtOH,120717
/datastar/behavior_rooms/2CAP/2025-08-20_11-53-24_Prat_Urgency_group2/pi-data_2025-08-20_11-53-24_Prat_Urgency_group2/box03/mic/20250820_122000.WAV,20250820_122000_subject072_090,072_090,F,Control_EtOH,120717
/datastar/behavior_rooms/2CAP/2025-08-20_11-53-24_Prat_Urgency_group2/pi-data_2025-08-20_11-53-24_Prat_Urgency_group2/box03/mic/20250820_122500.WAV,20250820_122500_subject072_090,072_090,F,Control_EtOH,120717
/datastar/behavior_rooms/2CAP/2025-08-20_11-53-24_Prat_Urgency_group2/pi-data_2025-08-20_11-53-24_Prat_Urgency_group2/box03/mic/20250820_123000.WAV,20250820_123000_subject072_090,072_090,F,Control_EtOH,120717
/datastar/behavior_rooms/2CAP/2025-08-20_11-53-24_Prat_Urgency_group2/pi-data_2025-08-20_11-53-24_Prat_Urgency_group2/box03/mic/20250820_123500.WAV,20250820_123500_subject072_090,072_090,F,Control_EtOH,120717
/datastar/behavior_rooms/2CAP/2025-08-20_11-53-24_Prat_Urgency_group2/pi-data_2025-08-20_11-53-24_Prat_Urgency_group2/box03/mic/20250820_124000.WAV,20250820_124000_subject072_090,072_090,F,Control_EtOH,120717
/datastar/behavior_rooms/2CAP/2025-08-20_11-53-24_Prat_Urgency_group2/pi-data_2025-08-20_11-53-24_Prat_Urgency_group2/box03/mic/20250820_124500.WAV,20250820_124500_subject072_090,072_090,F,Control_EtOH,120717
/datastar/behavior_rooms/2CAP/2025-08-20_11-53-24_Prat_Urgency_group2/pi-data_2025-08-20_11-53-24_Prat_Urgency_group2/box03/mic/20250820_125000.WAV,20250820_125000_subject072_090,072_090,F,Control_EtOH,120717
/datastar/behavior_rooms/2CAP/2025-08-20_11-53-24_Prat_Urgency_group2/pi-data_2025-08-20_11-53-24_Prat_Urgency_group2/box03/mic/20250820_125500.WAV,20250820_125500_subject072_090,072_090,F,Control_EtOH,120717
/datastar/behavior_rooms/2CAP/2025-08-20_11-53-24_Prat_Urgency_group2/pi-data_2025-08-20_11-53-24_Prat_Urgency_group2/box03/mic/20250820_130000.WAV,20250820_130000_subject072_090,072_090,F,Control_EtOH,120717
/datastar/behavior_rooms/2CAP/2025-08-20_11-53-24_Prat_Urgency_group2/pi-data_2025-08-20_11-53-24_Prat_Urgency_group2/box03/mic/20250820_130500.WAV,20250820_130500_subject072_090,072_090,F,Control_EtOH,120717
/datastar/behavior_rooms/2CAP/2025-08-20_11-53-24_Prat_Urgency_group2/pi-data_2025-08-20_11-53-24_Prat_Urgency_group2/box03/mic/20250820_131000.WAV,20250820_131000_subject072_090,072_090,F,Control_EtOH,120717
/datastar/behavior_rooms/2CAP/2025-08-20_11-53-24_Prat_Urgency_group2/pi-data_2025-08-20_11-53-24_Prat_Urgency_group2/box02/mic/20250820_120452.WAV,20250820_120452_subject076,076,F,Control,120635
/datastar/behavior_rooms/2CAP/2025-08-20_11-53-24_Prat_Urgency_group2/pi-data_2025-08-20_11-53-24_Prat_Urgency_group2/box02/mic/20250820_120500.WAV,20250820_120500_subject076,076,F,Control,120635
/datastar/behavior_rooms/2CAP/2025-08-20_11-53-24_Prat_Urgency_group2/pi-data_2025-08-20_11-53-24_Prat_Urgency_group2/box02/mic/20250820_121000.WAV,20250820_121000_subject076,076,F,Control,120635
/datastar/behavior_rooms/2CAP/2025-08-20_11-53-24_Prat_Urgency_group2/pi-data_2025-08-20_11-53-24_Prat_Urgency_group2/box02/mic/20250820_121500.WAV,20250820_121500_subject076,076,F,Control,120635
/datastar/behavior_rooms/2CAP/2025-08-20_11-53-24_Prat_Urgency_group2/pi-data_2025-08-20_11-53-24_Prat_Urgency_group2/box02/mic/20250820_122000.WAV,20250820_122000_subject076,076,F,Control,120635
/datastar/behavior_rooms/2CAP/2025-08-20_11-53-24_Prat_Urgency_group2/pi-data_2025-08-20_11-53-24_Prat_Urgency_group2/box02/mic/20250820_122500.WAV,20250820_122500_subject076,076,F,Control,120635
/datastar/behavior_rooms/2CAP/2025-08-20_11-53-24_Prat_Urgency_group2/pi-data_2025-08-20_11-53-24_Prat_Urgency_group2/box02/mic/20250820_123000.WAV,20250820_123000_subject076,076,F,Control,120635
/datastar/behavior_rooms/2CAP/2025-08-20_11-53-24_Prat_Urgency_group2/pi-data_2025-08-20_11-53-24_Prat_Urgency_group2/box02/mic/20250820_123500.WAV,20250820_123500_subject076,076,F,Control,120635
/datastar/behavior_rooms/2CAP/2025-08-20_11-53-24_Prat_Urgency_group2/pi-data_2025-08-20_11-53-24_Prat_Urgency_group2/box02/mic/20250820_124000.WAV,20250820_124000_subject076,076,F,Control,120635
/datastar/behavior_rooms/2CAP/2025-08-20_11-53-24_Prat_Urgency_group2/pi-data_2025-08-20_11-53-24_Prat_Urgency_group2/box02/mic/20250820_124500.WAV,20250820_124500_subject076,076,F,Control,120635
/datastar/behavior_rooms/2CAP/2025-08-20_11-53-24_Prat_Urgency_group2/pi-data_2025-08-20_11-53-24_Prat_Urgency_group2/box02/mic/20250820_125000.WAV,20250820_125000_subject076,076,F,Control,120635
/datastar/behavior_rooms/2CAP/2025-08-20_11-53-24_Prat_Urgency_group2/pi-data_2025-08-20_11-53-24_Prat_Urgency_group2/box02/mic/20250820_125500.WAV,20250820_125500_subject076,076,F,Control,120635
/datastar/behavior_rooms/2CAP/2025-08-20_11-53-24_Prat_Urgency_group2/pi-data_2025-08-20_11-53-24_Prat_Urgency_group2/box02/mic/20250820_130000.WAV,20250820_130000_subject076,076,F,Control,120635
/datastar/behavior_rooms/2CAP/2025-08-20_11-53-24_Prat_Urgency_group2/pi-data_2025-08-20_11-53-24_Prat_Urgency_group2/box02/mic/20250820_130500.WAV,20250820_130500_subject076,076,F,Control,120635
/datastar/behavior_rooms/2CAP/2025-08-20_11-53-24_Prat_Urgency_group2/pi-data_2025-08-20_11-53-24_Prat_Urgency_group2/box02/mic/20250820_131000.WAV,20250820_131000_subject076,076,F,Control,120635
/datastar/behavior_rooms/2CAP/2025-08-20_11-53-24_Prat_Urgency_group2/pi-data_2025-08-20_11-53-24_Prat_Urgency_group2/box04/mic/20250820_120453.WAV,20250820_120453_subject082_080,082_080,F,EtOH_EtOH,120753
/datastar/behavior_rooms/2CAP/2025-08-20_11-53-24_Prat_Urgency_group2/pi-data_2025-08-20_11-53-24_Prat_Urgency_group2/box04/mic/20250820_120500.WAV,20250820_120500_subject082_080,082_080,F,EtOH_EtOH,120753
/datastar/behavior_rooms/2CAP/2025-08-20_11-53-24_Prat_Urgency_group2/pi-data_2025-08-20_11-53-24_Prat_Urgency_group2/box04/mic/20250820_121000.WAV,20250820_121000_subject082_080,082_080,F,EtOH_EtOH,120753
/datastar/behavior_rooms/2CAP/2025-08-20_11-53-24_Prat_Urgency_group2/pi-data_2025-08-20_11-53-24_Prat_Urgency_group2/box04/mic/20250820_121500.WAV,20250820_121500_subject082_080,082_080,F,EtOH_EtOH,120753
/datastar/behavior_rooms/2CAP/2025-08-20_11-53-24_Prat_Urgency_group2/pi-data_2025-08-20_11-53-24_Prat_Urgency_group2/box04/mic/20250820_122000.WAV,20250820_122000_subject082_080,082_080,F,EtOH_EtOH,120753
/datastar/behavior_rooms/2CAP/2025-08-20_11-53-24_Prat_Urgency_group2/pi-data_2025-08-20_11-53-24_Prat_Urgency_group2/box04/mic/20250820_122500.WAV,20250820_122500_subject082_080,082_080,F,EtOH_EtOH,120753
/datastar/behavior_rooms/2CAP/2025-08-20_11-53-24_Prat_Urgency_group2/pi-data_2025-08-20_11-53-24_Prat_Urgency_group2/box04/mic/20250820_123000.WAV,20250820_123000_subject082_080,082_080,F,EtOH_EtOH,120753
/datastar/behavior_rooms/2CAP/2025-08-20_11-53-24_Prat_Urgency_group2/pi-data_2025-08-20_11-53-24_Prat_Urgency_group2/box04/mic/20250820_123500.WAV,20250820_123500_subject082_080,082_080,F,EtOH_EtOH,120753
/datastar/behavior_rooms/2CAP/2025-08-20_11-53-24_Prat_Urgency_group2/pi-data_2025-08-20_11-53-24_Prat_Urgency_group2/box04/mic/20250820_124000.WAV,20250820_124000_subject082_080,082_080,F,EtOH_EtOH,120753
/datastar/behavior_rooms/2CAP/2025-08-20_11-53-24_Prat_Urgency_group2/pi-data_2025-08-20_11-53-24_Prat_Urgency_group2/box04/mic/20250820_124500.WAV,20250820_124500_subject082_080,082_080,F,EtOH_EtOH,120753
/datastar/behavior_rooms/2CAP/2025-08-20_11-53-24_Prat_Urgency_group2/pi-data_2025-08-20_11-53-24_Prat_Urgency_group2/box04/mic/20250820_125000.WAV,20250820_125000_subject082_080,082_080,F,EtOH_EtOH,120753
/datastar/behavior_rooms/2CAP/2025-08-20_11-53-24_Prat_Urgency_group2/pi-data_2025-08-20_11-53-24_Prat_Urgency_group2/box04/mic/20250820_125500.WAV,20250820_125500_subject082_080,082_080,F,EtOH_EtOH,120753
/datastar/behavior_rooms/2CAP/2025-08-20_11-53-24_Prat_Urgency_group2/pi-data_2025-08-20_11-53-24_Prat_Urgency_group2/box04/mic/20250820_130000.WAV,20250820_130000_subject082_080,082_080,F,EtOH_EtOH,120753
/datastar/behavior_rooms/2CAP/2025-08-20_11-53-24_Prat_Urgency_group2/pi-data_2025-08-20_11-53-24_Prat_Urgency_group2/box04/mic/20250820_130500.WAV,20250820_130500_subject082_080,082_080,F,EtOH_EtOH,120753
/datastar/behavior_rooms/2CAP/2025-08-20_11-53-24_Prat_Urgency_group2/pi-data_2025-08-20_11-53-24_Prat_Urgency_group2/box04/mic/20250820_131000.WAV,20250820_131000_subject082_080,082_080,F,EtOH_EtOH,120753
/datastar/behavior_rooms/2CAP/2025-08-20_11-53-24_Prat_Urgency_group2/pi-data_2025-08-20_11-53-24_Prat_Urgency_group2/box01/mic/20250820_120453.WAV,20250820_120453_subject085_065,085_065,M,EtOH_Control,120615
/datastar/behavior_rooms/2CAP/2025-08-20_11-53-24_Prat_Urgency_group2/pi-data_2025-08-20_11-53-24_Prat_Urgency_group2/box01/mic/20250820_120500.WAV,20250820_120500_subject085_065,085_065,M,EtOH_Control,120615
/datastar/behavior_rooms/2CAP/2025-08-20_11-53-24_Prat_Urgency_group2/pi-data_2025-08-20_11-53-24_Prat_Urgency_group2/box01/mic/20250820_121000.WAV,20250820_121000_subject085_065,085_065,M,EtOH_Control,120615
/datastar/behavior_rooms/2CAP/2025-08-20_11-53-24_Prat_Urgency_group2/pi-data_2025-08-20_11-53-24_Prat_Urgency_group2/box01/mic/20250820_121500.WAV,20250820_121500_subject085_065,085_065,M,EtOH_Control,120615
/datastar/behavior_rooms/2CAP/2025-08-20_11-53-24_Prat_Urgency_group2/pi-data_2025-08-20_11-53-24_Prat_Urgency_group2/box01/mic/20250820_122000.WAV,20250820_122000_subject085_065,085_065,M,EtOH_Control,120615
/datastar/behavior_rooms/2CAP/2025-08-20_11-53-24_Prat_Urgency_group2/pi-data_2025-08-20_11-53-24_Prat_Urgency_group2/box01/mic/20250820_122500.WAV,20250820_122500_subject085_065,085_065,M,EtOH_Control,120615
/datastar/behavior_rooms/2CAP/2025-08-20_11-53-24_Prat_Urgency_group2/pi-data_2025-08-20_11-53-24_Prat_Urgency_group2/box01/mic/20250820_123000.WAV,20250820_123000_subject085_065,085_065,M,EtOH_Control,120615
/datastar/behavior_rooms/2CAP/2025-08-20_11-53-24_Prat_Urgency_group2/pi-data_2025-08-20_11-53-24_Prat_Urgency_group2/box01/mic/20250820_123500.WAV,20250820_123500_subject085_065,085_065,M,EtOH_Control,120615
/datastar/behavior_rooms/2CAP/2025-08-20_11-53-24_Prat_Urgency_group2/pi-data_2025-08-20_11-53-24_Prat_Urgency_group2/box01/mic/20250820_124000.WAV,20250820_124000_subject085_065,085_065,M,EtOH_Control,120615
/datastar/behavior_rooms/2CAP/2025-08-20_11-53-24_Prat_Urgency_group2/pi-data_2025-08-20_11-53-24_Prat_Urgency_group2/box01/mic/20250820_124500.WAV,20250820_124500_subject085_065,085_065,M,EtOH_Control,120615
/datastar/behavior_rooms/2CAP/2025-08-20_11-53-24_Prat_Urgency_group2/pi-data_2025-08-20_11-53-24_Prat_Urgency_group2/box01/mic/20250820_125000.WAV,20250820_125000_subject085_065,085_065,M,EtOH_Control,120615
/datastar/behavior_rooms/2CAP/2025-08-20_11-53-24_Prat_Urgency_group2/pi-data_2025-08-20_11-53-24_Prat_Urgency_group2/box01/mic/20250820_125500.WAV,20250820_125500_subject085_065,085_065,M,EtOH_Control,120615
/datastar/behavior_rooms/2CAP/2025-08-20_11-53-24_Prat_Urgency_group2/pi-data_2025-08-20_11-53-24_Prat_Urgency_group2/box01/mic/20250820_130000.WAV,20250820_130000_subject085_065,085_065,M,EtOH_Control,120615
/datastar/behavior_rooms/2CAP/2025-08-20_11-53-24_Prat_Urgency_group2/pi-data_2025-08-20_11-53-24_Prat_Urgency_group2/box01/mic/20250820_130500.WAV,20250820_130500_subject085_065,085_065,M,EtOH_Control,120615
/datastar/behavior_rooms/2CAP/2025-08-20_11-53-24_Prat_Urgency_group2/pi-data_2025-08-20_11-53-24_Prat_Urgency_group2/box01/mic/20250820_131000.WAV,20250820_131000_subject085_065,085_065,M,EtOH_Control,120615
/datastar/behavior_rooms/2CAP/2025-08-20_11-53-24_Prat_Urgency_group2/pi-data_2025-08-20_11-53-24_Prat_Urgency_group2/box05/mic/20250820_120452.WAV,20250820_120452_subject089,089,M,EtOH,120816
/datastar/behavior_rooms/2CAP/2025-08-20_11-53-24_Prat_Urgency_group2/pi-data_2025-08-20_11-53-24_Prat_Urgency_group2/box05/mic/20250820_120500.WAV,20250820_120500_subject089,089,M,EtOH,120816
/datastar/behavior_rooms/2CAP/2025-08-20_11-53-24_Prat_Urgency_group2/pi-data_2025-08-20_11-53-24_Prat_Urgency_group2/box05/mic/20250820_121000.WAV,20250820_121000_subject089,089,M,EtOH,120816
/datastar/behavior_rooms/2CAP/2025-08-20_11-53-24_Prat_Urgency_group2/pi-data_2025-08-20_11-53-24_Prat_Urgency_group2/box05/mic/20250820_121500.WAV,20250820_121500_subject089,089,M,EtOH,120816
/datastar/behavior_rooms/2CAP/2025-08-20_11-53-24_Prat_Urgency_group2/pi-data_2025-08-20_11-53-24_Prat_Urgency_group2/box05/mic/20250820_122000.WAV,20250820_122000_subject089,089,M,EtOH,120816
/datastar/behavior_rooms/2CAP/2025-08-20_11-53-24_Prat_Urgency_group2/pi-data_2025-08-20_11-53-24_Prat_Urgency_group2/box05/mic/20250820_122500.WAV,20250820_122500_subject089,089,M,EtOH,120816
/datastar/behavior_rooms/2CAP/2025-08-20_11-53-24_Prat_Urgency_group2/pi-data_2025-08-20_11-53-24_Prat_Urgency_group2/box05/mic/20250820_123000.WAV,20250820_123000_subject089,089,M,EtOH,120816
/datastar/behavior_rooms/2CAP/2025-08-20_11-53-24_Prat_Urgency_group2/pi-data_2025-08-20_11-53-24_Prat_Urgency_group2/box05/mic/20250820_123500.WAV,20250820_123500_subject089,089,M,EtOH,120816
/datastar/behavior_rooms/2CAP/2025-08-20_11-53-24_Prat_Urgency_group2/pi-data_2025-08-20_11-53-24_Prat_Urgency_group2/box05/mic/20250820_124000.WAV,20250820_124000_subject089,089,M,EtOH,120816
/datastar/behavior_rooms/2CAP/2025-08-20_11-53-24_Prat_Urgency_group2/pi-data_2025-08-20_11-53-24_Prat_Urgency_group2/box05/mic/20250820_124500.WAV,20250820_124500_subject089,089,M,EtOH,120816
/datastar/behavior_rooms/2CAP/2025-08-20_11-53-24_Prat_Urgency_group2/pi-data_2025-08-20_11-53-24_Prat_Urgency_group2/box05/mic/20250820_125000.WAV,20250820_125000_subject089,089,M,EtOH,120816
/datastar/behavior_rooms/2CAP/2025-08-20_11-53-24_Prat_Urgency_group2/pi-data_2025-08-20_11-53-24_Prat_Urgency_group2/box05/mic/20250820_125500.WAV,20250820_125500_subject089,089,M,EtOH,120816
/datastar/behavior_rooms/2CAP/2025-08-20_11-53-24_Prat_Urgency_group2/pi-data_2025-08-20_11-53-24_Prat_Urgency_group2/box05/mic/20250820_130000.WAV,20250820_130000_subject089,089,M,EtOH,120816
/datastar/behavior_rooms/2CAP/2025-08-20_11-53-24_Prat_Urgency_group2/pi-data_2025-08-20_11-53-24_Prat_Urgency_group2/box05/mic/20250820_130500.WAV,20250820_130500_subject089,089,M,EtOH,120816
/datastar/behavior_rooms/2CAP/2025-08-20_11-53-24_Prat_Urgency_group2/pi-data_2025-08-20_11-53-24_Prat_Urgency_group2/box05/mic/20250820_131000.WAV,20250820_131000_subject089,089,M,EtOH,120816
/datastar/behavior_rooms/2CAP/2025-08-20_13-28-45_Prat_Urgency_group3/pi-data_2025-08-20_13-28-45_Prat_Urgency_group3/box04/mic/20250820_133737.WAV,20250820_133737_subject069_067,069_067,M,Control_Control,134055
/datastar/behavior_rooms/2CAP/2025-08-20_13-28-45_Prat_Urgency_group3/pi-data_2025-08-20_13-28-45_Prat_Urgency_group3/box04/mic/20250820_134000.WAV,20250820_134000_subject069_067,069_067,M,Control_Control,134055
/datastar/behavior_rooms/2CAP/2025-08-20_13-28-45_Prat_Urgency_group3/pi-data_2025-08-20_13-28-45_Prat_Urgency_group3/box04/mic/20250820_134500.WAV,20250820_134500_subject069_067,069_067,M,Control_Control,134055
/datastar/behavior_rooms/2CAP/2025-08-20_13-28-45_Prat_Urgency_group3/pi-data_2025-08-20_13-28-45_Prat_Urgency_group3/box04/mic/20250820_135000.WAV,20250820_135000_subject069_067,069_067,M,Control_Control,134055
/datastar/behavior_rooms/2CAP/2025-08-20_13-28-45_Prat_Urgency_group3/pi-data_2025-08-20_13-28-45_Prat_Urgency_group3/box04/mic/20250820_135500.WAV,20250820_135500_subject069_067,069_067,M,Control_Control,134055
/datastar/behavior_rooms/2CAP/2025-08-20_13-28-45_Prat_Urgency_group3/pi-data_2025-08-20_13-28-45_Prat_Urgency_group3/box04/mic/20250820_140000.WAV,20250820_140000_subject069_067,069_067,M,Control_Control,134055
/datastar/behavior_rooms/2CAP/2025-08-20_13-28-45_Prat_Urgency_group3/pi-data_2025-08-20_13-28-45_Prat_Urgency_group3/box04/mic/20250820_140500.WAV,20250820_140500_subject069_067,069_067,M,Control_Control,134055
/datastar/behavior_rooms/2CAP/2025-08-20_13-28-45_Prat_Urgency_group3/pi-data_2025-08-20_13-28-45_Prat_Urgency_group3/box04/mic/20250820_141000.WAV,20250820_141000_subject069_067,069_067,M,Control_Control,134055
/datastar/behavior_rooms/2CAP/2025-08-20_13-28-45_Prat_Urgency_group3/pi-data_2025-08-20_13-28-45_Prat_Urgency_group3/box04/mic/20250820_141500.WAV,20250820_141500_subject069_067,069_067,M,Control_Control,134055
/datastar/behavior_rooms/2CAP/2025-08-20_13-28-45_Prat_Urgency_group3/pi-data_2025-08-20_13-28-45_Prat_Urgency_group3/box04/mic/20250820_142000.WAV,20250820_142000_subject069_067,069_067,M,Control_Control,134055
/datastar/behavior_rooms/2CAP/2025-08-20_13-28-45_Prat_Urgency_group3/pi-data_2025-08-20_13-28-45_Prat_Urgency_group3/box04/mic/20250820_142500.WAV,20250820_142500_subject069_067,069_067,M,Control_Control,134055
/datastar/behavior_rooms/2CAP/2025-08-20_13-28-45_Prat_Urgency_group3/pi-data_2025-08-20_13-28-45_Prat_Urgency_group3/box04/mic/20250820_143000.WAV,20250820_143000_subject069_067,069_067,M,Control_Control,134055
/datastar/behavior_rooms/2CAP/2025-08-20_13-28-45_Prat_Urgency_group3/pi-data_2025-08-20_13-28-45_Prat_Urgency_group3/box04/mic/20250820_143500.WAV,20250820_143500_subject069_067,069_067,M,Control_Control,134055
/datastar/behavior_rooms/2CAP/2025-08-20_13-28-45_Prat_Urgency_group3/pi-data_2025-08-20_13-28-45_Prat_Urgency_group3/box04/mic/20250820_144000.WAV,20250820_144000_subject069_067,069_067,M,Control_Control,134055
/datastar/behavior_rooms/2CAP/2025-08-20_13-28-45_Prat_Urgency_group3/pi-data_2025-08-20_13-28-45_Prat_Urgency_group3/box02/mic/20250820_133737.WAV,20250820_133737_subject073,073,M,Control,134040
/datastar/behavior_rooms/2CAP/2025-08-20_13-28-45_Prat_Urgency_group3/pi-data_2025-08-20_13-28-45_Prat_Urgency_group3/box02/mic/20250820_134000.WAV,20250820_134000_subject073,073,M,Control,134040
/datastar/behavior_rooms/2CAP/2025-08-20_13-28-45_Prat_Urgency_group3/pi-data_2025-08-20_13-28-45_Prat_Urgency_group3/box02/mic/20250820_134500.WAV,20250820_134500_subject073,073,M,Control,134040
/datastar/behavior_rooms/2CAP/2025-08-20_13-28-45_Prat_Urgency_group3/pi-data_2025-08-20_13-28-45_Prat_Urgency_group3/box02/mic/20250820_135000.WAV,20250820_135000_subject073,073,M,Control,134040
/datastar/behavior_rooms/2CAP/2025-08-20_13-28-45_Prat_Urgency_group3/pi-data_2025-08-20_13-28-45_Prat_Urgency_group3/box02/mic/20250820_135500.WAV,20250820_135500_subject073,073,M,Control,134040
/datastar/behavior_rooms/2CAP/2025-08-20_13-28-45_Prat_Urgency_group3/pi-data_2025-08-20_13-28-45_Prat_Urgency_group3/box02/mic/20250820_140000.WAV,20250820_140000_subject073,073,M,Control,134040
/datastar/behavior_rooms/2CAP/2025-08-20_13-28-45_Prat_Urgency_group3/pi-data_2025-08-20_13-28-45_Prat_Urgency_group3/box02/mic/20250820_140500.WAV,20250820_140500_subject073,073,M,Control,134040
/datastar/behavior_rooms/2CAP/2025-08-20_13-28-45_Prat_Urgency_group3/pi-data_2025-08-20_13-28-45_Prat_Urgency_group3/box02/mic/20250820_141000.WAV,20250820_141000_subject073,073,M,Control,134040
/datastar/behavior_rooms/2CAP/2025-08-20_13-28-45_Prat_Urgency_group3/pi-data_2025-08-20_13-28-45_Prat_Urgency_group3/box02/mic/20250820_141500.WAV,20250820_141500_subject073,073,M,Control,134040
/datastar/behavior_rooms/2CAP/2025-08-20_13-28-45_Prat_Urgency_group3/pi-data_2025-08-20_13-28-45_Prat_Urgency_group3/box02/mic/20250820_142000.WAV,20250820_142000_subject073,073,M,Control,134040
/datastar/behavior_rooms/2CAP/2025-08-20_13-28-45_Prat_Urgency_group3/pi-data_2025-08-20_13-28-45_Prat_Urgency_group3/box02/mic/20250820_142500.WAV,20250820_142500_subject073,073,M,Control,134040
/datastar/behavior_rooms/2CAP/2025-08-20_13-28-45_Prat_Urgency_group3/pi-data_2025-08-20_13-28-45_Prat_Urgency_group3/box02/mic/20250820_143000.WAV,20250820_143000_subject073,073,M,Control,134040
/datastar/behavior_rooms/2CAP/2025-08-20_13-28-45_Prat_Urgency_group3/pi-data_2025-08-20_13-28-45_Prat_Urgency_group3/box02/mic/20250820_143500.WAV,20250820_143500_subject073,073,M,Control,134040
/datastar/behavior_rooms/2CAP/2025-08-20_13-28-45_Prat_Urgency_group3/pi-data_2025-08-20_13-28-45_Prat_Urgency_group3/box02/mic/20250820_144000.WAV,20250820_144000_subject073,073,M,Control,134040
/datastar/behavior_rooms/2CAP/2025-08-20_13-28-45_Prat_Urgency_group3/pi-data_2025-08-20_13-28-45_Prat_Urgency_group3/box01/mic/20250820_133737.WAV,20250820_133737_subject084_062,084_062,F,EtOH_Control,133915
/datastar/behavior_rooms/2CAP/2025-08-20_13-28-45_Prat_Urgency_group3/pi-data_2025-08-20_13-28-45_Prat_Urgency_group3/box01/mic/20250820_134000.WAV,20250820_134000_subject084_062,084_062,F,EtOH_Control,133915
/datastar/behavior_rooms/2CAP/2025-08-20_13-28-45_Prat_Urgency_group3/pi-data_2025-08-20_13-28-45_Prat_Urgency_group3/box01/mic/20250820_134500.WAV,20250820_134500_subject084_062,084_062,F,EtOH_Control,133915
/datastar/behavior_rooms/2CAP/2025-08-20_13-28-45_Prat_Urgency_group3/pi-data_2025-08-20_13-28-45_Prat_Urgency_group3/box01/mic/20250820_135000.WAV,20250820_135000_subject084_062,084_062,F,EtOH_Control,133915
/datastar/behavior_rooms/2CAP/2025-08-20_13-28-45_Prat_Urgency_group3/pi-data_2025-08-20_13-28-45_Prat_Urgency_group3/box01/mic/20250820_135500.WAV,20250820_135500_subject084_062,084_062,F,EtOH_Control,133915
/datastar/behavior_rooms/2CAP/2025-08-20_13-28-45_Prat_Urgency_group3/pi-data_2025-08-20_13-28-45_Prat_Urgency_group3/box01/mic/20250820_140000.WAV,20250820_140000_subject084_062,084_062,F,EtOH_Control,133915
/datastar/behavior_rooms/2CAP/2025-08-20_13-28-45_Prat_Urgency_group3/pi-data_2025-08-20_13-28-45_Prat_Urgency_group3/box01/mic/20250820_140500.WAV,20250820_140500_subject084_062,084_062,F,EtOH_Control,133915
/datastar/behavior_rooms/2CAP/2025-08-20_13-28-45_Prat_Urgency_group3/pi-data_2025-08-20_13-28-45_Prat_Urgency_group3/box01/mic/20250820_141000.WAV,20250820_141000_subject084_062,084_062,F,EtOH_Control,133915
/datastar/behavior_rooms/2CAP/2025-08-20_13-28-45_Prat_Urgency_group3/pi-data_2025-08-20_13-28-45_Prat_Urgency_group3/box01/mic/20250820_141500.WAV,20250820_141500_subject084_062,084_062,F,EtOH_Control,133915
/datastar/behavior_rooms/2CAP/2025-08-20_13-28-45_Prat_Urgency_group3/pi-data_2025-08-20_13-28-45_Prat_Urgency_group3/box01/mic/20250820_142000.WAV,20250820_142000_subject084_062,084_062,F,EtOH_Control,133915
/datastar/behavior_rooms/2CAP/2025-08-20_13-28-45_Prat_Urgency_group3/pi-data_2025-08-20_13-28-45_Prat_Urgency_group3/box01/mic/20250820_142500.WAV,20250820_142500_subject084_062,084_062,F,EtOH_Control,133915
/datastar/behavior_rooms/2CAP/2025-08-20_13-28-45_Prat_Urgency_group3/pi-data_2025-08-20_13-28-45_Prat_Urgency_group3/box01/mic/20250820_143000.WAV,20250820_143000_subject084_062,084_062,F,EtOH_Control,133915
/datastar/behavior_rooms/2CAP/2025-08-20_13-28-45_Prat_Urgency_group3/pi-data_2025-08-20_13-28-45_Prat_Urgency_group3/box01/mic/20250820_143500.WAV,20250820_143500_subject084_062,084_062,F,EtOH_Control,133915
/datastar/behavior_rooms/2CAP/2025-08-20_13-28-45_Prat_Urgency_group3/pi-data_2025-08-20_13-28-45_Prat_Urgency_group3/box01/mic/20250820_144000.WAV,20250820_144000_subject084_062,084_062,F,EtOH_Control,133915
/datastar/behavior_rooms/2CAP/2025-08-20_13-28-45_Prat_Urgency_group3/pi-data_2025-08-20_13-28-45_Prat_Urgency_group3/box03/mic/20250820_133737.WAV,20250820_133737_subject091,091,M,EtOH,134009
/datastar/behavior_rooms/2CAP/2025-08-20_13-28-45_Prat_Urgency_group3/pi-data_2025-08-20_13-28-45_Prat_Urgency_group3/box03/mic/20250820_134000.WAV,20250820_134000_subject091,091,M,EtOH,134009
/datastar/behavior_rooms/2CAP/2025-08-20_13-28-45_Prat_Urgency_group3/pi-data_2025-08-20_13-28-45_Prat_Urgency_group3/box03/mic/20250820_134500.WAV,20250820_134500_subject091,091,M,EtOH,134009
/datastar/behavior_rooms/2CAP/2025-08-20_13-28-45_Prat_Urgency_group3/pi-data_2025-08-20_13-28-45_Prat_Urgency_group3/box03/mic/20250820_135000.WAV,20250820_135000_subject091,091,M,EtOH,134009
/datastar/behavior_rooms/2CAP/2025-08-20_13-28-45_Prat_Urgency_group3/pi-data_2025-08-20_13-28-45_Prat_Urgency_group3/box03/mic/20250820_135500.WAV,20250820_135500_subject091,091,M,EtOH,134009
/datastar/behavior_rooms/2CAP/2025-08-20_13-28-45_Prat_Urgency_group3/pi-data_2025-08-20_13-28-45_Prat_Urgency_group3/box03/mic/20250820_140000.WAV,20250820_140000_subject091,091,M,EtOH,134009
/datastar/behavior_rooms/2CAP/2025-08-20_13-28-45_Prat_Urgency_group3/pi-data_2025-08-20_13-28-45_Prat_Urgency_group3/box03/mic/20250820_140500.WAV,20250820_140500_subject091,091,M,EtOH,134009
/datastar/behavior_rooms/2CAP/2025-08-20_13-28-45_Prat_Urgency_group3/pi-data_2025-08-20_13-28-45_Prat_Urgency_group3/box03/mic/20250820_141000.WAV,20250820_141000_subject091,091,M,EtOH,134009
/datastar/behavior_rooms/2CAP/2025-08-20_13-28-45_Prat_Urgency_group3/pi-data_2025-08-20_13-28-45_Prat_Urgency_group3/box03/mic/20250820_141500.WAV,20250820_141500_subject091,091,M,EtOH,134009
/datastar/behavior_rooms/2CAP/2025-08-20_13-28-45_Prat_Urgency_group3/pi-data_2025-08-20_13-28-45_Prat_Urgency_group3/box03/mic/20250820_142000.WAV,20250820_142000_subject091,091,M,EtOH,134009
/datastar/behavior_rooms/2CAP/2025-08-20_13-28-45_Prat_Urgency_group3/pi-data_2025-08-20_13-28-45_Prat_Urgency_group3/box03/mic/20250820_142500.WAV,20250820_142500_subject091,091,M,EtOH,134009
/datastar/behavior_rooms/2CAP/2025-08-20_13-28-45_Prat_Urgency_group3/pi-data_2025-08-20_13-28-45_Prat_Urgency_group3/box03/mic/20250820_143000.WAV,20250820_143000_subject091,091,M,EtOH,134009
/datastar/behavior_rooms/2CAP/2025-08-20_13-28-45_Prat_Urgency_group3/pi-data_2025-08-20_13-28-45_Prat_Urgency_group3/box03/mic/20250820_143500.WAV,20250820_143500_subject091,091,M,EtOH,134009
/datastar/behavior_rooms/2CAP/2025-08-20_13-28-45_Prat_Urgency_group3/pi-data_2025-08-20_13-28-45_Prat_Urgency_group3/box03/mic/20250820_144000.WAV,20250820_144000_subject091,091,M,EtOH,134009
/datastar/behavior_rooms/2CAP/2025-08-20_13-28-45_Prat_Urgency_group3/pi-data_2025-08-20_13-28-45_Prat_Urgency_group3/box05/mic/20250820_133737.WAV,20250820_133737_subject092_086,092_086,F,EtOH_EtOH,134135
/datastar/behavior_rooms/2CAP/2025-08-20_13-28-45_Prat_Urgency_group3/pi-data_2025-08-20_13-28-45_Prat_Urgency_group3/box05/mic/20250820_134000.WAV,20250820_134000_subject092_086,092_086,F,EtOH_EtOH,134135
/datastar/behavior_rooms/2CAP/2025-08-20_13-28-45_Prat_Urgency_group3/pi-data_2025-08-20_13-28-45_Prat_Urgency_group3/box05/mic/20250820_134500.WAV,20250820_134500_subject092_086,092_086,F,EtOH_EtOH,134135
/datastar/behavior_rooms/2CAP/2025-08-20_13-28-45_Prat_Urgency_group3/pi-data_2025-08-20_13-28-45_Prat_Urgency_group3/box05/mic/20250820_135000.WAV,20250820_135000_subject092_086,092_086,F,EtOH_EtOH,134135
/datastar/behavior_rooms/2CAP/2025-08-20_13-28-45_Prat_Urgency_group3/pi-data_2025-08-20_13-28-45_Prat_Urgency_group3/box05/mic/20250820_135500.WAV,20250820_135500_subject092_086,092_086,F,EtOH_EtOH,134135
/datastar/behavior_rooms/2CAP/2025-08-20_13-28-45_Prat_Urgency_group3/pi-data_2025-08-20_13-28-45_Prat_Urgency_group3/box05/mic/20250820_140000.WAV,20250820_140000_subject092_086,092_086,F,EtOH_EtOH,134135
/datastar/behavior_rooms/2CAP/2025-08-20_13-28-45_Prat_Urgency_group3/pi-data_2025-08-20_13-28-45_Prat_Urgency_group3/box05/mic/20250820_140500.WAV,20250820_140500_subject092_086,092_086,F,EtOH_EtOH,134135
/datastar/behavior_rooms/2CAP/2025-08-20_13-28-45_Prat_Urgency_group3/pi-data_2025-08-20_13-28-45_Prat_Urgency_group3/box05/mic/20250820_141000.WAV,20250820_141000_subject092_086,092_086,F,EtOH_EtOH,134135
/datastar/behavior_rooms/2CAP/2025-08-20_13-28-45_Prat_Urgency_group3/pi-data_2025-08-20_13-28-45_Prat_Urgency_group3/box05/mic/20250820_141500.WAV,20250820_141500_subject092_086,092_086,F,EtOH_EtOH,134135
/datastar/behavior_rooms/2CAP/2025-08-20_13-28-45_Prat_Urgency_group3/pi-data_2025-08-20_13-28-45_Prat_Urgency_group3/box05/mic/20250820_142000.WAV,20250820_142000_subject092_086,092_086,F,EtOH_EtOH,134135
/datastar/behavior_rooms/2CAP/2025-08-20_13-28-45_Prat_Urgency_group3/pi-data_2025-08-20_13-28-45_Prat_Urgency_group3/box05/mic/20250820_142500.WAV,20250820_142500_subject092_086,092_086,F,EtOH_EtOH,134135
/datastar/behavior_rooms/2CAP/2025-08-20_13-28-45_Prat_Urgency_group3/pi-data_2025-08-20_13-28-45_Prat_Urgency_group3/box05/mic/20250820_143000.WAV,20250820_143000_subject092_086,092_086,F,EtOH_EtOH,134135
/datastar/behavior_rooms/2CAP/2025-08-20_13-28-45_Prat_Urgency_group3/pi-data_2025-08-20_13-28-45_Prat_Urgency_group3/box05/mic/20250820_143500.WAV,20250820_143500_subject092_086,092_086,F,EtOH_EtOH,134135
/datastar/behavior_rooms/2CAP/2025-08-20_13-28-45_Prat_Urgency_group3/pi-data_2025-08-20_13-28-45_Prat_Urgency_group3/box05/mic/20250820_144000.WAV,20250820_144000_subject092_086,092_086,F,EtOH_EtOH,134135
/datastar/behavior_rooms/2CAP/2025-08-20_13-28-45_Prat_Urgency_group3/pi-data_2025-08-20_13-28-45_Prat_Urgency_group3/box06/mic/20250820_133737.WAV,20250820_133737_subject096_060,096_060,F,EtOH_Control,134212
/datastar/behavior_rooms/2CAP/2025-08-20_13-28-45_Prat_Urgency_group3/pi-data_2025-08-20_13-28-45_Prat_Urgency_group3/box06/mic/20250820_134000.WAV,20250820_134000_subject096_060,096_060,F,EtOH_Control,134212
/datastar/behavior_rooms/2CAP/2025-08-20_13-28-45_Prat_Urgency_group3/pi-data_2025-08-20_13-28-45_Prat_Urgency_group3/box06/mic/20250820_134500.WAV,20250820_134500_subject096_060,096_060,F,EtOH_Control,134212
/datastar/behavior_rooms/2CAP/2025-08-20_13-28-45_Prat_Urgency_group3/pi-data_2025-08-20_13-28-45_Prat_Urgency_group3/box06/mic/20250820_135000.WAV,20250820_135000_subject096_060,096_060,F,EtOH_Control,134212
/datastar/behavior_rooms/2CAP/2025-08-20_13-28-45_Prat_Urgency_group3/pi-data_2025-08-20_13-28-45_Prat_Urgency_group3/box06/mic/20250820_135500.WAV,20250820_135500_subject096_060,096_060,F,EtOH_Control,134212
/datastar/behavior_rooms/2CAP/2025-08-20_13-28-45_Prat_Urgency_group3/pi-data_2025-08-20_13-28-45_Prat_Urgency_group3/box06/mic/20250820_140000.WAV,20250820_140000_subject096_060,096_060,F,EtOH_Control,134212
/datastar/behavior_rooms/2CAP/2025-08-20_13-28-45_Prat_Urgency_group3/pi-data_2025-08-20_13-28-45_Prat_Urgency_group3/box06/mic/20250820_140500.WAV,20250820_140500_subject096_060,096_060,F,EtOH_Control,134212
/datastar/behavior_rooms/2CAP/2025-08-20_13-28-45_Prat_Urgency_group3/pi-data_2025-08-20_13-28-45_Prat_Urgency_group3/box06/mic/20250820_141000.WAV,20250820_141000_subject096_060,096_060,F,EtOH_Control,134212
/datastar/behavior_rooms/2CAP/2025-08-20_13-28-45_Prat_Urgency_group3/pi-data_2025-08-20_13-28-45_Prat_Urgency_group3/box06/mic/20250820_141500.WAV,20250820_141500_subject096_060,096_060,F,EtOH_Control,134212
/datastar/behavior_rooms/2CAP/2025-08-20_13-28-45_Prat_Urgency_group3/pi-data_2025-08-20_13-28-45_Prat_Urgency_group3/box06/mic/20250820_142000.WAV,20250820_142000_subject096_060,096_060,F,EtOH_Control,134212
/datastar/behavior_rooms/2CAP/2025-08-20_13-28-45_Prat_Urgency_group3/pi-data_2025-08-20_13-28-45_Prat_Urgency_group3/box06/mic/20250820_142500.WAV,20250820_142500_subject096_060,096_060,F,EtOH_Control,134212
/datastar/behavior_rooms/2CAP/2025-08-20_13-28-45_Prat_Urgency_group3/pi-data_2025-08-20_13-28-45_Prat_Urgency_group3/box06/mic/20250820_143000.WAV,20250820_143000_subject096_060,096_060,F,EtOH_Control,134212
/datastar/behavior_rooms/2CAP/2025-08-20_13-28-45_Prat_Urgency_group3/pi-data_2025-08-20_13-28-45_Prat_Urgency_group3/box06/mic/20250820_143500.WAV,20250820_143500_subject096_060,096_060,F,EtOH_Control,134212
/datastar/behavior_rooms/2CAP/2025-08-20_13-28-45_Prat_Urgency_group3/pi-data_2025-08-20_13-28-45_Prat_Urgency_group3/box06/mic/20250820_144000.WAV,20250820_144000_subject096_060,096_060,F,EtOH_Control,134212
/datastar/behavior_rooms/2CAP/2025-08-20_15-04-07_Prat_Urgency_group4/pi-data_2025-08-20_15-04-07_Prat_Urgency_group4/box06/mic/20250820_151006.WAV,20250820_151006_subject063_087,063_087,M,Control_EtOH,151402
/datastar/behavior_rooms/2CAP/2025-08-20_15-04-07_Prat_Urgency_group4/pi-data_2025-08-20_15-04-07_Prat_Urgency_group4/box06/mic/20250820_151500.WAV,20250820_151500_subject063_087,063_087,M,Control_EtOH,151402
/datastar/behavior_rooms/2CAP/2025-08-20_15-04-07_Prat_Urgency_group4/pi-data_2025-08-20_15-04-07_Prat_Urgency_group4/box06/mic/20250820_152000.WAV,20250820_152000_subject063_087,063_087,M,Control_EtOH,151402
/datastar/behavior_rooms/2CAP/2025-08-20_15-04-07_Prat_Urgency_group4/pi-data_2025-08-20_15-04-07_Prat_Urgency_group4/box06/mic/20250820_152500.WAV,20250820_152500_subject063_087,063_087,M,Control_EtOH,151402
/datastar/behavior_rooms/2CAP/2025-08-20_15-04-07_Prat_Urgency_group4/pi-data_2025-08-20_15-04-07_Prat_Urgency_group4/box06/mic/20250820_153000.WAV,20250820_153000_subject063_087,063_087,M,Control_EtOH,151402
/datastar/behavior_rooms/2CAP/2025-08-20_15-04-07_Prat_Urgency_group4/pi-data_2025-08-20_15-04-07_Prat_Urgency_group4/box06/mic/20250820_153500.WAV,20250820_153500_subject063_087,063_087,M,Control_EtOH,151402
/datastar/behavior_rooms/2CAP/2025-08-20_15-04-07_Prat_Urgency_group4/pi-data_2025-08-20_15-04-07_Prat_Urgency_group4/box06/mic/20250820_154000.WAV,20250820_154000_subject063_087,063_087,M,Control_EtOH,151402
/datastar/behavior_rooms/2CAP/2025-08-20_15-04-07_Prat_Urgency_group4/pi-data_2025-08-20_15-04-07_Prat_Urgency_group4/box06/mic/20250820_154500.WAV,20250820_154500_subject063_087,063_087,M,Control_EtOH,151402
/datastar/behavior_rooms/2CAP/2025-08-20_15-04-07_Prat_Urgency_group4/pi-data_2025-08-20_15-04-07_Prat_Urgency_group4/box06/mic/20250820_155000.WAV,20250820_155000_subject063_087,063_087,M,Control_EtOH,151402
/datastar/behavior_rooms/2CAP/2025-08-20_15-04-07_Prat_Urgency_group4/pi-data_2025-08-20_15-04-07_Prat_Urgency_group4/box06/mic/20250820_155500.WAV,20250820_155500_subject063_087,063_087,M,Control_EtOH,151402
/datastar/behavior_rooms/2CAP/2025-08-20_15-04-07_Prat_Urgency_group4/pi-data_2025-08-20_15-04-07_Prat_Urgency_group4/box06/mic/20250820_160000.WAV,20250820_160000_subject063_087,063_087,M,Control_EtOH,151402
/datastar/behavior_rooms/2CAP/2025-08-20_15-04-07_Prat_Urgency_group4/pi-data_2025-08-20_15-04-07_Prat_Urgency_group4/box06/mic/20250820_160500.WAV,20250820_160500_subject063_087,063_087,M,Control_EtOH,151402
/datastar/behavior_rooms/2CAP/2025-08-20_15-04-07_Prat_Urgency_group4/pi-data_2025-08-20_15-04-07_Prat_Urgency_group4/box06/mic/20250820_161000.WAV,20250820_161000_subject063_087,063_087,M,Control_EtOH,151402
/datastar/behavior_rooms/2CAP/2025-08-20_15-04-07_Prat_Urgency_group4/pi-data_2025-08-20_15-04-07_Prat_Urgency_group4/box06/mic/20250820_161500.WAV,20250820_161500_subject063_087,063_087,M,Control_EtOH,151402
/datastar/behavior_rooms/2CAP/2025-08-20_15-04-07_Prat_Urgency_group4/pi-data_2025-08-20_15-04-07_Prat_Urgency_group4/box04/mic/20250820_151007.WAV,20250820_151007_subject066_064,066_064,F,Control_Control,151254
/datastar/behavior_rooms/2CAP/2025-08-20_15-04-07_Prat_Urgency_group4/pi-data_2025-08-20_15-04-07_Prat_Urgency_group4/box04/mic/20250820_151500.WAV,20250820_151500_subject066_064,066_064,F,Control_Control,151254
/datastar/behavior_rooms/2CAP/2025-08-20_15-04-07_Prat_Urgency_group4/pi-data_2025-08-20_15-04-07_Prat_Urgency_group4/box04/mic/20250820_152000.WAV,20250820_152000_subject066_064,066_064,F,Control_Control,151254
/datastar/behavior_rooms/2CAP/2025-08-20_15-04-07_Prat_Urgency_group4/pi-data_2025-08-20_15-04-07_Prat_Urgency_group4/box04/mic/20250820_152500.WAV,20250820_152500_subject066_064,066_064,F,Control_Control,151254
/datastar/behavior_rooms/2CAP/2025-08-20_15-04-07_Prat_Urgency_group4/pi-data_2025-08-20_15-04-07_Prat_Urgency_group4/box04/mic/20250820_153000.WAV,20250820_153000_subject066_064,066_064,F,Control_Control,151254
/datastar/behavior_rooms/2CAP/2025-08-20_15-04-07_Prat_Urgency_group4/pi-data_2025-08-20_15-04-07_Prat_Urgency_group4/box04/mic/20250820_153500.WAV,20250820_153500_subject066_064,066_064,F,Control_Control,151254
/datastar/behavior_rooms/2CAP/2025-08-20_15-04-07_Prat_Urgency_group4/pi-data_2025-08-20_15-04-07_Prat_Urgency_group4/box04/mic/20250820_154000.WAV,20250820_154000_subject066_064,066_064,F,Control_Control,151254
/datastar/behavior_rooms/2CAP/2025-08-20_15-04-07_Prat_Urgency_group4/pi-data_2025-08-20_15-04-07_Prat_Urgency_group4/box04/mic/20250820_154500.WAV,20250820_154500_subject066_064,066_064,F,Control_Control,151254
/datastar/behavior_rooms/2CAP/2025-08-20_15-04-07_Prat_Urgency_group4/pi-data_2025-08-20_15-04-07_Prat_Urgency_group4/box04/mic/20250820_155000.WAV,20250820_155000_subject066_064,066_064,F,Control_Control,151254
/datastar/behavior_rooms/2CAP/2025-08-20_15-04-07_Prat_Urgency_group4/pi-data_2025-08-20_15-04-07_Prat_Urgency_group4/box04/mic/20250820_155500.WAV,20250820_155500_subject066_064,066_064,F,Control_Control,151254
/datastar/behavior_rooms/2CAP/2025-08-20_15-04-07_Prat_Urgency_group4/pi-data_2025-08-20_15-04-07_Prat_Urgency_group4/box04/mic/20250820_160000.WAV,20250820_160000_subject066_064,066_064,F,Control_Control,151254
/datastar/behavior_rooms/2CAP/2025-08-20_15-04-07_Prat_Urgency_group4/pi-data_2025-08-20_15-04-07_Prat_Urgency_group4/box04/mic/20250820_160500.WAV,20250820_160500_subject066_064,066_064,F,Control_Control,151254
/datastar/behavior_rooms/2CAP/2025-08-20_15-04-07_Prat_Urgency_group4/pi-data_2025-08-20_15-04-07_Prat_Urgency_group4/box04/mic/20250820_161000.WAV,20250820_161000_subject066_064,066_064,F,Control_Control,151254
/datastar/behavior_rooms/2CAP/2025-08-20_15-04-07_Prat_Urgency_group4/pi-data_2025-08-20_15-04-07_Prat_Urgency_group4/box04/mic/20250820_161500.WAV,20250820_161500_subject066_064,066_064,F,Control_Control,151254
/datastar/behavior_rooms/2CAP/2025-08-20_15-04-07_Prat_Urgency_group4/pi-data_2025-08-20_15-04-07_Prat_Urgency_group4/box02/mic/20250820_151006.WAV,20250820_151006_subject070_068,070_068,F,Control_Control,151154
/datastar/behavior_rooms/2CAP/2025-08-20_15-04-07_Prat_Urgency_group4/pi-data_2025-08-20_15-04-07_Prat_Urgency_group4/box02/mic/20250820_151500.WAV,20250820_151500_subject070_068,070_068,F,Control_Control,151154
/datastar/behavior_rooms/2CAP/2025-08-20_15-04-07_Prat_Urgency_group4/pi-data_2025-08-20_15-04-07_Prat_Urgency_group4/box02/mic/20250820_152000.WAV,20250820_152000_subject070_068,070_068,F,Control_Control,151154
/datastar/behavior_rooms/2CAP/2025-08-20_15-04-07_Prat_Urgency_group4/pi-data_2025-08-20_15-04-07_Prat_Urgency_group4/box02/mic/20250820_152500.WAV,20250820_152500_subject070_068,070_068,F,Control_Control,151154
/datastar/behavior_rooms/2CAP/2025-08-20_15-04-07_Prat_Urgency_group4/pi-data_2025-08-20_15-04-07_Prat_Urgency_group4/box02/mic/20250820_153000.WAV,20250820_153000_subject070_068,070_068,F,Control_Control,151154
/datastar/behavior_rooms/2CAP/2025-08-20_15-04-07_Prat_Urgency_group4/pi-data_2025-08-20_15-04-07_Prat_Urgency_group4/box02/mic/20250820_153500.WAV,20250820_153500_subject070_068,070_068,F,Control_Control,151154
/datastar/behavior_rooms/2CAP/2025-08-20_15-04-07_Prat_Urgency_group4/pi-data_2025-08-20_15-04-07_Prat_Urgency_group4/box02/mic/20250820_154000.WAV,20250820_154000_subject070_068,070_068,F,Control_Control,151154
/datastar/behavior_rooms/2CAP/2025-08-20_15-04-07_Prat_Urgency_group4/pi-data_2025-08-20_15-04-07_Prat_Urgency_group4/box02/mic/20250820_154500.WAV,20250820_154500_subject070_068,070_068,F,Control_Control,151154
/datastar/behavior_rooms/2CAP/2025-08-20_15-04-07_Prat_Urgency_group4/pi-data_2025-08-20_15-04-07_Prat_Urgency_group4/box02/mic/20250820_155000.WAV,20250820_155000_subject070_068,070_068,F,Control_Control,151154
/datastar/behavior_rooms/2CAP/2025-08-20_15-04-07_Prat_Urgency_group4/pi-data_2025-08-20_15-04-07_Prat_Urgency_group4/box02/mic/20250820_155500.WAV,20250820_155500_subject070_068,070_068,F,Control_Control,151154
/datastar/behavior_rooms/2CAP/2025-08-20_15-04-07_Prat_Urgency_group4/pi-data_2025-08-20_15-04-07_Prat_Urgency_group4/box02/mic/20250820_160000.WAV,20250820_160000_subject070_068,070_068,F,Control_Control,151154
/datastar/behavior_rooms/2CAP/2025-08-20_15-04-07_Prat_Urgency_group4/pi-data_2025-08-20_15-04-07_Prat_Urgency_group4/box02/mic/20250820_160500.WAV,20250820_160500_subject070_068,070_068,F,Control_Control,151154
/datastar/behavior_rooms/2CAP/2025-08-20_15-04-07_Prat_Urgency_group4/pi-data_2025-08-20_15-04-07_Prat_Urgency_group4/box02/mic/20250820_161000.WAV,20250820_161000_subject070_068,070_068,F,Control_Control,151154
/datastar/behavior_rooms/2CAP/2025-08-20_15-04-07_Prat_Urgency_group4/pi-data_2025-08-20_15-04-07_Prat_Urgency_group4/box02/mic/20250820_161500.WAV,20250820_161500_subject070_068,070_068,F,Control_Control,151154
/datastar/behavior_rooms/2CAP/2025-08-20_15-04-07_Prat_Urgency_group4/pi-data_2025-08-20_15-04-07_Prat_Urgency_group4/box05/mic/20250820_151006.WAV,20250820_151006_subject081,081,M,EtOH,151322
/datastar/behavior_rooms/2CAP/2025-08-20_15-04-07_Prat_Urgency_group4/pi-data_2025-08-20_15-04-07_Prat_Urgency_group4/box05/mic/20250820_151500.WAV,20250820_151500_subject081,081,M,EtOH,151322
/datastar/behavior_rooms/2CAP/2025-08-20_15-04-07_Prat_Urgency_group4/pi-data_2025-08-20_15-04-07_Prat_Urgency_group4/box05/mic/20250820_152000.WAV,20250820_152000_subject081,081,M,EtOH,151322
/datastar/behavior_rooms/2CAP/2025-08-20_15-04-07_Prat_Urgency_group4/pi-data_2025-08-20_15-04-07_Prat_Urgency_group4/box05/mic/20250820_152500.WAV,20250820_152500_subject081,081,M,EtOH,151322
/datastar/behavior_rooms/2CAP/2025-08-20_15-04-07_Prat_Urgency_group4/pi-data_2025-08-20_15-04-07_Prat_Urgency_group4/box05/mic/20250820_153000.WAV,20250820_153000_subject081,081,M,EtOH,151322
/datastar/behavior_rooms/2CAP/2025-08-20_15-04-07_Prat_Urgency_group4/pi-data_2025-08-20_15-04-07_Prat_Urgency_group4/box05/mic/20250820_153500.WAV,20250820_153500_subject081,081,M,EtOH,151322
/datastar/behavior_rooms/2CAP/2025-08-20_15-04-07_Prat_Urgency_group4/pi-data_2025-08-20_15-04-07_Prat_Urgency_group4/box05/mic/20250820_154000.WAV,20250820_154000_subject081,081,M,EtOH,151322
/datastar/behavior_rooms/2CAP/2025-08-20_15-04-07_Prat_Urgency_group4/pi-data_2025-08-20_15-04-07_Prat_Urgency_group4/box05/mic/20250820_154500.WAV,20250820_154500_subject081,081,M,EtOH,151322
/datastar/behavior_rooms/2CAP/2025-08-20_15-04-07_Prat_Urgency_group4/pi-data_2025-08-20_15-04-07_Prat_Urgency_group4/box05/mic/20250820_155000.WAV,20250820_155000_subject081,081,M,EtOH,151322
/datastar/behavior_rooms/2CAP/2025-08-20_15-04-07_Prat_Urgency_group4/pi-data_2025-08-20_15-04-07_Prat_Urgency_group4/box05/mic/20250820_155500.WAV,20250820_155500_subject081,081,M,EtOH,151322
/datastar/behavior_rooms/2CAP/2025-08-20_15-04-07_Prat_Urgency_group4/pi-data_2025-08-20_15-04-07_Prat_Urgency_group4/box05/mic/20250820_160000.WAV,20250820_160000_subject081,081,M,EtOH,151322
/datastar/behavior_rooms/2CAP/2025-08-20_15-04-07_Prat_Urgency_group4/pi-data_2025-08-20_15-04-07_Prat_Urgency_group4/box05/mic/20250820_160500.WAV,20250820_160500_subject081,081,M,EtOH,151322
/datastar/behavior_rooms/2CAP/2025-08-20_15-04-07_Prat_Urgency_group4/pi-data_2025-08-20_15-04-07_Prat_Urgency_group4/box05/mic/20250820_161000.WAV,20250820_161000_subject081,081,M,EtOH,151322
/datastar/behavior_rooms/2CAP/2025-08-20_15-04-07_Prat_Urgency_group4/pi-data_2025-08-20_15-04-07_Prat_Urgency_group4/box05/mic/20250820_161500.WAV,20250820_161500_subject081,081,M,EtOH,151322
/datastar/behavior_rooms/2CAP/2025-08-20_15-04-07_Prat_Urgency_group4/pi-data_2025-08-20_15-04-07_Prat_Urgency_group4/box03/mic/20250820_151006.WAV,20250820_151006_subject094,094,F,EtOH,151217
/datastar/behavior_rooms/2CAP/2025-08-20_15-04-07_Prat_Urgency_group4/pi-data_2025-08-20_15-04-07_Prat_Urgency_group4/box03/mic/20250820_151500.WAV,20250820_151500_subject094,094,F,EtOH,151217
/datastar/behavior_rooms/2CAP/2025-08-20_15-04-07_Prat_Urgency_group4/pi-data_2025-08-20_15-04-07_Prat_Urgency_group4/box03/mic/20250820_152000.WAV,20250820_152000_subject094,094,F,EtOH,151217
/datastar/behavior_rooms/2CAP/2025-08-20_15-04-07_Prat_Urgency_group4/pi-data_2025-08-20_15-04-07_Prat_Urgency_group4/box03/mic/20250820_152500.WAV,20250820_152500_subject094,094,F,EtOH,151217
/datastar/behavior_rooms/2CAP/2025-08-20_15-04-07_Prat_Urgency_group4/pi-data_2025-08-20_15-04-07_Prat_Urgency_group4/box03/mic/20250820_153000.WAV,20250820_153000_subject094,094,F,EtOH,151217
/datastar/behavior_rooms/2CAP/2025-08-20_15-04-07_Prat_Urgency_group4/pi-data_2025-08-20_15-04-07_Prat_Urgency_group4/box03/mic/20250820_153500.WAV,20250820_153500_subject094,094,F,EtOH,151217
/datastar/behavior_rooms/2CAP/2025-08-20_15-04-07_Prat_Urgency_group4/pi-data_2025-08-20_15-04-07_Prat_Urgency_group4/box03/mic/20250820_154000.WAV,20250820_154000_subject094,094,F,EtOH,151217
/datastar/behavior_rooms/2CAP/2025-08-20_15-04-07_Prat_Urgency_group4/pi-data_2025-08-20_15-04-07_Prat_Urgency_group4/box03/mic/20250820_154500.WAV,20250820_154500_subject094,094,F,EtOH,151217
/datastar/behavior_rooms/2CAP/2025-08-20_15-04-07_Prat_Urgency_group4/pi-data_2025-08-20_15-04-07_Prat_Urgency_group4/box03/mic/20250820_155000.WAV,20250820_155000_subject094,094,F,EtOH,151217
/datastar/behavior_rooms/2CAP/2025-08-20_15-04-07_Prat_Urgency_group4/pi-data_2025-08-20_15-04-07_Prat_Urgency_group4/box03/mic/20250820_155500.WAV,20250820_155500_subject094,094,F,EtOH,151217
/datastar/behavior_rooms/2CAP/2025-08-20_15-04-07_Prat_Urgency_group4/pi-data_2025-08-20_15-04-07_Prat_Urgency_group4/box03/mic/20250820_160000.WAV,20250820_160000_subject094,094,F,EtOH,151217
/datastar/behavior_rooms/2CAP/2025-08-20_15-04-07_Prat_Urgency_group4/pi-data_2025-08-20_15-04-07_Prat_Urgency_group4/box03/mic/20250820_160500.WAV,20250820_160500_subject094,094,F,EtOH,151217
/datastar/behavior_rooms/2CAP/2025-08-20_15-04-07_Prat_Urgency_group4/pi-data_2025-08-20_15-04-07_Prat_Urgency_group4/box03/mic/20250820_161000.WAV,20250820_161000_subject094,094,F,EtOH,151217
/datastar/behavior_rooms/2CAP/2025-08-20_15-04-07_Prat_Urgency_group4/pi-data_2025-08-20_15-04-07_Prat_Urgency_group4/box03/mic/20250820_161500.WAV,20250820_161500_subject094,094,F,EtOH,151217
/datastar/behavior_rooms/2CAP/2025-08-20_15-04-07_Prat_Urgency_group4/pi-data_2025-08-20_15-04-07_Prat_Urgency_group4/box01/mic/20250820_151007.WAV,20250820_151007_subject095_083,095_083,M,EtOH_EtOH,151118
/datastar/behavior_rooms/2CAP/2025-08-20_15-04-07_Prat_Urgency_group4/pi-data_2025-08-20_15-04-07_Prat_Urgency_group4/box01/mic/20250820_151500.WAV,20250820_151500_subject095_083,095_083,M,EtOH_EtOH,151118
/datastar/behavior_rooms/2CAP/2025-08-20_15-04-07_Prat_Urgency_group4/pi-data_2025-08-20_15-04-07_Prat_Urgency_group4/box01/mic/20250820_152000.WAV,20250820_152000_subject095_083,095_083,M,EtOH_EtOH,151118
/datastar/behavior_rooms/2CAP/2025-08-20_15-04-07_Prat_Urgency_group4/pi-data_2025-08-20_15-04-07_Prat_Urgency_group4/box01/mic/20250820_152500.WAV,20250820_152500_subject095_083,095_083,M,EtOH_EtOH,151118
/datastar/behavior_rooms/2CAP/2025-08-20_15-04-07_Prat_Urgency_group4/pi-data_2025-08-20_15-04-07_Prat_Urgency_group4/box01/mic/20250820_153000.WAV,20250820_153000_subject095_083,095_083,M,EtOH_EtOH,151118
/datastar/behavior_rooms/2CAP/2025-08-20_15-04-07_Prat_Urgency_group4/pi-data_2025-08-20_15-04-07_Prat_Urgency_group4/box01/mic/20250820_153500.WAV,20250820_153500_subject095_083,095_083,M,EtOH_EtOH,151118
/datastar/behavior_rooms/2CAP/2025-08-20_15-04-07_Prat_Urgency_group4/pi-data_2025-08-20_15-04-07_Prat_Urgency_group4/box01/mic/20250820_154000.WAV,20250820_154000_subject095_083,095_083,M,EtOH_EtOH,151118
/datastar/behavior_rooms/2CAP/2025-08-20_15-04-07_Prat_Urgency_group4/pi-data_2025-08-20_15-04-07_Prat_Urgency_group4/box01/mic/20250820_154500.WAV,20250820_154500_subject095_083,095_083,M,EtOH_EtOH,151118
/datastar/behavior_rooms/2CAP/2025-08-20_15-04-07_Prat_Urgency_group4/pi-data_2025-08-20_15-04-07_Prat_Urgency_group4/box01/mic/20250820_155000.WAV,20250820_155000_subject095_083,095_083,M,EtOH_EtOH,151118
/datastar/behavior_rooms/2CAP/2025-08-20_15-04-07_Prat_Urgency_group4/pi-data_2025-08-20_15-04-07_Prat_Urgency_group4/box01/mic/20250820_155500.WAV,20250820_155500_subject095_083,095_083,M,EtOH_EtOH,151118
/datastar/behavior_rooms/2CAP/2025-08-20_15-04-07_Prat_Urgency_group4/pi-data_2025-08-20_15-04-07_Prat_Urgency_group4/box01/mic/20250820_160000.WAV,20250820_160000_subject095_083,095_083,M,EtOH_EtOH,151118
/datastar/behavior_rooms/2CAP/2025-08-20_15-04-07_Prat_Urgency_group4/pi-data_2025-08-20_15-04-07_Prat_Urgency_group4/box01/mic/20250820_160500.WAV,20250820_160500_subject095_083,095_083,M,EtOH_EtOH,151118
/datastar/behavior_rooms/2CAP/2025-08-20_15-04-07_Prat_Urgency_group4/pi-data_2025-08-20_15-04-07_Prat_Urgency_group4/box01/mic/20250820_161000.WAV,20250820_161000_subject095_083,095_083,M,EtOH_EtOH,151118
/datastar/behavior_rooms/2CAP/2025-08-20_15-04-07_Prat_Urgency_group4/pi-data_2025-08-20_15-04-07_Prat_Urgency_group4/box01/mic/20250820_161500.WAV,20250820_161500_subject095_083,095_083,M,EtOH_EtOH,151118
/datastar/behavior_rooms/2CAP/2025-08-21_09-34-45_Prat_Urgency_group1/pi-data_2025-08-21_09-34-45_Prat_Urgency_group1/box01/mic/20250821_094338.WAV,20250821_094338_subject063_087,063_087,M,Control_EtOH,094526
/datastar/behavior_rooms/2CAP/2025-08-21_09-34-45_Prat_Urgency_group1/pi-data_2025-08-21_09-34-45_Prat_Urgency_group1/box01/mic/20250821_094500.WAV,20250821_094500_subject063_087,063_087,M,Control_EtOH,094526
/datastar/behavior_rooms/2CAP/2025-08-21_09-34-45_Prat_Urgency_group1/pi-data_2025-08-21_09-34-45_Prat_Urgency_group1/box01/mic/20250821_095000.WAV,20250821_095000_subject063_087,063_087,M,Control_EtOH,094526
/datastar/behavior_rooms/2CAP/2025-08-21_09-34-45_Prat_Urgency_group1/pi-data_2025-08-21_09-34-45_Prat_Urgency_group1/box01/mic/20250821_095500.WAV,20250821_095500_subject063_087,063_087,M,Control_EtOH,094526
/datastar/behavior_rooms/2CAP/2025-08-21_09-34-45_Prat_Urgency_group1/pi-data_2025-08-21_09-34-45_Prat_Urgency_group1/box01/mic/20250821_100000.WAV,20250821_100000_subject063_087,063_087,M,Control_EtOH,094526
/datastar/behavior_rooms/2CAP/2025-08-21_09-34-45_Prat_Urgency_group1/pi-data_2025-08-21_09-34-45_Prat_Urgency_group1/box01/mic/20250821_100500.WAV,20250821_100500_subject063_087,063_087,M,Control_EtOH,094526
/datastar/behavior_rooms/2CAP/2025-08-21_09-34-45_Prat_Urgency_group1/pi-data_2025-08-21_09-34-45_Prat_Urgency_group1/box01/mic/20250821_101000.WAV,20250821_101000_subject063_087,063_087,M,Control_EtOH,094526
/datastar/behavior_rooms/2CAP/2025-08-21_09-34-45_Prat_Urgency_group1/pi-data_2025-08-21_09-34-45_Prat_Urgency_group1/box01/mic/20250821_101500.WAV,20250821_101500_subject063_087,063_087,M,Control_EtOH,094526
/datastar/behavior_rooms/2CAP/2025-08-21_09-34-45_Prat_Urgency_group1/pi-data_2025-08-21_09-34-45_Prat_Urgency_group1/box01/mic/20250821_102000.WAV,20250821_102000_subject063_087,063_087,M,Control_EtOH,094526
/datastar/behavior_rooms/2CAP/2025-08-21_09-34-45_Prat_Urgency_group1/pi-data_2025-08-21_09-34-45_Prat_Urgency_group1/box01/mic/20250821_102500.WAV,20250821_102500_subject063_087,063_087,M,Control_EtOH,094526
/datastar/behavior_rooms/2CAP/2025-08-21_09-34-45_Prat_Urgency_group1/pi-data_2025-08-21_09-34-45_Prat_Urgency_group1/box01/mic/20250821_103000.WAV,20250821_103000_subject063_087,063_087,M,Control_EtOH,094526
/datastar/behavior_rooms/2CAP/2025-08-21_09-34-45_Prat_Urgency_group1/pi-data_2025-08-21_09-34-45_Prat_Urgency_group1/box01/mic/20250821_103500.WAV,20250821_103500_subject063_087,063_087,M,Control_EtOH,094526
/datastar/behavior_rooms/2CAP/2025-08-21_09-34-45_Prat_Urgency_group1/pi-data_2025-08-21_09-34-45_Prat_Urgency_group1/box01/mic/20250821_104000.WAV,20250821_104000_subject063_087,063_087,M,Control_EtOH,094526
/datastar/behavior_rooms/2CAP/2025-08-21_09-34-45_Prat_Urgency_group1/pi-data_2025-08-21_09-34-45_Prat_Urgency_group1/box01/mic/20250821_104500.WAV,20250821_104500_subject063_087,063_087,M,Control_EtOH,094526
/datastar/behavior_rooms/2CAP/2025-08-21_09-34-45_Prat_Urgency_group1/pi-data_2025-08-21_09-34-45_Prat_Urgency_group1/box01/mic/20250821_105000.WAV,20250821_105000_subject063_087,063_087,M,Control_EtOH,094526
/datastar/behavior_rooms/2CAP/2025-08-21_09-34-45_Prat_Urgency_group1/pi-data_2025-08-21_09-34-45_Prat_Urgency_group1/box04/mic/20250821_094338.WAV,20250821_094338_subject066,066,F,Control,094718
/datastar/behavior_rooms/2CAP/2025-08-21_09-34-45_Prat_Urgency_group1/pi-data_2025-08-21_09-34-45_Prat_Urgency_group1/box04/mic/20250821_094500.WAV,20250821_094500_subject066,066,F,Control,094718
/datastar/behavior_rooms/2CAP/2025-08-21_09-34-45_Prat_Urgency_group1/pi-data_2025-08-21_09-34-45_Prat_Urgency_group1/box04/mic/20250821_095000.WAV,20250821_095000_subject066,066,F,Control,094718
/datastar/behavior_rooms/2CAP/2025-08-21_09-34-45_Prat_Urgency_group1/pi-data_2025-08-21_09-34-45_Prat_Urgency_group1/box04/mic/20250821_095500.WAV,20250821_095500_subject066,066,F,Control,094718
/datastar/behavior_rooms/2CAP/2025-08-21_09-34-45_Prat_Urgency_group1/pi-data_2025-08-21_09-34-45_Prat_Urgency_group1/box04/mic/20250821_100000.WAV,20250821_100000_subject066,066,F,Control,094718
/datastar/behavior_rooms/2CAP/2025-08-21_09-34-45_Prat_Urgency_group1/pi-data_2025-08-21_09-34-45_Prat_Urgency_group1/box04/mic/20250821_100500.WAV,20250821_100500_subject066,066,F,Control,094718
/datastar/behavior_rooms/2CAP/2025-08-21_09-34-45_Prat_Urgency_group1/pi-data_2025-08-21_09-34-45_Prat_Urgency_group1/box04/mic/20250821_101000.WAV,20250821_101000_subject066,066,F,Control,094718
/datastar/behavior_rooms/2CAP/2025-08-21_09-34-45_Prat_Urgency_group1/pi-data_2025-08-21_09-34-45_Prat_Urgency_group1/box04/mic/20250821_101500.WAV,20250821_101500_subject066,066,F,Control,094718
/datastar/behavior_rooms/2CAP/2025-08-21_09-34-45_Prat_Urgency_group1/pi-data_2025-08-21_09-34-45_Prat_Urgency_group1/box04/mic/20250821_102000.WAV,20250821_102000_subject066,066,F,Control,094718
/datastar/behavior_rooms/2CAP/2025-08-21_09-34-45_Prat_Urgency_group1/pi-data_2025-08-21_09-34-45_Prat_Urgency_group1/box04/mic/20250821_102500.WAV,20250821_102500_subject066,066,F,Control,094718
/datastar/behavior_rooms/2CAP/2025-08-21_09-34-45_Prat_Urgency_group1/pi-data_2025-08-21_09-34-45_Prat_Urgency_group1/box04/mic/20250821_103000.WAV,20250821_103000_subject066,066,F,Control,094718
/datastar/behavior_rooms/2CAP/2025-08-21_09-34-45_Prat_Urgency_group1/pi-data_2025-08-21_09-34-45_Prat_Urgency_group1/box04/mic/20250821_103500.WAV,20250821_103500_subject066,066,F,Control,094718
/datastar/behavior_rooms/2CAP/2025-08-21_09-34-45_Prat_Urgency_group1/pi-data_2025-08-21_09-34-45_Prat_Urgency_group1/box04/mic/20250821_104000.WAV,20250821_104000_subject066,066,F,Control,094718
/datastar/behavior_rooms/2CAP/2025-08-21_09-34-45_Prat_Urgency_group1/pi-data_2025-08-21_09-34-45_Prat_Urgency_group1/box04/mic/20250821_104500.WAV,20250821_104500_subject066,066,F,Control,094718
/datastar/behavior_rooms/2CAP/2025-08-21_09-34-45_Prat_Urgency_group1/pi-data_2025-08-21_09-34-45_Prat_Urgency_group1/box04/mic/20250821_105000.WAV,20250821_105000_subject066,066,F,Control,094718
/datastar/behavior_rooms/2CAP/2025-08-21_09-34-45_Prat_Urgency_group1/pi-data_2025-08-21_09-34-45_Prat_Urgency_group1/box03/mic/20250821_094338.WAV,20250821_094338_subject070_068,070_068,F,Control_Control,094642
/datastar/behavior_rooms/2CAP/2025-08-21_09-34-45_Prat_Urgency_group1/pi-data_2025-08-21_09-34-45_Prat_Urgency_group1/box03/mic/20250821_094500.WAV,20250821_094500_subject070_068,070_068,F,Control_Control,094642
/datastar/behavior_rooms/2CAP/2025-08-21_09-34-45_Prat_Urgency_group1/pi-data_2025-08-21_09-34-45_Prat_Urgency_group1/box03/mic/20250821_095000.WAV,20250821_095000_subject070_068,070_068,F,Control_Control,094642
/datastar/behavior_rooms/2CAP/2025-08-21_09-34-45_Prat_Urgency_group1/pi-data_2025-08-21_09-34-45_Prat_Urgency_group1/box03/mic/20250821_095500.WAV,20250821_095500_subject070_068,070_068,F,Control_Control,094642
/datastar/behavior_rooms/2CAP/2025-08-21_09-34-45_Prat_Urgency_group1/pi-data_2025-08-21_09-34-45_Prat_Urgency_group1/box03/mic/20250821_100000.WAV,20250821_100000_subject070_068,070_068,F,Control_Control,094642
/datastar/behavior_rooms/2CAP/2025-08-21_09-34-45_Prat_Urgency_group1/pi-data_2025-08-21_09-34-45_Prat_Urgency_group1/box03/mic/20250821_100500.WAV,20250821_100500_subject070_068,070_068,F,Control_Control,094642
/datastar/behavior_rooms/2CAP/2025-08-21_09-34-45_Prat_Urgency_group1/pi-data_2025-08-21_09-34-45_Prat_Urgency_group1/box03/mic/20250821_101000.WAV,20250821_101000_subject070_068,070_068,F,Control_Control,094642
/datastar/behavior_rooms/2CAP/2025-08-21_09-34-45_Prat_Urgency_group1/pi-data_2025-08-21_09-34-45_Prat_Urgency_group1/box03/mic/20250821_101500.WAV,20250821_101500_subject070_068,070_068,F,Control_Control,094642
/datastar/behavior_rooms/2CAP/2025-08-21_09-34-45_Prat_Urgency_group1/pi-data_2025-08-21_09-34-45_Prat_Urgency_group1/box03/mic/20250821_102000.WAV,20250821_102000_subject070_068,070_068,F,Control_Control,094642
/datastar/behavior_rooms/2CAP/2025-08-21_09-34-45_Prat_Urgency_group1/pi-data_2025-08-21_09-34-45_Prat_Urgency_group1/box03/mic/20250821_102500.WAV,20250821_102500_subject070_068,070_068,F,Control_Control,094642
/datastar/behavior_rooms/2CAP/2025-08-21_09-34-45_Prat_Urgency_group1/pi-data_2025-08-21_09-34-45_Prat_Urgency_group1/box03/mic/20250821_103000.WAV,20250821_103000_subject070_068,070_068,F,Control_Control,094642
/datastar/behavior_rooms/2CAP/2025-08-21_09-34-45_Prat_Urgency_group1/pi-data_2025-08-21_09-34-45_Prat_Urgency_group1/box03/mic/20250821_103500.WAV,20250821_103500_subject070_068,070_068,F,Control_Control,094642
/datastar/behavior_rooms/2CAP/2025-08-21_09-34-45_Prat_Urgency_group1/pi-data_2025-08-21_09-34-45_Prat_Urgency_group1/box03/mic/20250821_104000.WAV,20250821_104000_subject070_068,070_068,F,Control_Control,094642
/datastar/behavior_rooms/2CAP/2025-08-21_09-34-45_Prat_Urgency_group1/pi-data_2025-08-21_09-34-45_Prat_Urgency_group1/box03/mic/20250821_104500.WAV,20250821_104500_subject070_068,070_068,F,Control_Control,094642
/datastar/behavior_rooms/2CAP/2025-08-21_09-34-45_Prat_Urgency_group1/pi-data_2025-08-21_09-34-45_Prat_Urgency_group1/box03/mic/20250821_105000.WAV,20250821_105000_subject070_068,070_068,F,Control_Control,094642
/datastar/behavior_rooms/2CAP/2025-08-21_09-34-45_Prat_Urgency_group1/pi-data_2025-08-21_09-34-45_Prat_Urgency_group1/box05/mic/20250821_094338.WAV,20250821_094338_subject083_081,083_081,M,EtOH_EtOH,094849
/datastar/behavior_rooms/2CAP/2025-08-21_09-34-45_Prat_Urgency_group1/pi-data_2025-08-21_09-34-45_Prat_Urgency_group1/box05/mic/20250821_094500.WAV,20250821_094500_subject083_081,083_081,M,EtOH_EtOH,094849
/datastar/behavior_rooms/2CAP/2025-08-21_09-34-45_Prat_Urgency_group1/pi-data_2025-08-21_09-34-45_Prat_Urgency_group1/box05/mic/20250821_095000.WAV,20250821_095000_subject083_081,083_081,M,EtOH_EtOH,094849
/datastar/behavior_rooms/2CAP/2025-08-21_09-34-45_Prat_Urgency_group1/pi-data_2025-08-21_09-34-45_Prat_Urgency_group1/box05/mic/20250821_095500.WAV,20250821_095500_subject083_081,083_081,M,EtOH_EtOH,094849
/datastar/behavior_rooms/2CAP/2025-08-21_09-34-45_Prat_Urgency_group1/pi-data_2025-08-21_09-34-45_Prat_Urgency_group1/box05/mic/20250821_100000.WAV,20250821_100000_subject083_081,083_081,M,EtOH_EtOH,094849
/datastar/behavior_rooms/2CAP/2025-08-21_09-34-45_Prat_Urgency_group1/pi-data_2025-08-21_09-34-45_Prat_Urgency_group1/box05/mic/20250821_100500.WAV,20250821_100500_subject083_081,083_081,M,EtOH_EtOH,094849
/datastar/behavior_rooms/2CAP/2025-08-21_09-34-45_Prat_Urgency_group1/pi-data_2025-08-21_09-34-45_Prat_Urgency_group1/box05/mic/20250821_101000.WAV,20250821_101000_subject083_081,083_081,M,EtOH_EtOH,094849
/datastar/behavior_rooms/2CAP/2025-08-21_09-34-45_Prat_Urgency_group1/pi-data_2025-08-21_09-34-45_Prat_Urgency_group1/box05/mic/20250821_101500.WAV,20250821_101500_subject083_081,083_081,M,EtOH_EtOH,094849
/datastar/behavior_rooms/2CAP/2025-08-21_09-34-45_Prat_Urgency_group1/pi-data_2025-08-21_09-34-45_Prat_Urgency_group1/box05/mic/20250821_102000.WAV,20250821_102000_subject083_081,083_081,M,EtOH_EtOH,094849
/datastar/behavior_rooms/2CAP/2025-08-21_09-34-45_Prat_Urgency_group1/pi-data_2025-08-21_09-34-45_Prat_Urgency_group1/box05/mic/20250821_102500.WAV,20250821_102500_subject083_081,083_081,M,EtOH_EtOH,094849
/datastar/behavior_rooms/2CAP/2025-08-21_09-34-45_Prat_Urgency_group1/pi-data_2025-08-21_09-34-45_Prat_Urgency_group1/box05/mic/20250821_103000.WAV,20250821_103000_subject083_081,083_081,M,EtOH_EtOH,094849
/datastar/behavior_rooms/2CAP/2025-08-21_09-34-45_Prat_Urgency_group1/pi-data_2025-08-21_09-34-45_Prat_Urgency_group1/box05/mic/20250821_103500.WAV,20250821_103500_subject083_081,083_081,M,EtOH_EtOH,094849
/datastar/behavior_rooms/2CAP/2025-08-21_09-34-45_Prat_Urgency_group1/pi-data_2025-08-21_09-34-45_Prat_Urgency_group1/box05/mic/20250821_104000.WAV,20250821_104000_subject083_081,083_081,M,EtOH_EtOH,094849
/datastar/behavior_rooms/2CAP/2025-08-21_09-34-45_Prat_Urgency_group1/pi-data_2025-08-21_09-34-45_Prat_Urgency_group1/box05/mic/20250821_104500.WAV,20250821_104500_subject083_081,083_081,M,EtOH_EtOH,094849
/datastar/behavior_rooms/2CAP/2025-08-21_09-34-45_Prat_Urgency_group1/pi-data_2025-08-21_09-34-45_Prat_Urgency_group1/box05/mic/20250821_105000.WAV,20250821_105000_subject083_081,083_081,M,EtOH_EtOH,094849
/datastar/behavior_rooms/2CAP/2025-08-21_09-34-45_Prat_Urgency_group1/pi-data_2025-08-21_09-34-45_Prat_Urgency_group1/box02/mic/20250821_094338.WAV,20250821_094338_subject094_064,094_064,F,EtOH_Control,094604
/datastar/behavior_rooms/2CAP/2025-08-21_09-34-45_Prat_Urgency_group1/pi-data_2025-08-21_09-34-45_Prat_Urgency_group1/box02/mic/20250821_094500.WAV,20250821_094500_subject094_064,094_064,F,EtOH_Control,094604
/datastar/behavior_rooms/2CAP/2025-08-21_09-34-45_Prat_Urgency_group1/pi-data_2025-08-21_09-34-45_Prat_Urgency_group1/box02/mic/20250821_095000.WAV,20250821_095000_subject094_064,094_064,F,EtOH_Control,094604
/datastar/behavior_rooms/2CAP/2025-08-21_09-34-45_Prat_Urgency_group1/pi-data_2025-08-21_09-34-45_Prat_Urgency_group1/box02/mic/20250821_095500.WAV,20250821_095500_subject094_064,094_064,F,EtOH_Control,094604
/datastar/behavior_rooms/2CAP/2025-08-21_09-34-45_Prat_Urgency_group1/pi-data_2025-08-21_09-34-45_Prat_Urgency_group1/box02/mic/20250821_100000.WAV,20250821_100000_subject094_064,094_064,F,EtOH_Control,094604
/datastar/behavior_rooms/2CAP/2025-08-21_09-34-45_Prat_Urgency_group1/pi-data_2025-08-21_09-34-45_Prat_Urgency_group1/box02/mic/20250821_100500.WAV,20250821_100500_subject094_064,094_064,F,EtOH_Control,094604
/datastar/behavior_rooms/2CAP/2025-08-21_09-34-45_Prat_Urgency_group1/pi-data_2025-08-21_09-34-45_Prat_Urgency_group1/box02/mic/20250821_101000.WAV,20250821_101000_subject094_064,094_064,F,EtOH_Control,094604
/datastar/behavior_rooms/2CAP/2025-08-21_09-34-45_Prat_Urgency_group1/pi-data_2025-08-21_09-34-45_Prat_Urgency_group1/box02/mic/20250821_101500.WAV,20250821_101500_subject094_064,094_064,F,EtOH_Control,094604
/datastar/behavior_rooms/2CAP/2025-08-21_09-34-45_Prat_Urgency_group1/pi-data_2025-08-21_09-34-45_Prat_Urgency_group1/box02/mic/20250821_102000.WAV,20250821_102000_subject094_064,094_064,F,EtOH_Control,094604
/datastar/behavior_rooms/2CAP/2025-08-21_09-34-45_Prat_Urgency_group1/pi-data_2025-08-21_09-34-45_Prat_Urgency_group1/box02/mic/20250821_102500.WAV,20250821_102500_subject094_064,094_064,F,EtOH_Control,094604
/datastar/behavior_rooms/2CAP/2025-08-21_09-34-45_Prat_Urgency_group1/pi-data_2025-08-21_09-34-45_Prat_Urgency_group1/box02/mic/20250821_103000.WAV,20250821_103000_subject094_064,094_064,F,EtOH_Control,094604
/datastar/behavior_rooms/2CAP/2025-08-21_09-34-45_Prat_Urgency_group1/pi-data_2025-08-21_09-34-45_Prat_Urgency_group1/box02/mic/20250821_103500.WAV,20250821_103500_subject094_064,094_064,F,EtOH_Control,094604
/datastar/behavior_rooms/2CAP/2025-08-21_09-34-45_Prat_Urgency_group1/pi-data_2025-08-21_09-34-45_Prat_Urgency_group1/box02/mic/20250821_104000.WAV,20250821_104000_subject094_064,094_064,F,EtOH_Control,094604
/datastar/behavior_rooms/2CAP/2025-08-21_09-34-45_Prat_Urgency_group1/pi-data_2025-08-21_09-34-45_Prat_Urgency_group1/box02/mic/20250821_104500.WAV,20250821_104500_subject094_064,094_064,F,EtOH_Control,094604
/datastar/behavior_rooms/2CAP/2025-08-21_09-34-45_Prat_Urgency_group1/pi-data_2025-08-21_09-34-45_Prat_Urgency_group1/box02/mic/20250821_105000.WAV,20250821_105000_subject094_064,094_064,F,EtOH_Control,094604
/datastar/behavior_rooms/2CAP/2025-08-21_09-34-45_Prat_Urgency_group1/pi-data_2025-08-21_09-34-45_Prat_Urgency_group1/box06/mic/20250821_094338.WAV,20250821_094338_subject095,095,M,EtOH,094919
/datastar/behavior_rooms/2CAP/2025-08-21_09-34-45_Prat_Urgency_group1/pi-data_2025-08-21_09-34-45_Prat_Urgency_group1/box06/mic/20250821_094500.WAV,20250821_094500_subject095,095,M,EtOH,094919
/datastar/behavior_rooms/2CAP/2025-08-21_09-34-45_Prat_Urgency_group1/pi-data_2025-08-21_09-34-45_Prat_Urgency_group1/box06/mic/20250821_095000.WAV,20250821_095000_subject095,095,M,EtOH,094919
/datastar/behavior_rooms/2CAP/2025-08-21_09-34-45_Prat_Urgency_group1/pi-data_2025-08-21_09-34-45_Prat_Urgency_group1/box06/mic/20250821_095500.WAV,20250821_095500_subject095,095,M,EtOH,094919
/datastar/behavior_rooms/2CAP/2025-08-21_09-34-45_Prat_Urgency_group1/pi-data_2025-08-21_09-34-45_Prat_Urgency_group1/box06/mic/20250821_100000.WAV,20250821_100000_subject095,095,M,EtOH,094919
/datastar/behavior_rooms/2CAP/2025-08-21_09-34-45_Prat_Urgency_group1/pi-data_2025-08-21_09-34-45_Prat_Urgency_group1/box06/mic/20250821_100500.WAV,20250821_100500_subject095,095,M,EtOH,094919
/datastar/behavior_rooms/2CAP/2025-08-21_09-34-45_Prat_Urgency_group1/pi-data_2025-08-21_09-34-45_Prat_Urgency_group1/box06/mic/20250821_101000.WAV,20250821_101000_subject095,095,M,EtOH,094919
/datastar/behavior_rooms/2CAP/2025-08-21_09-34-45_Prat_Urgency_group1/pi-data_2025-08-21_09-34-45_Prat_Urgency_group1/box06/mic/20250821_101500.WAV,20250821_101500_subject095,095,M,EtOH,094919
/datastar/behavior_rooms/2CAP/2025-08-21_09-34-45_Prat_Urgency_group1/pi-data_2025-08-21_09-34-45_Prat_Urgency_group1/box06/mic/20250821_102000.WAV,20250821_102000_subject095,095,M,EtOH,094919
/datastar/behavior_rooms/2CAP/2025-08-21_09-34-45_Prat_Urgency_group1/pi-data_2025-08-21_09-34-45_Prat_Urgency_group1/box06/mic/20250821_102500.WAV,20250821_102500_subject095,095,M,EtOH,094919
/datastar/behavior_rooms/2CAP/2025-08-21_09-34-45_Prat_Urgency_group1/pi-data_2025-08-21_09-34-45_Prat_Urgency_group1/box06/mic/20250821_103000.WAV,20250821_103000_subject095,095,M,EtOH,094919
/datastar/behavior_rooms/2CAP/2025-08-21_09-34-45_Prat_Urgency_group1/pi-data_2025-08-21_09-34-45_Prat_Urgency_group1/box06/mic/20250821_103500.WAV,20250821_103500_subject095,095,M,EtOH,094919
/datastar/behavior_rooms/2CAP/2025-08-21_09-34-45_Prat_Urgency_group1/pi-data_2025-08-21_09-34-45_Prat_Urgency_group1/box06/mic/20250821_104000.WAV,20250821_104000_subject095,095,M,EtOH,094919
/datastar/behavior_rooms/2CAP/2025-08-21_09-34-45_Prat_Urgency_group1/pi-data_2025-08-21_09-34-45_Prat_Urgency_group1/box06/mic/20250821_104500.WAV,20250821_104500_subject095,095,M,EtOH,094919
/datastar/behavior_rooms/2CAP/2025-08-21_09-34-45_Prat_Urgency_group1/pi-data_2025-08-21_09-34-45_Prat_Urgency_group1/box06/mic/20250821_105000.WAV,20250821_105000_subject095,095,M,EtOH,094919
/datastar/behavior_rooms/2CAP/2025-08-21_11-06-13_Prat_Urgency_group2/pi-data_2025-08-21_11-06-13_Prat_Urgency_group2/box04/mic/20250821_111508.WAV,20250821_111508_subject075_093,075_093,M,Control_EtOH,111827
/datastar/behavior_rooms/2CAP/2025-08-21_11-06-13_Prat_Urgency_group2/pi-data_2025-08-21_11-06-13_Prat_Urgency_group2/box04/mic/20250821_112000.WAV,20250821_112000_subject075_093,075_093,M,Control_EtOH,111827
/datastar/behavior_rooms/2CAP/2025-08-21_11-06-13_Prat_Urgency_group2/pi-data_2025-08-21_11-06-13_Prat_Urgency_group2/box04/mic/20250821_112500.WAV,20250821_112500_subject075_093,075_093,M,Control_EtOH,111827
/datastar/behavior_rooms/2CAP/2025-08-21_11-06-13_Prat_Urgency_group2/pi-data_2025-08-21_11-06-13_Prat_Urgency_group2/box04/mic/20250821_113000.WAV,20250821_113000_subject075_093,075_093,M,Control_EtOH,111827
/datastar/behavior_rooms/2CAP/2025-08-21_11-06-13_Prat_Urgency_group2/pi-data_2025-08-21_11-06-13_Prat_Urgency_group2/box04/mic/20250821_113500.WAV,20250821_113500_subject075_093,075_093,M,Control_EtOH,111827
/datastar/behavior_rooms/2CAP/2025-08-21_11-06-13_Prat_Urgency_group2/pi-data_2025-08-21_11-06-13_Prat_Urgency_group2/box04/mic/20250821_114000.WAV,20250821_114000_subject075_093,075_093,M,Control_EtOH,111827
/datastar/behavior_rooms/2CAP/2025-08-21_11-06-13_Prat_Urgency_group2/pi-data_2025-08-21_11-06-13_Prat_Urgency_group2/box04/mic/20250821_114500.WAV,20250821_114500_subject075_093,075_093,M,Control_EtOH,111827
/datastar/behavior_rooms/2CAP/2025-08-21_11-06-13_Prat_Urgency_group2/pi-data_2025-08-21_11-06-13_Prat_Urgency_group2/box04/mic/20250821_115000.WAV,20250821_115000_subject075_093,075_093,M,Control_EtOH,111827
/datastar/behavior_rooms/2CAP/2025-08-21_11-06-13_Prat_Urgency_group2/pi-data_2025-08-21_11-06-13_Prat_Urgency_group2/box04/mic/20250821_115500.WAV,20250821_115500_subject075_093,075_093,M,Control_EtOH,111827
/datastar/behavior_rooms/2CAP/2025-08-21_11-06-13_Prat_Urgency_group2/pi-data_2025-08-21_11-06-13_Prat_Urgency_group2/box04/mic/20250821_120000.WAV,20250821_120000_subject075_093,075_093,M,Control_EtOH,111827
/datastar/behavior_rooms/2CAP/2025-08-21_11-06-13_Prat_Urgency_group2/pi-data_2025-08-21_11-06-13_Prat_Urgency_group2/box04/mic/20250821_120500.WAV,20250821_120500_subject075_093,075_093,M,Control_EtOH,111827
/datastar/behavior_rooms/2CAP/2025-08-21_11-06-13_Prat_Urgency_group2/pi-data_2025-08-21_11-06-13_Prat_Urgency_group2/box04/mic/20250821_121000.WAV,20250821_121000_subject075_093,075_093,M,Control_EtOH,111827
/datastar/behavior_rooms/2CAP/2025-08-21_11-06-13_Prat_Urgency_group2/pi-data_2025-08-21_11-06-13_Prat_Urgency_group2/box04/mic/20250821_121500.WAV,20250821_121500_subject075_093,075_093,M,Control_EtOH,111827
/datastar/behavior_rooms/2CAP/2025-08-21_11-06-13_Prat_Urgency_group2/pi-data_2025-08-21_11-06-13_Prat_Urgency_group2/box04/mic/20250821_122000.WAV,20250821_122000_subject075_093,075_093,M,Control_EtOH,111827
/datastar/behavior_rooms/2CAP/2025-08-21_11-06-13_Prat_Urgency_group2/pi-data_2025-08-21_11-06-13_Prat_Urgency_group2/box05/mic/20250821_111507.WAV,20250821_111507_subject078,078,F,Control,111848
/datastar/behavior_rooms/2CAP/2025-08-21_11-06-13_Prat_Urgency_group2/pi-data_2025-08-21_11-06-13_Prat_Urgency_group2/box05/mic/20250821_112000.WAV,20250821_112000_subject078,078,F,Control,111848
/datastar/behavior_rooms/2CAP/2025-08-21_11-06-13_Prat_Urgency_group2/pi-data_2025-08-21_11-06-13_Prat_Urgency_group2/box05/mic/20250821_112500.WAV,20250821_112500_subject078,078,F,Control,111848
/datastar/behavior_rooms/2CAP/2025-08-21_11-06-13_Prat_Urgency_group2/pi-data_2025-08-21_11-06-13_Prat_Urgency_group2/box05/mic/20250821_113000.WAV,20250821_113000_subject078,078,F,Control,111848
/datastar/behavior_rooms/2CAP/2025-08-21_11-06-13_Prat_Urgency_group2/pi-data_2025-08-21_11-06-13_Prat_Urgency_group2/box05/mic/20250821_113500.WAV,20250821_113500_subject078,078,F,Control,111848
/datastar/behavior_rooms/2CAP/2025-08-21_11-06-13_Prat_Urgency_group2/pi-data_2025-08-21_11-06-13_Prat_Urgency_group2/box05/mic/20250821_114000.WAV,20250821_114000_subject078,078,F,Control,111848
/datastar/behavior_rooms/2CAP/2025-08-21_11-06-13_Prat_Urgency_group2/pi-data_2025-08-21_11-06-13_Prat_Urgency_group2/box05/mic/20250821_114500.WAV,20250821_114500_subject078,078,F,Control,111848
/datastar/behavior_rooms/2CAP/2025-08-21_11-06-13_Prat_Urgency_group2/pi-data_2025-08-21_11-06-13_Prat_Urgency_group2/box05/mic/20250821_115000.WAV,20250821_115000_subject078,078,F,Control,111848
/datastar/behavior_rooms/2CAP/2025-08-21_11-06-13_Prat_Urgency_group2/pi-data_2025-08-21_11-06-13_Prat_Urgency_group2/box05/mic/20250821_115500.WAV,20250821_115500_subject078,078,F,Control,111848
/datastar/behavior_rooms/2CAP/2025-08-21_11-06-13_Prat_Urgency_group2/pi-data_2025-08-21_11-06-13_Prat_Urgency_group2/box05/mic/20250821_120000.WAV,20250821_120000_subject078,078,F,Control,111848
/datastar/behavior_rooms/2CAP/2025-08-21_11-06-13_Prat_Urgency_group2/pi-data_2025-08-21_11-06-13_Prat_Urgency_group2/box05/mic/20250821_120500.WAV,20250821_120500_subject078,078,F,Control,111848
/datastar/behavior_rooms/2CAP/2025-08-21_11-06-13_Prat_Urgency_group2/pi-data_2025-08-21_11-06-13_Prat_Urgency_group2/box05/mic/20250821_121000.WAV,20250821_121000_subject078,078,F,Control,111848
/datastar/behavior_rooms/2CAP/2025-08-21_11-06-13_Prat_Urgency_group2/pi-data_2025-08-21_11-06-13_Prat_Urgency_group2/box05/mic/20250821_121500.WAV,20250821_121500_subject078,078,F,Control,111848
/datastar/behavior_rooms/2CAP/2025-08-21_11-06-13_Prat_Urgency_group2/pi-data_2025-08-21_11-06-13_Prat_Urgency_group2/box05/mic/20250821_122000.WAV,20250821_122000_subject078,078,F,Control,111848
/datastar/behavior_rooms/2CAP/2025-08-21_11-06-13_Prat_Urgency_group2/pi-data_2025-08-21_11-06-13_Prat_Urgency_group2/box02/mic/20250821_111508.WAV,20250821_111508_subject079_071,079_071,M,EtOH_Control,111700
/datastar/behavior_rooms/2CAP/2025-08-21_11-06-13_Prat_Urgency_group2/pi-data_2025-08-21_11-06-13_Prat_Urgency_group2/box02/mic/20250821_112000.WAV,20250821_112000_subject079_071,079_071,M,EtOH_Control,111700
/datastar/behavior_rooms/2CAP/2025-08-21_11-06-13_Prat_Urgency_group2/pi-data_2025-08-21_11-06-13_Prat_Urgency_group2/box02/mic/20250821_112500.WAV,20250821_112500_subject079_071,079_071,M,EtOH_Control,111700
/datastar/behavior_rooms/2CAP/2025-08-21_11-06-13_Prat_Urgency_group2/pi-data_2025-08-21_11-06-13_Prat_Urgency_group2/box02/mic/20250821_113000.WAV,20250821_113000_subject079_071,079_071,M,EtOH_Control,111700
/datastar/behavior_rooms/2CAP/2025-08-21_11-06-13_Prat_Urgency_group2/pi-data_2025-08-21_11-06-13_Prat_Urgency_group2/box02/mic/20250821_113500.WAV,20250821_113500_subject079_071,079_071,M,EtOH_Control,111700
/datastar/behavior_rooms/2CAP/2025-08-21_11-06-13_Prat_Urgency_group2/pi-data_2025-08-21_11-06-13_Prat_Urgency_group2/box02/mic/20250821_114000.WAV,20250821_114000_subject079_071,079_071,M,EtOH_Control,111700
/datastar/behavior_rooms/2CAP/2025-08-21_11-06-13_Prat_Urgency_group2/pi-data_2025-08-21_11-06-13_Prat_Urgency_group2/box02/mic/20250821_114500.WAV,20250821_114500_subject079_071,079_071,M,EtOH_Control,111700
/datastar/behavior_rooms/2CAP/2025-08-21_11-06-13_Prat_Urgency_group2/pi-data_2025-08-21_11-06-13_Prat_Urgency_group2/box02/mic/20250821_115000.WAV,20250821_115000_subject079_071,079_071,M,EtOH_Control,111700
/datastar/behavior_rooms/2CAP/2025-08-21_11-06-13_Prat_Urgency_group2/pi-data_2025-08-21_11-06-13_Prat_Urgency_group2/box02/mic/20250821_115500.WAV,20250821_115500_subject079_071,079_071,M,EtOH_Control,111700
/datastar/behavior_rooms/2CAP/2025-08-21_11-06-13_Prat_Urgency_group2/pi-data_2025-08-21_11-06-13_Prat_Urgency_group2/box02/mic/20250821_120000.WAV,20250821_120000_subject079_071,079_071,M,EtOH_Control,111700
/datastar/behavior_rooms/2CAP/2025-08-21_11-06-13_Prat_Urgency_group2/pi-data_2025-08-21_11-06-13_Prat_Urgency_group2/box02/mic/20250821_120500.WAV,20250821_120500_subject079_071,079_071,M,EtOH_Control,111700
/datastar/behavior_rooms/2CAP/2025-08-21_11-06-13_Prat_Urgency_group2/pi-data_2025-08-21_11-06-13_Prat_Urgency_group2/box02/mic/20250821_121000.WAV,20250821_121000_subject079_071,079_071,M,EtOH_Control,111700
/datastar/behavior_rooms/2CAP/2025-08-21_11-06-13_Prat_Urgency_group2/pi-data_2025-08-21_11-06-13_Prat_Urgency_group2/box02/mic/20250821_121500.WAV,20250821_121500_subject079_071,079_071,M,EtOH_Control,111700
/datastar/behavior_rooms/2CAP/2025-08-21_11-06-13_Prat_Urgency_group2/pi-data_2025-08-21_11-06-13_Prat_Urgency_group2/box02/mic/20250821_122000.WAV,20250821_122000_subject079_071,079_071,M,EtOH_Control,111700
/datastar/behavior_rooms/2CAP/2025-08-21_11-06-13_Prat_Urgency_group2/pi-data_2025-08-21_11-06-13_Prat_Urgency_group2/box06/mic/20250821_111507.WAV,20250821_111507_subject088,088,F,EtOH,111910
/datastar/behavior_rooms/2CAP/2025-08-21_11-06-13_Prat_Urgency_group2/pi-data_2025-08-21_11-06-13_Prat_Urgency_group2/box06/mic/20250821_112000.WAV,20250821_112000_subject088,088,F,EtOH,111910
/datastar/behavior_rooms/2CAP/2025-08-21_11-06-13_Prat_Urgency_group2/pi-data_2025-08-21_11-06-13_Prat_Urgency_group2/box06/mic/20250821_112500.WAV,20250821_112500_subject088,088,F,EtOH,111910
/datastar/behavior_rooms/2CAP/2025-08-21_11-06-13_Prat_Urgency_group2/pi-data_2025-08-21_11-06-13_Prat_Urgency_group2/box06/mic/20250821_113000.WAV,20250821_113000_subject088,088,F,EtOH,111910
/datastar/behavior_rooms/2CAP/2025-08-21_11-06-13_Prat_Urgency_group2/pi-data_2025-08-21_11-06-13_Prat_Urgency_group2/box06/mic/20250821_113500.WAV,20250821_113500_subject088,088,F,EtOH,111910
/datastar/behavior_rooms/2CAP/2025-08-21_11-06-13_Prat_Urgency_group2/pi-data_2025-08-21_11-06-13_Prat_Urgency_group2/box06/mic/20250821_114000.WAV,20250821_114000_subject088,088,F,EtOH,111910
/datastar/behavior_rooms/2CAP/2025-08-21_11-06-13_Prat_Urgency_group2/pi-data_2025-08-21_11-06-13_Prat_Urgency_group2/box06/mic/20250821_114500.WAV,20250821_114500_subject088,088,F,EtOH,111910
/datastar/behavior_rooms/2CAP/2025-08-21_11-06-13_Prat_Urgency_group2/pi-data_2025-08-21_11-06-13_Prat_Urgency_group2/box06/mic/20250821_115000.WAV,20250821_115000_subject088,088,F,EtOH,111910
/datastar/behavior_rooms/2CAP/2025-08-21_11-06-13_Prat_Urgency_group2/pi-data_2025-08-21_11-06-13_Prat_Urgency_group2/box06/mic/20250821_115500.WAV,20250821_115500_subject088,088,F,EtOH,111910
/datastar/behavior_rooms/2CAP/2025-08-21_11-06-13_Prat_Urgency_group2/pi-data_2025-08-21_11-06-13_Prat_Urgency_group2/box06/mic/20250821_120000.WAV,20250821_120000_subject088,088,F,EtOH,111910
/datastar/behavior_rooms/2CAP/2025-08-21_11-06-13_Prat_Urgency_group2/pi-data_2025-08-21_11-06-13_Prat_Urgency_group2/box06/mic/20250821_120500.WAV,20250821_120500_subject088,088,F,EtOH,111910
/datastar/behavior_rooms/2CAP/2025-08-21_11-06-13_Prat_Urgency_group2/pi-data_2025-08-21_11-06-13_Prat_Urgency_group2/box06/mic/20250821_121000.WAV,20250821_121000_subject088,088,F,EtOH,111910
/datastar/behavior_rooms/2CAP/2025-08-21_11-06-13_Prat_Urgency_group2/pi-data_2025-08-21_11-06-13_Prat_Urgency_group2/box06/mic/20250821_121500.WAV,20250821_121500_subject088,088,F,EtOH,111910
/datastar/behavior_rooms/2CAP/2025-08-21_11-06-13_Prat_Urgency_group2/pi-data_2025-08-21_11-06-13_Prat_Urgency_group2/box06/mic/20250821_122000.WAV,20250821_122000_subject088,088,F,EtOH,111910
/datastar/behavior_rooms/2CAP/2025-08-21_11-06-13_Prat_Urgency_group2/pi-data_2025-08-21_11-06-13_Prat_Urgency_group2/box03/mic/20250821_111508.WAV,20250821_111508_subject097_077,097_077,M,EtOH_Control,111749
/datastar/behavior_rooms/2CAP/2025-08-21_11-06-13_Prat_Urgency_group2/pi-data_2025-08-21_11-06-13_Prat_Urgency_group2/box03/mic/20250821_112000.WAV,20250821_112000_subject097_077,097_077,M,EtOH_Control,111749
/datastar/behavior_rooms/2CAP/2025-08-21_11-06-13_Prat_Urgency_group2/pi-data_2025-08-21_11-06-13_Prat_Urgency_group2/box03/mic/20250821_112500.WAV,20250821_112500_subject097_077,097_077,M,EtOH_Control,111749
/datastar/behavior_rooms/2CAP/2025-08-21_11-06-13_Prat_Urgency_group2/pi-data_2025-08-21_11-06-13_Prat_Urgency_group2/box03/mic/20250821_113000.WAV,20250821_113000_subject097_077,097_077,M,EtOH_Control,111749
/datastar/behavior_rooms/2CAP/2025-08-21_11-06-13_Prat_Urgency_group2/pi-data_2025-08-21_11-06-13_Prat_Urgency_group2/box03/mic/20250821_113500.WAV,20250821_113500_subject097_077,097_077,M,EtOH_Control,111749
/datastar/behavior_rooms/2CAP/2025-08-21_11-06-13_Prat_Urgency_group2/pi-data_2025-08-21_11-06-13_Prat_Urgency_group2/box03/mic/20250821_114000.WAV,20250821_114000_subject097_077,097_077,M,EtOH_Control,111749
/datastar/behavior_rooms/2CAP/2025-08-21_11-06-13_Prat_Urgency_group2/pi-data_2025-08-21_11-06-13_Prat_Urgency_group2/box03/mic/20250821_114500.WAV,20250821_114500_subject097_077,097_077,M,EtOH_Control,111749
/datastar/behavior_rooms/2CAP/2025-08-21_11-06-13_Prat_Urgency_group2/pi-data_2025-08-21_11-06-13_Prat_Urgency_group2/box03/mic/20250821_115000.WAV,20250821_115000_subject097_077,097_077,M,EtOH_Control,111749
/datastar/behavior_rooms/2CAP/2025-08-21_11-06-13_Prat_Urgency_group2/pi-data_2025-08-21_11-06-13_Prat_Urgency_group2/box03/mic/20250821_115500.WAV,20250821_115500_subject097_077,097_077,M,EtOH_Control,111749
/datastar/behavior_rooms/2CAP/2025-08-21_11-06-13_Prat_Urgency_group2/pi-data_2025-08-21_11-06-13_Prat_Urgency_group2/box03/mic/20250821_120000.WAV,20250821_120000_subject097_077,097_077,M,EtOH_Control,111749
/datastar/behavior_rooms/2CAP/2025-08-21_11-06-13_Prat_Urgency_group2/pi-data_2025-08-21_11-06-13_Prat_Urgency_group2/box03/mic/20250821_120500.WAV,20250821_120500_subject097_077,097_077,M,EtOH_Control,111749
/datastar/behavior_rooms/2CAP/2025-08-21_11-06-13_Prat_Urgency_group2/pi-data_2025-08-21_11-06-13_Prat_Urgency_group2/box03/mic/20250821_121000.WAV,20250821_121000_subject097_077,097_077,M,EtOH_Control,111749
/datastar/behavior_rooms/2CAP/2025-08-21_11-06-13_Prat_Urgency_group2/pi-data_2025-08-21_11-06-13_Prat_Urgency_group2/box03/mic/20250821_121500.WAV,20250821_121500_subject097_077,097_077,M,EtOH_Control,111749
/datastar/behavior_rooms/2CAP/2025-08-21_11-06-13_Prat_Urgency_group2/pi-data_2025-08-21_11-06-13_Prat_Urgency_group2/box03/mic/20250821_122000.WAV,20250821_122000_subject097_077,097_077,M,EtOH_Control,111749
/datastar/behavior_rooms/2CAP/2025-08-21_11-06-13_Prat_Urgency_group2/pi-data_2025-08-21_11-06-13_Prat_Urgency_group2/box01/mic/20250821_111508.WAV,20250821_111508_subject098_074,098_074,F,EtOH_Control,111619
/datastar/behavior_rooms/2CAP/2025-08-21_11-06-13_Prat_Urgency_group2/pi-data_2025-08-21_11-06-13_Prat_Urgency_group2/box01/mic/20250821_112000.WAV,20250821_112000_subject098_074,098_074,F,EtOH_Control,111619
/datastar/behavior_rooms/2CAP/2025-08-21_11-06-13_Prat_Urgency_group2/pi-data_2025-08-21_11-06-13_Prat_Urgency_group2/box01/mic/20250821_112500.WAV,20250821_112500_subject098_074,098_074,F,EtOH_Control,111619
/datastar/behavior_rooms/2CAP/2025-08-21_11-06-13_Prat_Urgency_group2/pi-data_2025-08-21_11-06-13_Prat_Urgency_group2/box01/mic/20250821_113000.WAV,20250821_113000_subject098_074,098_074,F,EtOH_Control,111619
/datastar/behavior_rooms/2CAP/2025-08-21_11-06-13_Prat_Urgency_group2/pi-data_2025-08-21_11-06-13_Prat_Urgency_group2/box01/mic/20250821_113500.WAV,20250821_113500_subject098_074,098_074,F,EtOH_Control,111619
/datastar/behavior_rooms/2CAP/2025-08-21_11-06-13_Prat_Urgency_group2/pi-data_2025-08-21_11-06-13_Prat_Urgency_group2/box01/mic/20250821_114000.WAV,20250821_114000_subject098_074,098_074,F,EtOH_Control,111619
/datastar/behavior_rooms/2CAP/2025-08-21_11-06-13_Prat_Urgency_group2/pi-data_2025-08-21_11-06-13_Prat_Urgency_group2/box01/mic/20250821_114500.WAV,20250821_114500_subject098_074,098_074,F,EtOH_Control,111619
/datastar/behavior_rooms/2CAP/2025-08-21_11-06-13_Prat_Urgency_group2/pi-data_2025-08-21_11-06-13_Prat_Urgency_group2/box01/mic/20250821_115000.WAV,20250821_115000_subject098_074,098_074,F,EtOH_Control,111619
/datastar/behavior_rooms/2CAP/2025-08-21_11-06-13_Prat_Urgency_group2/pi-data_2025-08-21_11-06-13_Prat_Urgency_group2/box01/mic/20250821_115500.WAV,20250821_115500_subject098_074,098_074,F,EtOH_Control,111619
/datastar/behavior_rooms/2CAP/2025-08-21_11-06-13_Prat_Urgency_group2/pi-data_2025-08-21_11-06-13_Prat_Urgency_group2/box01/mic/20250821_120000.WAV,20250821_120000_subject098_074,098_074,F,EtOH_Control,111619
/datastar/behavior_rooms/2CAP/2025-08-21_11-06-13_Prat_Urgency_group2/pi-data_2025-08-21_11-06-13_Prat_Urgency_group2/box01/mic/20250821_120500.WAV,20250821_120500_subject098_074,098_074,F,EtOH_Control,111619
/datastar/behavior_rooms/2CAP/2025-08-21_11-06-13_Prat_Urgency_group2/pi-data_2025-08-21_11-06-13_Prat_Urgency_group2/box01/mic/20250821_121000.WAV,20250821_121000_subject098_074,098_074,F,EtOH_Control,111619
/datastar/behavior_rooms/2CAP/2025-08-21_11-06-13_Prat_Urgency_group2/pi-data_2025-08-21_11-06-13_Prat_Urgency_group2/box01/mic/20250821_121500.WAV,20250821_121500_subject098_074,098_074,F,EtOH_Control,111619
/datastar/behavior_rooms/2CAP/2025-08-21_11-06-13_Prat_Urgency_group2/pi-data_2025-08-21_11-06-13_Prat_Urgency_group2/box01/mic/20250821_122000.WAV,20250821_122000_subject098_074,098_074,F,EtOH_Control,111619
/datastar/behavior_rooms/2CAP/2025-08-21_12-38-45_Prat_Urgency_group3/pi-data_2025-08-21_12-38-45_Prat_Urgency_group3/box01/mic/20250821_124552.WAV,20250821_124552_subject059,059,M,Control,124654
/datastar/behavior_rooms/2CAP/2025-08-21_12-38-45_Prat_Urgency_group3/pi-data_2025-08-21_12-38-45_Prat_Urgency_group3/box01/mic/20250821_125000.WAV,20250821_125000_subject059,059,M,Control,124654
/datastar/behavior_rooms/2CAP/2025-08-21_12-38-45_Prat_Urgency_group3/pi-data_2025-08-21_12-38-45_Prat_Urgency_group3/box01/mic/20250821_125500.WAV,20250821_125500_subject059,059,M,Control,124654
/datastar/behavior_rooms/2CAP/2025-08-21_12-38-45_Prat_Urgency_group3/pi-data_2025-08-21_12-38-45_Prat_Urgency_group3/box01/mic/20250821_130000.WAV,20250821_130000_subject059,059,M,Control,124654
/datastar/behavior_rooms/2CAP/2025-08-21_12-38-45_Prat_Urgency_group3/pi-data_2025-08-21_12-38-45_Prat_Urgency_group3/box01/mic/20250821_130500.WAV,20250821_130500_subject059,059,M,Control,124654
/datastar/behavior_rooms/2CAP/2025-08-21_12-38-45_Prat_Urgency_group3/pi-data_2025-08-21_12-38-45_Prat_Urgency_group3/box01/mic/20250821_131000.WAV,20250821_131000_subject059,059,M,Control,124654
/datastar/behavior_rooms/2CAP/2025-08-21_12-38-45_Prat_Urgency_group3/pi-data_2025-08-21_12-38-45_Prat_Urgency_group3/box01/mic/20250821_131500.WAV,20250821_131500_subject059,059,M,Control,124654
/datastar/behavior_rooms/2CAP/2025-08-21_12-38-45_Prat_Urgency_group3/pi-data_2025-08-21_12-38-45_Prat_Urgency_group3/box01/mic/20250821_132000.WAV,20250821_132000_subject059,059,M,Control,124654
/datastar/behavior_rooms/2CAP/2025-08-21_12-38-45_Prat_Urgency_group3/pi-data_2025-08-21_12-38-45_Prat_Urgency_group3/box01/mic/20250821_132500.WAV,20250821_132500_subject059,059,M,Control,124654
/datastar/behavior_rooms/2CAP/2025-08-21_12-38-45_Prat_Urgency_group3/pi-data_2025-08-21_12-38-45_Prat_Urgency_group3/box01/mic/20250821_133000.WAV,20250821_133000_subject059,059,M,Control,124654
/datastar/behavior_rooms/2CAP/2025-08-21_12-38-45_Prat_Urgency_group3/pi-data_2025-08-21_12-38-45_Prat_Urgency_group3/box01/mic/20250821_133500.WAV,20250821_133500_subject059,059,M,Control,124654
/datastar/behavior_rooms/2CAP/2025-08-21_12-38-45_Prat_Urgency_group3/pi-data_2025-08-21_12-38-45_Prat_Urgency_group3/box01/mic/20250821_134000.WAV,20250821_134000_subject059,059,M,Control,124654
/datastar/behavior_rooms/2CAP/2025-08-21_12-38-45_Prat_Urgency_group3/pi-data_2025-08-21_12-38-45_Prat_Urgency_group3/box01/mic/20250821_134500.WAV,20250821_134500_subject059,059,M,Control,124654
/datastar/behavior_rooms/2CAP/2025-08-21_12-38-45_Prat_Urgency_group3/pi-data_2025-08-21_12-38-45_Prat_Urgency_group3/box01/mic/20250821_135000.WAV,20250821_135000_subject059,059,M,Control,124654
/datastar/behavior_rooms/2CAP/2025-08-21_12-38-45_Prat_Urgency_group3/pi-data_2025-08-21_12-38-45_Prat_Urgency_group3/box05/mic/20250821_124552.WAV,20250821_124552_subject061_065,061_065,M,Control_Control,124933
/datastar/behavior_rooms/2CAP/2025-08-21_12-38-45_Prat_Urgency_group3/pi-data_2025-08-21_12-38-45_Prat_Urgency_group3/box05/mic/20250821_125000.WAV,20250821_125000_subject061_065,061_065,M,Control_Control,124933
/datastar/behavior_rooms/2CAP/2025-08-21_12-38-45_Prat_Urgency_group3/pi-data_2025-08-21_12-38-45_Prat_Urgency_group3/box05/mic/20250821_125500.WAV,20250821_125500_subject061_065,061_065,M,Control_Control,124933
/datastar/behavior_rooms/2CAP/2025-08-21_12-38-45_Prat_Urgency_group3/pi-data_2025-08-21_12-38-45_Prat_Urgency_group3/box05/mic/20250821_130000.WAV,20250821_130000_subject061_065,061_065,M,Control_Control,124933
/datastar/behavior_rooms/2CAP/2025-08-21_12-38-45_Prat_Urgency_group3/pi-data_2025-08-21_12-38-45_Prat_Urgency_group3/box05/mic/20250821_130500.WAV,20250821_130500_subject061_065,061_065,M,Control_Control,124933
/datastar/behavior_rooms/2CAP/2025-08-21_12-38-45_Prat_Urgency_group3/pi-data_2025-08-21_12-38-45_Prat_Urgency_group3/box05/mic/20250821_131000.WAV,20250821_131000_subject061_065,061_065,M,Control_Control,124933
/datastar/behavior_rooms/2CAP/2025-08-21_12-38-45_Prat_Urgency_group3/pi-data_2025-08-21_12-38-45_Prat_Urgency_group3/box05/mic/20250821_131500.WAV,20250821_131500_subject061_065,061_065,M,Control_Control,124933
/datastar/behavior_rooms/2CAP/2025-08-21_12-38-45_Prat_Urgency_group3/pi-data_2025-08-21_12-38-45_Prat_Urgency_group3/box05/mic/20250821_132000.WAV,20250821_132000_subject061_065,061_065,M,Control_Control,124933
/datastar/behavior_rooms/2CAP/2025-08-21_12-38-45_Prat_Urgency_group3/pi-data_2025-08-21_12-38-45_Prat_Urgency_group3/box05/mic/20250821_132500.WAV,20250821_132500_subject061_065,061_065,M,Control_Control,124933
/datastar/behavior_rooms/2CAP/2025-08-21_12-38-45_Prat_Urgency_group3/pi-data_2025-08-21_12-38-45_Prat_Urgency_group3/box05/mic/20250821_133000.WAV,20250821_133000_subject061_065,061_065,M,Control_Control,124933
/datastar/behavior_rooms/2CAP/2025-08-21_12-38-45_Prat_Urgency_group3/pi-data_2025-08-21_12-38-45_Prat_Urgency_group3/box05/mic/20250821_133500.WAV,20250821_133500_subject061_065,061_065,M,Control_Control,124933
/datastar/behavior_rooms/2CAP/2025-08-21_12-38-45_Prat_Urgency_group3/pi-data_2025-08-21_12-38-45_Prat_Urgency_group3/box05/mic/20250821_134000.WAV,20250821_134000_subject061_065,061_065,M,Control_Control,124933
/datastar/behavior_rooms/2CAP/2025-08-21_12-38-45_Prat_Urgency_group3/pi-data_2025-08-21_12-38-45_Prat_Urgency_group3/box05/mic/20250821_134500.WAV,20250821_134500_subject061_065,061_065,M,Control_Control,124933
/datastar/behavior_rooms/2CAP/2025-08-21_12-38-45_Prat_Urgency_group3/pi-data_2025-08-21_12-38-45_Prat_Urgency_group3/box05/mic/20250821_135000.WAV,20250821_135000_subject061_065,061_065,M,Control_Control,124933
/datastar/behavior_rooms/2CAP/2025-08-21_12-38-45_Prat_Urgency_group3/pi-data_2025-08-21_12-38-45_Prat_Urgency_group3/box03/mic/20250821_124552.WAV,20250821_124552_subject072,072,F,Control,124800
/datastar/behavior_rooms/2CAP/2025-08-21_12-38-45_Prat_Urgency_group3/pi-data_2025-08-21_12-38-45_Prat_Urgency_group3/box03/mic/20250821_125000.WAV,20250821_125000_subject072,072,F,Control,124800
/datastar/behavior_rooms/2CAP/2025-08-21_12-38-45_Prat_Urgency_group3/pi-data_2025-08-21_12-38-45_Prat_Urgency_group3/box03/mic/20250821_125500.WAV,20250821_125500_subject072,072,F,Control,124800
/datastar/behavior_rooms/2CAP/2025-08-21_12-38-45_Prat_Urgency_group3/pi-data_2025-08-21_12-38-45_Prat_Urgency_group3/box03/mic/20250821_130000.WAV,20250821_130000_subject072,072,F,Control,124800
/datastar/behavior_rooms/2CAP/2025-08-21_12-38-45_Prat_Urgency_group3/pi-data_2025-08-21_12-38-45_Prat_Urgency_group3/box03/mic/20250821_130500.WAV,20250821_130500_subject072,072,F,Control,124800
/datastar/behavior_rooms/2CAP/2025-08-21_12-38-45_Prat_Urgency_group3/pi-data_2025-08-21_12-38-45_Prat_Urgency_group3/box03/mic/20250821_131000.WAV,20250821_131000_subject072,072,F,Control,124800
/datastar/behavior_rooms/2CAP/2025-08-21_12-38-45_Prat_Urgency_group3/pi-data_2025-08-21_12-38-45_Prat_Urgency_group3/box03/mic/20250821_131500.WAV,20250821_131500_subject072,072,F,Control,124800
/datastar/behavior_rooms/2CAP/2025-08-21_12-38-45_Prat_Urgency_group3/pi-data_2025-08-21_12-38-45_Prat_Urgency_group3/box03/mic/20250821_132000.WAV,20250821_132000_subject072,072,F,Control,124800
/datastar/behavior_rooms/2CAP/2025-08-21_12-38-45_Prat_Urgency_group3/pi-data_2025-08-21_12-38-45_Prat_Urgency_group3/box03/mic/20250821_132500.WAV,20250821_132500_subject072,072,F,Control,124800
/datastar/behavior_rooms/2CAP/2025-08-21_12-38-45_Prat_Urgency_group3/pi-data_2025-08-21_12-38-45_Prat_Urgency_group3/box03/mic/20250821_133000.WAV,20250821_133000_subject072,072,F,Control,124800
/datastar/behavior_rooms/2CAP/2025-08-21_12-38-45_Prat_Urgency_group3/pi-data_2025-08-21_12-38-45_Prat_Urgency_group3/box03/mic/20250821_133500.WAV,20250821_133500_subject072,072,F,Control,124800
/datastar/behavior_rooms/2CAP/2025-08-21_12-38-45_Prat_Urgency_group3/pi-data_2025-08-21_12-38-45_Prat_Urgency_group3/box03/mic/20250821_134000.WAV,20250821_134000_subject072,072,F,Control,124800
/datastar/behavior_rooms/2CAP/2025-08-21_12-38-45_Prat_Urgency_group3/pi-data_2025-08-21_12-38-45_Prat_Urgency_group3/box03/mic/20250821_134500.WAV,20250821_134500_subject072,072,F,Control,124800
/datastar/behavior_rooms/2CAP/2025-08-21_12-38-45_Prat_Urgency_group3/pi-data_2025-08-21_12-38-45_Prat_Urgency_group3/box03/mic/20250821_135000.WAV,20250821_135000_subject072,072,F,Control,124800
/datastar/behavior_rooms/2CAP/2025-08-21_12-38-45_Prat_Urgency_group3/pi-data_2025-08-21_12-38-45_Prat_Urgency_group3/box04/mic/20250821_124552.WAV,20250821_124552_subject080_090,080_090,F,EtOH_EtOH,124855
/datastar/behavior_rooms/2CAP/2025-08-21_12-38-45_Prat_Urgency_group3/pi-data_2025-08-21_12-38-45_Prat_Urgency_group3/box04/mic/20250821_125000.WAV,20250821_125000_subject080_090,080_090,F,EtOH_EtOH,124855
/datastar/behavior_rooms/2CAP/2025-08-21_12-38-45_Prat_Urgency_group3/pi-data_2025-08-21_12-38-45_Prat_Urgency_group3/box04/mic/20250821_125500.WAV,20250821_125500_subject080_090,080_090,F,EtOH_EtOH,124855
/datastar/behavior_rooms/2CAP/2025-08-21_12-38-45_Prat_Urgency_group3/pi-data_2025-08-21_12-38-45_Prat_Urgency_group3/box04/mic/20250821_130000.WAV,20250821_130000_subject080_090,080_090,F,EtOH_EtOH,124855
/datastar/behavior_rooms/2CAP/2025-08-21_12-38-45_Prat_Urgency_group3/pi-data_2025-08-21_12-38-45_Prat_Urgency_group3/box04/mic/20250821_130500.WAV,20250821_130500_subject080_090,080_090,F,EtOH_EtOH,124855
/datastar/behavior_rooms/2CAP/2025-08-21_12-38-45_Prat_Urgency_group3/pi-data_2025-08-21_12-38-45_Prat_Urgency_group3/box04/mic/20250821_131000.WAV,20250821_131000_subject080_090,080_090,F,EtOH_EtOH,124855
/datastar/behavior_rooms/2CAP/2025-08-21_12-38-45_Prat_Urgency_group3/pi-data_2025-08-21_12-38-45_Prat_Urgency_group3/box04/mic/20250821_131500.WAV,20250821_131500_subject080_090,080_090,F,EtOH_EtOH,124855
/datastar/behavior_rooms/2CAP/2025-08-21_12-38-45_Prat_Urgency_group3/pi-data_2025-08-21_12-38-45_Prat_Urgency_group3/box04/mic/20250821_132000.WAV,20250821_132000_subject080_090,080_090,F,EtOH_EtOH,124855
/datastar/behavior_rooms/2CAP/2025-08-21_12-38-45_Prat_Urgency_group3/pi-data_2025-08-21_12-38-45_Prat_Urgency_group3/box04/mic/20250821_132500.WAV,20250821_132500_subject080_090,080_090,F,EtOH_EtOH,124855
/datastar/behavior_rooms/2CAP/2025-08-21_12-38-45_Prat_Urgency_group3/pi-data_2025-08-21_12-38-45_Prat_Urgency_group3/box04/mic/20250821_133000.WAV,20250821_133000_subject080_090,080_090,F,EtOH_EtOH,124855
/datastar/behavior_rooms/2CAP/2025-08-21_12-38-45_Prat_Urgency_group3/pi-data_2025-08-21_12-38-45_Prat_Urgency_group3/box04/mic/20250821_133500.WAV,20250821_133500_subject080_090,080_090,F,EtOH_EtOH,124855
/datastar/behavior_rooms/2CAP/2025-08-21_12-38-45_Prat_Urgency_group3/pi-data_2025-08-21_12-38-45_Prat_Urgency_group3/box04/mic/20250821_134000.WAV,20250821_134000_subject080_090,080_090,F,EtOH_EtOH,124855
/datastar/behavior_rooms/2CAP/2025-08-21_12-38-45_Prat_Urgency_group3/pi-data_2025-08-21_12-38-45_Prat_Urgency_group3/box04/mic/20250821_134500.WAV,20250821_134500_subject080_090,080_090,F,EtOH_EtOH,124855
/datastar/behavior_rooms/2CAP/2025-08-21_12-38-45_Prat_Urgency_group3/pi-data_2025-08-21_12-38-45_Prat_Urgency_group3/box04/mic/20250821_135000.WAV,20250821_135000_subject080_090,080_090,F,EtOH_EtOH,124855
/datastar/behavior_rooms/2CAP/2025-08-21_12-38-45_Prat_Urgency_group3/pi-data_2025-08-21_12-38-45_Prat_Urgency_group3/box02/mic/20250821_124553.WAV,20250821_124553_subject082_076,082_076,F,EtOH_Control,124735
/datastar/behavior_rooms/2CAP/2025-08-21_12-38-45_Prat_Urgency_group3/pi-data_2025-08-21_12-38-45_Prat_Urgency_group3/box02/mic/20250821_125000.WAV,20250821_125000_subject082_076,082_076,F,EtOH_Control,124735
/datastar/behavior_rooms/2CAP/2025-08-21_12-38-45_Prat_Urgency_group3/pi-data_2025-08-21_12-38-45_Prat_Urgency_group3/box02/mic/20250821_125500.WAV,20250821_125500_subject082_076,082_076,F,EtOH_Control,124735
/datastar/behavior_rooms/2CAP/2025-08-21_12-38-45_Prat_Urgency_group3/pi-data_2025-08-21_12-38-45_Prat_Urgency_group3/box02/mic/20250821_130000.WAV,20250821_130000_subject082_076,082_076,F,EtOH_Control,124735
/datastar/behavior_rooms/2CAP/2025-08-21_12-38-45_Prat_Urgency_group3/pi-data_2025-08-21_12-38-45_Prat_Urgency_group3/box02/mic/20250821_130500.WAV,20250821_130500_subject082_076,082_076,F,EtOH_Control,124735
/datastar/behavior_rooms/2CAP/2025-08-21_12-38-45_Prat_Urgency_group3/pi-data_2025-08-21_12-38-45_Prat_Urgency_group3/box02/mic/20250821_131000.WAV,20250821_131000_subject082_076,082_076,F,EtOH_Control,124735
/datastar/behavior_rooms/2CAP/2025-08-21_12-38-45_Prat_Urgency_group3/pi-data_2025-08-21_12-38-45_Prat_Urgency_group3/box02/mic/20250821_131500.WAV,20250821_131500_subject082_076,082_076,F,EtOH_Control,124735
/datastar/behavior_rooms/2CAP/2025-08-21_12-38-45_Prat_Urgency_group3/pi-data_2025-08-21_12-38-45_Prat_Urgency_group3/box02/mic/20250821_132000.WAV,20250821_132000_subject082_076,082_076,F,EtOH_Control,124735
/datastar/behavior_rooms/2CAP/2025-08-21_12-38-45_Prat_Urgency_group3/pi-data_2025-08-21_12-38-45_Prat_Urgency_group3/box02/mic/20250821_132500.WAV,20250821_132500_subject082_076,082_076,F,EtOH_Control,124735
/datastar/behavior_rooms/2CAP/2025-08-21_12-38-45_Prat_Urgency_group3/pi-data_2025-08-21_12-38-45_Prat_Urgency_group3/box02/mic/20250821_133000.WAV,20250821_133000_subject082_076,082_076,F,EtOH_Control,124735
/datastar/behavior_rooms/2CAP/2025-08-21_12-38-45_Prat_Urgency_group3/pi-data_2025-08-21_12-38-45_Prat_Urgency_group3/box02/mic/20250821_133500.WAV,20250821_133500_subject082_076,082_076,F,EtOH_Control,124735
/datastar/behavior_rooms/2CAP/2025-08-21_12-38-45_Prat_Urgency_group3/pi-data_2025-08-21_12-38-45_Prat_Urgency_group3/box02/mic/20250821_134000.WAV,20250821_134000_subject082_076,082_076,F,EtOH_Control,124735
/datastar/behavior_rooms/2CAP/2025-08-21_12-38-45_Prat_Urgency_group3/pi-data_2025-08-21_12-38-45_Prat_Urgency_group3/box02/mic/20250821_134500.WAV,20250821_134500_subject082_076,082_076,F,EtOH_Control,124735
/datastar/behavior_rooms/2CAP/2025-08-21_12-38-45_Prat_Urgency_group3/pi-data_2025-08-21_12-38-45_Prat_Urgency_group3/box02/mic/20250821_135000.WAV,20250821_135000_subject082_076,082_076,F,EtOH_Control,124735
/datastar/behavior_rooms/2CAP/2025-08-21_12-38-45_Prat_Urgency_group3/pi-data_2025-08-21_12-38-45_Prat_Urgency_group3/box06/mic/20250821_124553.WAV,20250821_124553_subject085_089,085_089,M,EtOH_EtOH,125015
/datastar/behavior_rooms/2CAP/2025-08-21_12-38-45_Prat_Urgency_group3/pi-data_2025-08-21_12-38-45_Prat_Urgency_group3/box06/mic/20250821_125000.WAV,20250821_125000_subject085_089,085_089,M,EtOH_EtOH,125015
/datastar/behavior_rooms/2CAP/2025-08-21_12-38-45_Prat_Urgency_group3/pi-data_2025-08-21_12-38-45_Prat_Urgency_group3/box06/mic/20250821_125500.WAV,20250821_125500_subject085_089,085_089,M,EtOH_EtOH,125015
/datastar/behavior_rooms/2CAP/2025-08-21_12-38-45_Prat_Urgency_group3/pi-data_2025-08-21_12-38-45_Prat_Urgency_group3/box06/mic/20250821_130000.WAV,20250821_130000_subject085_089,085_089,M,EtOH_EtOH,125015
/datastar/behavior_rooms/2CAP/2025-08-21_12-38-45_Prat_Urgency_group3/pi-data_2025-08-21_12-38-45_Prat_Urgency_group3/box06/mic/20250821_130500.WAV,20250821_130500_subject085_089,085_089,M,EtOH_EtOH,125015
/datastar/behavior_rooms/2CAP/2025-08-21_12-38-45_Prat_Urgency_group3/pi-data_2025-08-21_12-38-45_Prat_Urgency_group3/box06/mic/20250821_131000.WAV,20250821_131000_subject085_089,085_089,M,EtOH_EtOH,125015
/datastar/behavior_rooms/2CAP/2025-08-21_12-38-45_Prat_Urgency_group3/pi-data_2025-08-21_12-38-45_Prat_Urgency_group3/box06/mic/20250821_131500.WAV,20250821_131500_subject085_089,085_089,M,EtOH_EtOH,125015
/datastar/behavior_rooms/2CAP/2025-08-21_12-38-45_Prat_Urgency_group3/pi-data_2025-08-21_12-38-45_Prat_Urgency_group3/box06/mic/20250821_132000.WAV,20250821_132000_subject085_089,085_089,M,EtOH_EtOH,125015
/datastar/behavior_rooms/2CAP/2025-08-21_12-38-45_Prat_Urgency_group3/pi-data_2025-08-21_12-38-45_Prat_Urgency_group3/box06/mic/20250821_132500.WAV,20250821_132500_subject085_089,085_089,M,EtOH_EtOH,125015
/datastar/behavior_rooms/2CAP/2025-08-21_12-38-45_Prat_Urgency_group3/pi-data_2025-08-21_12-38-45_Prat_Urgency_group3/box06/mic/20250821_133000.WAV,20250821_133000_subject085_089,085_089,M,EtOH_EtOH,125015
/datastar/behavior_rooms/2CAP/2025-08-21_12-38-45_Prat_Urgency_group3/pi-data_2025-08-21_12-38-45_Prat_Urgency_group3/box06/mic/20250821_133500.WAV,20250821_133500_subject085_089,085_089,M,EtOH_EtOH,125015
/datastar/behavior_rooms/2CAP/2025-08-21_12-38-45_Prat_Urgency_group3/pi-data_2025-08-21_12-38-45_Prat_Urgency_group3/box06/mic/20250821_134000.WAV,20250821_134000_subject085_089,085_089,M,EtOH_EtOH,125015
/datastar/behavior_rooms/2CAP/2025-08-21_12-38-45_Prat_Urgency_group3/pi-data_2025-08-21_12-38-45_Prat_Urgency_group3/box06/mic/20250821_134500.WAV,20250821_134500_subject085_089,085_089,M,EtOH_EtOH,125015
/datastar/behavior_rooms/2CAP/2025-08-21_12-38-45_Prat_Urgency_group3/pi-data_2025-08-21_12-38-45_Prat_Urgency_group3/box06/mic/20250821_135000.WAV,20250821_135000_subject085_089,085_089,M,EtOH_EtOH,125015
/datastar/behavior_rooms/2CAP/2025-08-21_14-13-04_Prat_Urgency_group4/pi-data_2025-08-21_14-13-04_Prat_Urgency_group4/box06/mic/20250821_141540.WAV,20250821_141540_subject062_096,062_096,F,Control_EtOH,141940
/datastar/behavior_rooms/2CAP/2025-08-21_14-13-04_Prat_Urgency_group4/pi-data_2025-08-21_14-13-04_Prat_Urgency_group4/box06/mic/20250821_142000.WAV,20250821_142000_subject062_096,062_096,F,Control_EtOH,141940
/datastar/behavior_rooms/2CAP/2025-08-21_14-13-04_Prat_Urgency_group4/pi-data_2025-08-21_14-13-04_Prat_Urgency_group4/box06/mic/20250821_142500.WAV,20250821_142500_subject062_096,062_096,F,Control_EtOH,141940
/datastar/behavior_rooms/2CAP/2025-08-21_14-13-04_Prat_Urgency_group4/pi-data_2025-08-21_14-13-04_Prat_Urgency_group4/box06/mic/20250821_143000.WAV,20250821_143000_subject062_096,062_096,F,Control_EtOH,141940
/datastar/behavior_rooms/2CAP/2025-08-21_14-13-04_Prat_Urgency_group4/pi-data_2025-08-21_14-13-04_Prat_Urgency_group4/box06/mic/20250821_143500.WAV,20250821_143500_subject062_096,062_096,F,Control_EtOH,141940
/datastar/behavior_rooms/2CAP/2025-08-21_14-13-04_Prat_Urgency_group4/pi-data_2025-08-21_14-13-04_Prat_Urgency_group4/box06/mic/20250821_144000.WAV,20250821_144000_subject062_096,062_096,F,Control_EtOH,141940
/datastar/behavior_rooms/2CAP/2025-08-21_14-13-04_Prat_Urgency_group4/pi-data_2025-08-21_14-13-04_Prat_Urgency_group4/box06/mic/20250821_144500.WAV,20250821_144500_subject062_096,062_096,F,Control_EtOH,141940
/datastar/behavior_rooms/2CAP/2025-08-21_14-13-04_Prat_Urgency_group4/pi-data_2025-08-21_14-13-04_Prat_Urgency_group4/box06/mic/20250821_145000.WAV,20250821_145000_subject062_096,062_096,F,Control_EtOH,141940
/datastar/behavior_rooms/2CAP/2025-08-21_14-13-04_Prat_Urgency_group4/pi-data_2025-08-21_14-13-04_Prat_Urgency_group4/box06/mic/20250821_145500.WAV,20250821_145500_subject062_096,062_096,F,Control_EtOH,141940
/datastar/behavior_rooms/2CAP/2025-08-21_14-13-04_Prat_Urgency_group4/pi-data_2025-08-21_14-13-04_Prat_Urgency_group4/box06/mic/20250821_150000.WAV,20250821_150000_subject062_096,062_096,F,Control_EtOH,141940
/datastar/behavior_rooms/2CAP/2025-08-21_14-13-04_Prat_Urgency_group4/pi-data_2025-08-21_14-13-04_Prat_Urgency_group4/box06/mic/20250821_150500.WAV,20250821_150500_subject062_096,062_096,F,Control_EtOH,141940
/datastar/behavior_rooms/2CAP/2025-08-21_14-13-04_Prat_Urgency_group4/pi-data_2025-08-21_14-13-04_Prat_Urgency_group4/box06/mic/20250821_151000.WAV,20250821_151000_subject062_096,062_096,F,Control_EtOH,141940
/datastar/behavior_rooms/2CAP/2025-08-21_14-13-04_Prat_Urgency_group4/pi-data_2025-08-21_14-13-04_Prat_Urgency_group4/box06/mic/20250821_151500.WAV,20250821_151500_subject062_096,062_096,F,Control_EtOH,141940
/datastar/behavior_rooms/2CAP/2025-08-21_14-13-04_Prat_Urgency_group4/pi-data_2025-08-21_14-13-04_Prat_Urgency_group4/box06/mic/20250821_152000.WAV,20250821_152000_subject062_096,062_096,F,Control_EtOH,141940
/datastar/behavior_rooms/2CAP/2025-08-21_14-13-04_Prat_Urgency_group4/pi-data_2025-08-21_14-13-04_Prat_Urgency_group4/box02/mic/20250821_141540.WAV,20250821_141540_subject067_091,067_091,M,Control_EtOH,141735
/datastar/behavior_rooms/2CAP/2025-08-21_14-13-04_Prat_Urgency_group4/pi-data_2025-08-21_14-13-04_Prat_Urgency_group4/box02/mic/20250821_142000.WAV,20250821_142000_subject067_091,067_091,M,Control_EtOH,141735
/datastar/behavior_rooms/2CAP/2025-08-21_14-13-04_Prat_Urgency_group4/pi-data_2025-08-21_14-13-04_Prat_Urgency_group4/box02/mic/20250821_142500.WAV,20250821_142500_subject067_091,067_091,M,Control_EtOH,141735
/datastar/behavior_rooms/2CAP/2025-08-21_14-13-04_Prat_Urgency_group4/pi-data_2025-08-21_14-13-04_Prat_Urgency_group4/box02/mic/20250821_143000.WAV,20250821_143000_subject067_091,067_091,M,Control_EtOH,141735
/datastar/behavior_rooms/2CAP/2025-08-21_14-13-04_Prat_Urgency_group4/pi-data_2025-08-21_14-13-04_Prat_Urgency_group4/box02/mic/20250821_143500.WAV,20250821_143500_subject067_091,067_091,M,Control_EtOH,141735
/datastar/behavior_rooms/2CAP/2025-08-21_14-13-04_Prat_Urgency_group4/pi-data_2025-08-21_14-13-04_Prat_Urgency_group4/box02/mic/20250821_144000.WAV,20250821_144000_subject067_091,067_091,M,Control_EtOH,141735
/datastar/behavior_rooms/2CAP/2025-08-21_14-13-04_Prat_Urgency_group4/pi-data_2025-08-21_14-13-04_Prat_Urgency_group4/box02/mic/20250821_144500.WAV,20250821_144500_subject067_091,067_091,M,Control_EtOH,141735
/datastar/behavior_rooms/2CAP/2025-08-21_14-13-04_Prat_Urgency_group4/pi-data_2025-08-21_14-13-04_Prat_Urgency_group4/box02/mic/20250821_145000.WAV,20250821_145000_subject067_091,067_091,M,Control_EtOH,141735
/datastar/behavior_rooms/2CAP/2025-08-21_14-13-04_Prat_Urgency_group4/pi-data_2025-08-21_14-13-04_Prat_Urgency_group4/box02/mic/20250821_145500.WAV,20250821_145500_subject067_091,067_091,M,Control_EtOH,141735
/datastar/behavior_rooms/2CAP/2025-08-21_14-13-04_Prat_Urgency_group4/pi-data_2025-08-21_14-13-04_Prat_Urgency_group4/box02/mic/20250821_150000.WAV,20250821_150000_subject067_091,067_091,M,Control_EtOH,141735
/datastar/behavior_rooms/2CAP/2025-08-21_14-13-04_Prat_Urgency_group4/pi-data_2025-08-21_14-13-04_Prat_Urgency_group4/box02/mic/20250821_150500.WAV,20250821_150500_subject067_091,067_091,M,Control_EtOH,141735
/datastar/behavior_rooms/2CAP/2025-08-21_14-13-04_Prat_Urgency_group4/pi-data_2025-08-21_14-13-04_Prat_Urgency_group4/box02/mic/20250821_151000.WAV,20250821_151000_subject067_091,067_091,M,Control_EtOH,141735
/datastar/behavior_rooms/2CAP/2025-08-21_14-13-04_Prat_Urgency_group4/pi-data_2025-08-21_14-13-04_Prat_Urgency_group4/box02/mic/20250821_151500.WAV,20250821_151500_subject067_091,067_091,M,Control_EtOH,141735
/datastar/behavior_rooms/2CAP/2025-08-21_14-13-04_Prat_Urgency_group4/pi-data_2025-08-21_14-13-04_Prat_Urgency_group4/box02/mic/20250821_152000.WAV,20250821_152000_subject067_091,067_091,M,Control_EtOH,141735
/datastar/behavior_rooms/2CAP/2025-08-21_14-13-04_Prat_Urgency_group4/pi-data_2025-08-21_14-13-04_Prat_Urgency_group4/box03/mic/20250821_141540.WAV,20250821_141540_subject069_073,069_073,M,Control_Control,141718
/datastar/behavior_rooms/2CAP/2025-08-21_14-13-04_Prat_Urgency_group4/pi-data_2025-08-21_14-13-04_Prat_Urgency_group4/box03/mic/20250821_142000.WAV,20250821_142000_subject069_073,069_073,M,Control_Control,141718
/datastar/behavior_rooms/2CAP/2025-08-21_14-13-04_Prat_Urgency_group4/pi-data_2025-08-21_14-13-04_Prat_Urgency_group4/box03/mic/20250821_142500.WAV,20250821_142500_subject069_073,069_073,M,Control_Control,141718
/datastar/behavior_rooms/2CAP/2025-08-21_14-13-04_Prat_Urgency_group4/pi-data_2025-08-21_14-13-04_Prat_Urgency_group4/box03/mic/20250821_143000.WAV,20250821_143000_subject069_073,069_073,M,Control_Control,141718
/datastar/behavior_rooms/2CAP/2025-08-21_14-13-04_Prat_Urgency_group4/pi-data_2025-08-21_14-13-04_Prat_Urgency_group4/box03/mic/20250821_143500.WAV,20250821_143500_subject069_073,069_073,M,Control_Control,141718
/datastar/behavior_rooms/2CAP/2025-08-21_14-13-04_Prat_Urgency_group4/pi-data_2025-08-21_14-13-04_Prat_Urgency_group4/box03/mic/20250821_144000.WAV,20250821_144000_subject069_073,069_073,M,Control_Control,141718
/datastar/behavior_rooms/2CAP/2025-08-21_14-13-04_Prat_Urgency_group4/pi-data_2025-08-21_14-13-04_Prat_Urgency_group4/box03/mic/20250821_144500.WAV,20250821_144500_subject069_073,069_073,M,Control_Control,141718
/datastar/behavior_rooms/2CAP/2025-08-21_14-13-04_Prat_Urgency_group4/pi-data_2025-08-21_14-13-04_Prat_Urgency_group4/box03/mic/20250821_145000.WAV,20250821_145000_subject069_073,069_073,M,Control_Control,141718
/datastar/behavior_rooms/2CAP/2025-08-21_14-13-04_Prat_Urgency_group4/pi-data_2025-08-21_14-13-04_Prat_Urgency_group4/box03/mic/20250821_145500.WAV,20250821_145500_subject069_073,069_073,M,Control_Control,141718
/datastar/behavior_rooms/2CAP/2025-08-21_14-13-04_Prat_Urgency_group4/pi-data_2025-08-21_14-13-04_Prat_Urgency_group4/box03/mic/20250821_150000.WAV,20250821_150000_subject069_073,069_073,M,Control_Control,141718
/datastar/behavior_rooms/2CAP/2025-08-21_14-13-04_Prat_Urgency_group4/pi-data_2025-08-21_14-13-04_Prat_Urgency_group4/box03/mic/20250821_150500.WAV,20250821_150500_subject069_073,069_073,M,Control_Control,141718
/datastar/behavior_rooms/2CAP/2025-08-21_14-13-04_Prat_Urgency_group4/pi-data_2025-08-21_14-13-04_Prat_Urgency_group4/box03/mic/20250821_151000.WAV,20250821_151000_subject069_073,069_073,M,Control_Control,141718
/datastar/behavior_rooms/2CAP/2025-08-21_14-13-04_Prat_Urgency_group4/pi-data_2025-08-21_14-13-04_Prat_Urgency_group4/box03/mic/20250821_151500.WAV,20250821_151500_subject069_073,069_073,M,Control_Control,141718
/datastar/behavior_rooms/2CAP/2025-08-21_14-13-04_Prat_Urgency_group4/pi-data_2025-08-21_14-13-04_Prat_Urgency_group4/box03/mic/20250821_152000.WAV,20250821_152000_subject069_073,069_073,M,Control_Control,141718
/datastar/behavior_rooms/2CAP/2025-08-21_14-13-04_Prat_Urgency_group4/pi-data_2025-08-21_14-13-04_Prat_Urgency_group4/box01/mic/20250821_141540.WAV,20250821_141540_subject086_060,086_060,F,EtOH_Control,141650
/datastar/behavior_rooms/2CAP/2025-08-21_14-13-04_Prat_Urgency_group4/pi-data_2025-08-21_14-13-04_Prat_Urgency_group4/box01/mic/20250821_142000.WAV,20250821_142000_subject086_060,086_060,F,EtOH_Control,141650
/datastar/behavior_rooms/2CAP/2025-08-21_14-13-04_Prat_Urgency_group4/pi-data_2025-08-21_14-13-04_Prat_Urgency_group4/box01/mic/20250821_142500.WAV,20250821_142500_subject086_060,086_060,F,EtOH_Control,141650
/datastar/behavior_rooms/2CAP/2025-08-21_14-13-04_Prat_Urgency_group4/pi-data_2025-08-21_14-13-04_Prat_Urgency_group4/box01/mic/20250821_143000.WAV,20250821_143000_subject086_060,086_060,F,EtOH_Control,141650
/datastar/behavior_rooms/2CAP/2025-08-21_14-13-04_Prat_Urgency_group4/pi-data_2025-08-21_14-13-04_Prat_Urgency_group4/box01/mic/20250821_143500.WAV,20250821_143500_subject086_060,086_060,F,EtOH_Control,141650
/datastar/behavior_rooms/2CAP/2025-08-21_14-13-04_Prat_Urgency_group4/pi-data_2025-08-21_14-13-04_Prat_Urgency_group4/box01/mic/20250821_144000.WAV,20250821_144000_subject086_060,086_060,F,EtOH_Control,141650
/datastar/behavior_rooms/2CAP/2025-08-21_14-13-04_Prat_Urgency_group4/pi-data_2025-08-21_14-13-04_Prat_Urgency_group4/box01/mic/20250821_144500.WAV,20250821_144500_subject086_060,086_060,F,EtOH_Control,141650
/datastar/behavior_rooms/2CAP/2025-08-21_14-13-04_Prat_Urgency_group4/pi-data_2025-08-21_14-13-04_Prat_Urgency_group4/box01/mic/20250821_145000.WAV,20250821_145000_subject086_060,086_060,F,EtOH_Control,141650
/datastar/behavior_rooms/2CAP/2025-08-21_14-13-04_Prat_Urgency_group4/pi-data_2025-08-21_14-13-04_Prat_Urgency_group4/box01/mic/20250821_145500.WAV,20250821_145500_subject086_060,086_060,F,EtOH_Control,141650
/datastar/behavior_rooms/2CAP/2025-08-21_14-13-04_Prat_Urgency_group4/pi-data_2025-08-21_14-13-04_Prat_Urgency_group4/box01/mic/20250821_150000.WAV,20250821_150000_subject086_060,086_060,F,EtOH_Control,141650
/datastar/behavior_rooms/2CAP/2025-08-21_14-13-04_Prat_Urgency_group4/pi-data_2025-08-21_14-13-04_Prat_Urgency_group4/box01/mic/20250821_150500.WAV,20250821_150500_subject086_060,086_060,F,EtOH_Control,141650
/datastar/behavior_rooms/2CAP/2025-08-21_14-13-04_Prat_Urgency_group4/pi-data_2025-08-21_14-13-04_Prat_Urgency_group4/box01/mic/20250821_151000.WAV,20250821_151000_subject086_060,086_060,F,EtOH_Control,141650
/datastar/behavior_rooms/2CAP/2025-08-21_14-13-04_Prat_Urgency_group4/pi-data_2025-08-21_14-13-04_Prat_Urgency_group4/box01/mic/20250821_151500.WAV,20250821_151500_subject086_060,086_060,F,EtOH_Control,141650
/datastar/behavior_rooms/2CAP/2025-08-21_14-13-04_Prat_Urgency_group4/pi-data_2025-08-21_14-13-04_Prat_Urgency_group4/box01/mic/20250821_152000.WAV,20250821_152000_subject086_060,086_060,F,EtOH_Control,141650
/datastar/behavior_rooms/2CAP/2025-08-21_14-13-04_Prat_Urgency_group4/pi-data_2025-08-21_14-13-04_Prat_Urgency_group4/box04/mic/20250821_141540.WAV,20250821_141540_subject092_084,092_084,F,EtOH_EtOH,141858
/datastar/behavior_rooms/2CAP/2025-08-21_14-13-04_Prat_Urgency_group4/pi-data_2025-08-21_14-13-04_Prat_Urgency_group4/box04/mic/20250821_142000.WAV,20250821_142000_subject092_084,092_084,F,EtOH_EtOH,141858
/datastar/behavior_rooms/2CAP/2025-08-21_14-13-04_Prat_Urgency_group4/pi-data_2025-08-21_14-13-04_Prat_Urgency_group4/box04/mic/20250821_142500.WAV,20250821_142500_subject092_084,092_084,F,EtOH_EtOH,141858
/datastar/behavior_rooms/2CAP/2025-08-21_14-13-04_Prat_Urgency_group4/pi-data_2025-08-21_14-13-04_Prat_Urgency_group4/box04/mic/20250821_143000.WAV,20250821_143000_subject092_084,092_084,F,EtOH_EtOH,141858
/datastar/behavior_rooms/2CAP/2025-08-21_14-13-04_Prat_Urgency_group4/pi-data_2025-08-21_14-13-04_Prat_Urgency_group4/box04/mic/20250821_143500.WAV,20250821_143500_subject092_084,092_084,F,EtOH_EtOH,141858
/datastar/behavior_rooms/2CAP/2025-08-21_14-13-04_Prat_Urgency_group4/pi-data_2025-08-21_14-13-04_Prat_Urgency_group4/box04/mic/20250821_144000.WAV,20250821_144000_subject092_084,092_084,F,EtOH_EtOH,141858
/datastar/behavior_rooms/2CAP/2025-08-21_14-13-04_Prat_Urgency_group4/pi-data_2025-08-21_14-13-04_Prat_Urgency_group4/box04/mic/20250821_144500.WAV,20250821_144500_subject092_084,092_084,F,EtOH_EtOH,141858
/datastar/behavior_rooms/2CAP/2025-08-21_14-13-04_Prat_Urgency_group4/pi-data_2025-08-21_14-13-04_Prat_Urgency_group4/box04/mic/20250821_145000.WAV,20250821_145000_subject092_084,092_084,F,EtOH_EtOH,141858
/datastar/behavior_rooms/2CAP/2025-08-21_14-13-04_Prat_Urgency_group4/pi-data_2025-08-21_14-13-04_Prat_Urgency_group4/box04/mic/20250821_145500.WAV,20250821_145500_subject092_084,092_084,F,EtOH_EtOH,141858
/datastar/behavior_rooms/2CAP/2025-08-21_14-13-04_Prat_Urgency_group4/pi-data_2025-08-21_14-13-04_Prat_Urgency_group4/box04/mic/20250821_150000.WAV,20250821_150000_subject092_084,092_084,F,EtOH_EtOH,141858
/datastar/behavior_rooms/2CAP/2025-08-21_14-13-04_Prat_Urgency_group4/pi-data_2025-08-21_14-13-04_Prat_Urgency_group4/box04/mic/20250821_150500.WAV,20250821_150500_subject092_084,092_084,F,EtOH_EtOH,141858
/datastar/behavior_rooms/2CAP/2025-08-21_14-13-04_Prat_Urgency_group4/pi-data_2025-08-21_14-13-04_Prat_Urgency_group4/box04/mic/20250821_151000.WAV,20250821_151000_subject092_084,092_084,F,EtOH_EtOH,141858
/datastar/behavior_rooms/2CAP/2025-08-21_14-13-04_Prat_Urgency_group4/pi-data_2025-08-21_14-13-04_Prat_Urgency_group4/box04/mic/20250821_151500.WAV,20250821_151500_subject092_084,092_084,F,EtOH_EtOH,141858
/datastar/behavior_rooms/2CAP/2025-08-21_14-13-04_Prat_Urgency_group4/pi-data_2025-08-21_14-13-04_Prat_Urgency_group4/box04/mic/20250821_152000.WAV,20250821_152000_subject092_084,092_084,F,EtOH_EtOH,141858
/datastar/behavior_rooms/2CAP/2025-08-25_09-57-16_Prat_Urgency_group1/pi-data_2025-08-25_09-57-16_Prat_Urgency_group1/box01/mic/20250825_101222.WAV,20250825_101222_subject064,064,F,Control,101323
/datastar/behavior_rooms/2CAP/2025-08-25_09-57-16_Prat_Urgency_group1/pi-data_2025-08-25_09-57-16_Prat_Urgency_group1/box01/mic/20250825_101500.WAV,20250825_101500_subject064,064,F,Control,101323
/datastar/behavior_rooms/2CAP/2025-08-25_09-57-16_Prat_Urgency_group1/pi-data_2025-08-25_09-57-16_Prat_Urgency_group1/box01/mic/20250825_102000.WAV,20250825_102000_subject064,064,F,Control,101323
/datastar/behavior_rooms/2CAP/2025-08-25_09-57-16_Prat_Urgency_group1/pi-data_2025-08-25_09-57-16_Prat_Urgency_group1/box01/mic/20250825_102500.WAV,20250825_102500_subject064,064,F,Control,101323
/datastar/behavior_rooms/2CAP/2025-08-25_09-57-16_Prat_Urgency_group1/pi-data_2025-08-25_09-57-16_Prat_Urgency_group1/box01/mic/20250825_103000.WAV,20250825_103000_subject064,064,F,Control,101323
/datastar/behavior_rooms/2CAP/2025-08-25_09-57-16_Prat_Urgency_group1/pi-data_2025-08-25_09-57-16_Prat_Urgency_group1/box01/mic/20250825_103500.WAV,20250825_103500_subject064,064,F,Control,101323
/datastar/behavior_rooms/2CAP/2025-08-25_09-57-16_Prat_Urgency_group1/pi-data_2025-08-25_09-57-16_Prat_Urgency_group1/box01/mic/20250825_104000.WAV,20250825_104000_subject064,064,F,Control,101323
/datastar/behavior_rooms/2CAP/2025-08-25_09-57-16_Prat_Urgency_group1/pi-data_2025-08-25_09-57-16_Prat_Urgency_group1/box01/mic/20250825_104500.WAV,20250825_104500_subject064,064,F,Control,101323
/datastar/behavior_rooms/2CAP/2025-08-25_09-57-16_Prat_Urgency_group1/pi-data_2025-08-25_09-57-16_Prat_Urgency_group1/box01/mic/20250825_105000.WAV,20250825_105000_subject064,064,F,Control,101323
/datastar/behavior_rooms/2CAP/2025-08-25_09-57-16_Prat_Urgency_group1/pi-data_2025-08-25_09-57-16_Prat_Urgency_group1/box01/mic/20250825_105500.WAV,20250825_105500_subject064,064,F,Control,101323
/datastar/behavior_rooms/2CAP/2025-08-25_09-57-16_Prat_Urgency_group1/pi-data_2025-08-25_09-57-16_Prat_Urgency_group1/box01/mic/20250825_110000.WAV,20250825_110000_subject064,064,F,Control,101323
/datastar/behavior_rooms/2CAP/2025-08-25_09-57-16_Prat_Urgency_group1/pi-data_2025-08-25_09-57-16_Prat_Urgency_group1/box01/mic/20250825_110500.WAV,20250825_110500_subject064,064,F,Control,101323
/datastar/behavior_rooms/2CAP/2025-08-25_09-57-16_Prat_Urgency_group1/pi-data_2025-08-25_09-57-16_Prat_Urgency_group1/box01/mic/20250825_111000.WAV,20250825_111000_subject064,064,F,Control,101323
/datastar/behavior_rooms/2CAP/2025-08-25_09-57-16_Prat_Urgency_group1/pi-data_2025-08-25_09-57-16_Prat_Urgency_group1/box01/mic/20250825_111500.WAV,20250825_111500_subject064,064,F,Control,101323
/datastar/behavior_rooms/2CAP/2025-08-25_09-57-16_Prat_Urgency_group1/pi-data_2025-08-25_09-57-16_Prat_Urgency_group1/box05/mic/20250825_101222.WAV,20250825_101222_subject068_066,068_066,F,Control_Control,101556
/datastar/behavior_rooms/2CAP/2025-08-25_09-57-16_Prat_Urgency_group1/pi-data_2025-08-25_09-57-16_Prat_Urgency_group1/box05/mic/20250825_101500.WAV,20250825_101500_subject068_066,068_066,F,Control_Control,101556
/datastar/behavior_rooms/2CAP/2025-08-25_09-57-16_Prat_Urgency_group1/pi-data_2025-08-25_09-57-16_Prat_Urgency_group1/box05/mic/20250825_102000.WAV,20250825_102000_subject068_066,068_066,F,Control_Control,101556
/datastar/behavior_rooms/2CAP/2025-08-25_09-57-16_Prat_Urgency_group1/pi-data_2025-08-25_09-57-16_Prat_Urgency_group1/box05/mic/20250825_102500.WAV,20250825_102500_subject068_066,068_066,F,Control_Control,101556
/datastar/behavior_rooms/2CAP/2025-08-25_09-57-16_Prat_Urgency_group1/pi-data_2025-08-25_09-57-16_Prat_Urgency_group1/box05/mic/20250825_103000.WAV,20250825_103000_subject068_066,068_066,F,Control_Control,101556
/datastar/behavior_rooms/2CAP/2025-08-25_09-57-16_Prat_Urgency_group1/pi-data_2025-08-25_09-57-16_Prat_Urgency_group1/box05/mic/20250825_103500.WAV,20250825_103500_subject068_066,068_066,F,Control_Control,101556
/datastar/behavior_rooms/2CAP/2025-08-25_09-57-16_Prat_Urgency_group1/pi-data_2025-08-25_09-57-16_Prat_Urgency_group1/box05/mic/20250825_104000.WAV,20250825_104000_subject068_066,068_066,F,Control_Control,101556
/datastar/behavior_rooms/2CAP/2025-08-25_09-57-16_Prat_Urgency_group1/pi-data_2025-08-25_09-57-16_Prat_Urgency_group1/box05/mic/20250825_104500.WAV,20250825_104500_subject068_066,068_066,F,Control_Control,101556
/datastar/behavior_rooms/2CAP/2025-08-25_09-57-16_Prat_Urgency_group1/pi-data_2025-08-25_09-57-16_Prat_Urgency_group1/box05/mic/20250825_105000.WAV,20250825_105000_subject068_066,068_066,F,Control_Control,101556
/datastar/behavior_rooms/2CAP/2025-08-25_09-57-16_Prat_Urgency_group1/pi-data_2025-08-25_09-57-16_Prat_Urgency_group1/box05/mic/20250825_105500.WAV,20250825_105500_subject068_066,068_066,F,Control_Control,101556
/datastar/behavior_rooms/2CAP/2025-08-25_09-57-16_Prat_Urgency_group1/pi-data_2025-08-25_09-57-16_Prat_Urgency_group1/box05/mic/20250825_110000.WAV,20250825_110000_subject068_066,068_066,F,Control_Control,101556
/datastar/behavior_rooms/2CAP/2025-08-25_09-57-16_Prat_Urgency_group1/pi-data_2025-08-25_09-57-16_Prat_Urgency_group1/box05/mic/20250825_110500.WAV,20250825_110500_subject068_066,068_066,F,Control_Control,101556
/datastar/behavior_rooms/2CAP/2025-08-25_09-57-16_Prat_Urgency_group1/pi-data_2025-08-25_09-57-16_Prat_Urgency_group1/box05/mic/20250825_111000.WAV,20250825_111000_subject068_066,068_066,F,Control_Control,101556
/datastar/behavior_rooms/2CAP/2025-08-25_09-57-16_Prat_Urgency_group1/pi-data_2025-08-25_09-57-16_Prat_Urgency_group1/box05/mic/20250825_111500.WAV,20250825_111500_subject068_066,068_066,F,Control_Control,101556
/datastar/behavior_rooms/2CAP/2025-08-25_09-57-16_Prat_Urgency_group1/pi-data_2025-08-25_09-57-16_Prat_Urgency_group1/box02/mic/20250825_101222.WAV,20250825_101222_subject070_094,070_094,F,Control_EtOH,101406
/datastar/behavior_rooms/2CAP/2025-08-25_09-57-16_Prat_Urgency_group1/pi-data_2025-08-25_09-57-16_Prat_Urgency_group1/box02/mic/20250825_101500.WAV,20250825_101500_subject070_094,070_094,F,Control_EtOH,101406
/datastar/behavior_rooms/2CAP/2025-08-25_09-57-16_Prat_Urgency_group1/pi-data_2025-08-25_09-57-16_Prat_Urgency_group1/box02/mic/20250825_102000.WAV,20250825_102000_subject070_094,070_094,F,Control_EtOH,101406
/datastar/behavior_rooms/2CAP/2025-08-25_09-57-16_Prat_Urgency_group1/pi-data_2025-08-25_09-57-16_Prat_Urgency_group1/box02/mic/20250825_102500.WAV,20250825_102500_subject070_094,070_094,F,Control_EtOH,101406
/datastar/behavior_rooms/2CAP/2025-08-25_09-57-16_Prat_Urgency_group1/pi-data_2025-08-25_09-57-16_Prat_Urgency_group1/box02/mic/20250825_103000.WAV,20250825_103000_subject070_094,070_094,F,Control_EtOH,101406
/datastar/behavior_rooms/2CAP/2025-08-25_09-57-16_Prat_Urgency_group1/pi-data_2025-08-25_09-57-16_Prat_Urgency_group1/box02/mic/20250825_103500.WAV,20250825_103500_subject070_094,070_094,F,Control_EtOH,101406
/datastar/behavior_rooms/2CAP/2025-08-25_09-57-16_Prat_Urgency_group1/pi-data_2025-08-25_09-57-16_Prat_Urgency_group1/box02/mic/20250825_104000.WAV,20250825_104000_subject070_094,070_094,F,Control_EtOH,101406
/datastar/behavior_rooms/2CAP/2025-08-25_09-57-16_Prat_Urgency_group1/pi-data_2025-08-25_09-57-16_Prat_Urgency_group1/box02/mic/20250825_104500.WAV,20250825_104500_subject070_094,070_094,F,Control_EtOH,101406
/datastar/behavior_rooms/2CAP/2025-08-25_09-57-16_Prat_Urgency_group1/pi-data_2025-08-25_09-57-16_Prat_Urgency_group1/box02/mic/20250825_105000.WAV,20250825_105000_subject070_094,070_094,F,Control_EtOH,101406
/datastar/behavior_rooms/2CAP/2025-08-25_09-57-16_Prat_Urgency_group1/pi-data_2025-08-25_09-57-16_Prat_Urgency_group1/box02/mic/20250825_105500.WAV,20250825_105500_subject070_094,070_094,F,Control_EtOH,101406
/datastar/behavior_rooms/2CAP/2025-08-25_09-57-16_Prat_Urgency_group1/pi-data_2025-08-25_09-57-16_Prat_Urgency_group1/box02/mic/20250825_110000.WAV,20250825_110000_subject070_094,070_094,F,Control_EtOH,101406
/datastar/behavior_rooms/2CAP/2025-08-25_09-57-16_Prat_Urgency_group1/pi-data_2025-08-25_09-57-16_Prat_Urgency_group1/box02/mic/20250825_110500.WAV,20250825_110500_subject070_094,070_094,F,Control_EtOH,101406
/datastar/behavior_rooms/2CAP/2025-08-25_09-57-16_Prat_Urgency_group1/pi-data_2025-08-25_09-57-16_Prat_Urgency_group1/box02/mic/20250825_111000.WAV,20250825_111000_subject070_094,070_094,F,Control_EtOH,101406
/datastar/behavior_rooms/2CAP/2025-08-25_09-57-16_Prat_Urgency_group1/pi-data_2025-08-25_09-57-16_Prat_Urgency_group1/box02/mic/20250825_111500.WAV,20250825_111500_subject070_094,070_094,F,Control_EtOH,101406
/datastar/behavior_rooms/2CAP/2025-08-25_09-57-16_Prat_Urgency_group1/pi-data_2025-08-25_09-57-16_Prat_Urgency_group1/box06/mic/20250825_101222.WAV,20250825_101222_subject081_063,081_063,M,EtOH_Control,101642
/datastar/behavior_rooms/2CAP/2025-08-25_09-57-16_Prat_Urgency_group1/pi-data_2025-08-25_09-57-16_Prat_Urgency_group1/box06/mic/20250825_101500.WAV,20250825_101500_subject081_063,081_063,M,EtOH_Control,101642
/datastar/behavior_rooms/2CAP/2025-08-25_09-57-16_Prat_Urgency_group1/pi-data_2025-08-25_09-57-16_Prat_Urgency_group1/box06/mic/20250825_102000.WAV,20250825_102000_subject081_063,081_063,M,EtOH_Control,101642
/datastar/behavior_rooms/2CAP/2025-08-25_09-57-16_Prat_Urgency_group1/pi-data_2025-08-25_09-57-16_Prat_Urgency_group1/box06/mic/20250825_102500.WAV,20250825_102500_subject081_063,081_063,M,EtOH_Control,101642
/datastar/behavior_rooms/2CAP/2025-08-25_09-57-16_Prat_Urgency_group1/pi-data_2025-08-25_09-57-16_Prat_Urgency_group1/box06/mic/20250825_103000.WAV,20250825_103000_subject081_063,081_063,M,EtOH_Control,101642
/datastar/behavior_rooms/2CAP/2025-08-25_09-57-16_Prat_Urgency_group1/pi-data_2025-08-25_09-57-16_Prat_Urgency_group1/box06/mic/20250825_103500.WAV,20250825_103500_subject081_063,081_063,M,EtOH_Control,101642
/datastar/behavior_rooms/2CAP/2025-08-25_09-57-16_Prat_Urgency_group1/pi-data_2025-08-25_09-57-16_Prat_Urgency_group1/box06/mic/20250825_104000.WAV,20250825_104000_subject081_063,081_063,M,EtOH_Control,101642
/datastar/behavior_rooms/2CAP/2025-08-25_09-57-16_Prat_Urgency_group1/pi-data_2025-08-25_09-57-16_Prat_Urgency_group1/box06/mic/20250825_104500.WAV,20250825_104500_subject081_063,081_063,M,EtOH_Control,101642
/datastar/behavior_rooms/2CAP/2025-08-25_09-57-16_Prat_Urgency_group1/pi-data_2025-08-25_09-57-16_Prat_Urgency_group1/box06/mic/20250825_105000.WAV,20250825_105000_subject081_063,081_063,M,EtOH_Control,101642
/datastar/behavior_rooms/2CAP/2025-08-25_09-57-16_Prat_Urgency_group1/pi-data_2025-08-25_09-57-16_Prat_Urgency_group1/box06/mic/20250825_105500.WAV,20250825_105500_subject081_063,081_063,M,EtOH_Control,101642
/datastar/behavior_rooms/2CAP/2025-08-25_09-57-16_Prat_Urgency_group1/pi-data_2025-08-25_09-57-16_Prat_Urgency_group1/box06/mic/20250825_110000.WAV,20250825_110000_subject081_063,081_063,M,EtOH_Control,101642
/datastar/behavior_rooms/2CAP/2025-08-25_09-57-16_Prat_Urgency_group1/pi-data_2025-08-25_09-57-16_Prat_Urgency_group1/box06/mic/20250825_110500.WAV,20250825_110500_subject081_063,081_063,M,EtOH_Control,101642
/datastar/behavior_rooms/2CAP/2025-08-25_09-57-16_Prat_Urgency_group1/pi-data_2025-08-25_09-57-16_Prat_Urgency_group1/box06/mic/20250825_111000.WAV,20250825_111000_subject081_063,081_063,M,EtOH_Control,101642
/datastar/behavior_rooms/2CAP/2025-08-25_09-57-16_Prat_Urgency_group1/pi-data_2025-08-25_09-57-16_Prat_Urgency_group1/box06/mic/20250825_111500.WAV,20250825_111500_subject081_063,081_063,M,EtOH_Control,101642
/datastar/behavior_rooms/2CAP/2025-08-25_09-57-16_Prat_Urgency_group1/pi-data_2025-08-25_09-57-16_Prat_Urgency_group1/box03/mic/20250825_101221.WAV,20250825_101221_subject087_083,087_083,M,EtOH_EtOH,101446
/datastar/behavior_rooms/2CAP/2025-08-25_09-57-16_Prat_Urgency_group1/pi-data_2025-08-25_09-57-16_Prat_Urgency_group1/box03/mic/20250825_101500.WAV,20250825_101500_subject087_083,087_083,M,EtOH_EtOH,101446
/datastar/behavior_rooms/2CAP/2025-08-25_09-57-16_Prat_Urgency_group1/pi-data_2025-08-25_09-57-16_Prat_Urgency_group1/box03/mic/20250825_102000.WAV,20250825_102000_subject087_083,087_083,M,EtOH_EtOH,101446
/datastar/behavior_rooms/2CAP/2025-08-25_09-57-16_Prat_Urgency_group1/pi-data_2025-08-25_09-57-16_Prat_Urgency_group1/box03/mic/20250825_102500.WAV,20250825_102500_subject087_083,087_083,M,EtOH_EtOH,101446
/datastar/behavior_rooms/2CAP/2025-08-25_09-57-16_Prat_Urgency_group1/pi-data_2025-08-25_09-57-16_Prat_Urgency_group1/box03/mic/20250825_103000.WAV,20250825_103000_subject087_083,087_083,M,EtOH_EtOH,101446
/datastar/behavior_rooms/2CAP/2025-08-25_09-57-16_Prat_Urgency_group1/pi-data_2025-08-25_09-57-16_Prat_Urgency_group1/box03/mic/20250825_103500.WAV,20250825_103500_subject087_083,087_083,M,EtOH_EtOH,101446
/datastar/behavior_rooms/2CAP/2025-08-25_09-57-16_Prat_Urgency_group1/pi-data_2025-08-25_09-57-16_Prat_Urgency_group1/box03/mic/20250825_104000.WAV,20250825_104000_subject087_083,087_083,M,EtOH_EtOH,101446
/datastar/behavior_rooms/2CAP/2025-08-25_09-57-16_Prat_Urgency_group1/pi-data_2025-08-25_09-57-16_Prat_Urgency_group1/box03/mic/20250825_104500.WAV,20250825_104500_subject087_083,087_083,M,EtOH_EtOH,101446
/datastar/behavior_rooms/2CAP/2025-08-25_09-57-16_Prat_Urgency_group1/pi-data_2025-08-25_09-57-16_Prat_Urgency_group1/box03/mic/20250825_105000.WAV,20250825_105000_subject087_083,087_083,M,EtOH_EtOH,101446
/datastar/behavior_rooms/2CAP/2025-08-25_09-57-16_Prat_Urgency_group1/pi-data_2025-08-25_09-57-16_Prat_Urgency_group1/box03/mic/20250825_105500.WAV,20250825_105500_subject087_083,087_083,M,EtOH_EtOH,101446
/datastar/behavior_rooms/2CAP/2025-08-25_09-57-16_Prat_Urgency_group1/pi-data_2025-08-25_09-57-16_Prat_Urgency_group1/box03/mic/20250825_110000.WAV,20250825_110000_subject087_083,087_083,M,EtOH_EtOH,101446
/datastar/behavior_rooms/2CAP/2025-08-25_09-57-16_Prat_Urgency_group1/pi-data_2025-08-25_09-57-16_Prat_Urgency_group1/box03/mic/20250825_110500.WAV,20250825_110500_subject087_083,087_083,M,EtOH_EtOH,101446
/datastar/behavior_rooms/2CAP/2025-08-25_09-57-16_Prat_Urgency_group1/pi-data_2025-08-25_09-57-16_Prat_Urgency_group1/box03/mic/20250825_111000.WAV,20250825_111000_subject087_083,087_083,M,EtOH_EtOH,101446
/datastar/behavior_rooms/2CAP/2025-08-25_09-57-16_Prat_Urgency_group1/pi-data_2025-08-25_09-57-16_Prat_Urgency_group1/box03/mic/20250825_111500.WAV,20250825_111500_subject087_083,087_083,M,EtOH_EtOH,101446
/datastar/behavior_rooms/2CAP/2025-08-25_09-57-16_Prat_Urgency_group1/pi-data_2025-08-25_09-57-16_Prat_Urgency_group1/box04/mic/20250825_101222.WAV,20250825_101222_subject095,095,M,EtOH,101513
/datastar/behavior_rooms/2CAP/2025-08-25_09-57-16_Prat_Urgency_group1/pi-data_2025-08-25_09-57-16_Prat_Urgency_group1/box04/mic/20250825_101500.WAV,20250825_101500_subject095,095,M,EtOH,101513
/datastar/behavior_rooms/2CAP/2025-08-25_09-57-16_Prat_Urgency_group1/pi-data_2025-08-25_09-57-16_Prat_Urgency_group1/box04/mic/20250825_102000.WAV,20250825_102000_subject095,095,M,EtOH,101513
/datastar/behavior_rooms/2CAP/2025-08-25_09-57-16_Prat_Urgency_group1/pi-data_2025-08-25_09-57-16_Prat_Urgency_group1/box04/mic/20250825_102500.WAV,20250825_102500_subject095,095,M,EtOH,101513
/datastar/behavior_rooms/2CAP/2025-08-25_09-57-16_Prat_Urgency_group1/pi-data_2025-08-25_09-57-16_Prat_Urgency_group1/box04/mic/20250825_103000.WAV,20250825_103000_subject095,095,M,EtOH,101513
/datastar/behavior_rooms/2CAP/2025-08-25_09-57-16_Prat_Urgency_group1/pi-data_2025-08-25_09-57-16_Prat_Urgency_group1/box04/mic/20250825_103500.WAV,20250825_103500_subject095,095,M,EtOH,101513
/datastar/behavior_rooms/2CAP/2025-08-25_09-57-16_Prat_Urgency_group1/pi-data_2025-08-25_09-57-16_Prat_Urgency_group1/box04/mic/20250825_104000.WAV,20250825_104000_subject095,095,M,EtOH,101513
/datastar/behavior_rooms/2CAP/2025-08-25_09-57-16_Prat_Urgency_group1/pi-data_2025-08-25_09-57-16_Prat_Urgency_group1/box04/mic/20250825_104500.WAV,20250825_104500_subject095,095,M,EtOH,101513
/datastar/behavior_rooms/2CAP/2025-08-25_09-57-16_Prat_Urgency_group1/pi-data_2025-08-25_09-57-16_Prat_Urgency_group1/box04/mic/20250825_105000.WAV,20250825_105000_subject095,095,M,EtOH,101513
/datastar/behavior_rooms/2CAP/2025-08-25_09-57-16_Prat_Urgency_group1/pi-data_2025-08-25_09-57-16_Prat_Urgency_group1/box04/mic/20250825_105500.WAV,20250825_105500_subject095,095,M,EtOH,101513
/datastar/behavior_rooms/2CAP/2025-08-25_09-57-16_Prat_Urgency_group1/pi-data_2025-08-25_09-57-16_Prat_Urgency_group1/box04/mic/20250825_110000.WAV,20250825_110000_subject095,095,M,EtOH,101513
/datastar/behavior_rooms/2CAP/2025-08-25_09-57-16_Prat_Urgency_group1/pi-data_2025-08-25_09-57-16_Prat_Urgency_group1/box04/mic/20250825_110500.WAV,20250825_110500_subject095,095,M,EtOH,101513
/datastar/behavior_rooms/2CAP/2025-08-25_09-57-16_Prat_Urgency_group1/pi-data_2025-08-25_09-57-16_Prat_Urgency_group1/box04/mic/20250825_111000.WAV,20250825_111000_subject095,095,M,EtOH,101513
/datastar/behavior_rooms/2CAP/2025-08-25_09-57-16_Prat_Urgency_group1/pi-data_2025-08-25_09-57-16_Prat_Urgency_group1/box04/mic/20250825_111500.WAV,20250825_111500_subject095,095,M,EtOH,101513
/datastar/behavior_rooms/2CAP/2025-08-25_11-35-50_Prat_Urgency_group2/pi-data_2025-08-25_11-35-50_Prat_Urgency_group2/box01/mic/20250825_113943.WAV,20250825_113943_subject071_097,071_097,M,Control_EtOH,114059
/datastar/behavior_rooms/2CAP/2025-08-25_11-35-50_Prat_Urgency_group2/pi-data_2025-08-25_11-35-50_Prat_Urgency_group2/box01/mic/20250825_114000.WAV,20250825_114000_subject071_097,071_097,M,Control_EtOH,114059
/datastar/behavior_rooms/2CAP/2025-08-25_11-35-50_Prat_Urgency_group2/pi-data_2025-08-25_11-35-50_Prat_Urgency_group2/box01/mic/20250825_114500.WAV,20250825_114500_subject071_097,071_097,M,Control_EtOH,114059
/datastar/behavior_rooms/2CAP/2025-08-25_11-35-50_Prat_Urgency_group2/pi-data_2025-08-25_11-35-50_Prat_Urgency_group2/box01/mic/20250825_115000.WAV,20250825_115000_subject071_097,071_097,M,Control_EtOH,114059
/datastar/behavior_rooms/2CAP/2025-08-25_11-35-50_Prat_Urgency_group2/pi-data_2025-08-25_11-35-50_Prat_Urgency_group2/box01/mic/20250825_115500.WAV,20250825_115500_subject071_097,071_097,M,Control_EtOH,114059
/datastar/behavior_rooms/2CAP/2025-08-25_11-35-50_Prat_Urgency_group2/pi-data_2025-08-25_11-35-50_Prat_Urgency_group2/box01/mic/20250825_120000.WAV,20250825_120000_subject071_097,071_097,M,Control_EtOH,114059
/datastar/behavior_rooms/2CAP/2025-08-25_11-35-50_Prat_Urgency_group2/pi-data_2025-08-25_11-35-50_Prat_Urgency_group2/box01/mic/20250825_120500.WAV,20250825_120500_subject071_097,071_097,M,Control_EtOH,114059
/datastar/behavior_rooms/2CAP/2025-08-25_11-35-50_Prat_Urgency_group2/pi-data_2025-08-25_11-35-50_Prat_Urgency_group2/box01/mic/20250825_121000.WAV,20250825_121000_subject071_097,071_097,M,Control_EtOH,114059
/datastar/behavior_rooms/2CAP/2025-08-25_11-35-50_Prat_Urgency_group2/pi-data_2025-08-25_11-35-50_Prat_Urgency_group2/box01/mic/20250825_121500.WAV,20250825_121500_subject071_097,071_097,M,Control_EtOH,114059
/datastar/behavior_rooms/2CAP/2025-08-25_11-35-50_Prat_Urgency_group2/pi-data_2025-08-25_11-35-50_Prat_Urgency_group2/box01/mic/20250825_122000.WAV,20250825_122000_subject071_097,071_097,M,Control_EtOH,114059
/datastar/behavior_rooms/2CAP/2025-08-25_11-35-50_Prat_Urgency_group2/pi-data_2025-08-25_11-35-50_Prat_Urgency_group2/box01/mic/20250825_122500.WAV,20250825_122500_subject071_097,071_097,M,Control_EtOH,114059
/datastar/behavior_rooms/2CAP/2025-08-25_11-35-50_Prat_Urgency_group2/pi-data_2025-08-25_11-35-50_Prat_Urgency_group2/box01/mic/20250825_123000.WAV,20250825_123000_subject071_097,071_097,M,Control_EtOH,114059
/datastar/behavior_rooms/2CAP/2025-08-25_11-35-50_Prat_Urgency_group2/pi-data_2025-08-25_11-35-50_Prat_Urgency_group2/box01/mic/20250825_123500.WAV,20250825_123500_subject071_097,071_097,M,Control_EtOH,114059
/datastar/behavior_rooms/2CAP/2025-08-25_11-35-50_Prat_Urgency_group2/pi-data_2025-08-25_11-35-50_Prat_Urgency_group2/box01/mic/20250825_124000.WAV,20250825_124000_subject071_097,071_097,M,Control_EtOH,114059
/datastar/behavior_rooms/2CAP/2025-08-25_11-35-50_Prat_Urgency_group2/pi-data_2025-08-25_11-35-50_Prat_Urgency_group2/box01/mic/20250825_124500.WAV,20250825_124500_subject071_097,071_097,M,Control_EtOH,114059
/datastar/behavior_rooms/2CAP/2025-08-25_11-35-50_Prat_Urgency_group2/pi-data_2025-08-25_11-35-50_Prat_Urgency_group2/box03/mic/20250825_113943.WAV,20250825_113943_subject074_088,074_088,F,Control_EtOH,114200
/datastar/behavior_rooms/2CAP/2025-08-25_11-35-50_Prat_Urgency_group2/pi-data_2025-08-25_11-35-50_Prat_Urgency_group2/box03/mic/20250825_114000.WAV,20250825_114000_subject074_088,074_088,F,Control_EtOH,114200
/datastar/behavior_rooms/2CAP/2025-08-25_11-35-50_Prat_Urgency_group2/pi-data_2025-08-25_11-35-50_Prat_Urgency_group2/box03/mic/20250825_114500.WAV,20250825_114500_subject074_088,074_088,F,Control_EtOH,114200
/datastar/behavior_rooms/2CAP/2025-08-25_11-35-50_Prat_Urgency_group2/pi-data_2025-08-25_11-35-50_Prat_Urgency_group2/box03/mic/20250825_115000.WAV,20250825_115000_subject074_088,074_088,F,Control_EtOH,114200
/datastar/behavior_rooms/2CAP/2025-08-25_11-35-50_Prat_Urgency_group2/pi-data_2025-08-25_11-35-50_Prat_Urgency_group2/box03/mic/20250825_115500.WAV,20250825_115500_subject074_088,074_088,F,Control_EtOH,114200
/datastar/behavior_rooms/2CAP/2025-08-25_11-35-50_Prat_Urgency_group2/pi-data_2025-08-25_11-35-50_Prat_Urgency_group2/box03/mic/20250825_120000.WAV,20250825_120000_subject074_088,074_088,F,Control_EtOH,114200
/datastar/behavior_rooms/2CAP/2025-08-25_11-35-50_Prat_Urgency_group2/pi-data_2025-08-25_11-35-50_Prat_Urgency_group2/box03/mic/20250825_120500.WAV,20250825_120500_subject074_088,074_088,F,Control_EtOH,114200
/datastar/behavior_rooms/2CAP/2025-08-25_11-35-50_Prat_Urgency_group2/pi-data_2025-08-25_11-35-50_Prat_Urgency_group2/box03/mic/20250825_121000.WAV,20250825_121000_subject074_088,074_088,F,Control_EtOH,114200
/datastar/behavior_rooms/2CAP/2025-08-25_11-35-50_Prat_Urgency_group2/pi-data_2025-08-25_11-35-50_Prat_Urgency_group2/box03/mic/20250825_121500.WAV,20250825_121500_subject074_088,074_088,F,Control_EtOH,114200
/datastar/behavior_rooms/2CAP/2025-08-25_11-35-50_Prat_Urgency_group2/pi-data_2025-08-25_11-35-50_Prat_Urgency_group2/box03/mic/20250825_122000.WAV,20250825_122000_subject074_088,074_088,F,Control_EtOH,114200
/datastar/behavior_rooms/2CAP/2025-08-25_11-35-50_Prat_Urgency_group2/pi-data_2025-08-25_11-35-50_Prat_Urgency_group2/box03/mic/20250825_122500.WAV,20250825_122500_subject074_088,074_088,F,Control_EtOH,114200
/datastar/behavior_rooms/2CAP/2025-08-25_11-35-50_Prat_Urgency_group2/pi-data_2025-08-25_11-35-50_Prat_Urgency_group2/box03/mic/20250825_123000.WAV,20250825_123000_subject074_088,074_088,F,Control_EtOH,114200
/datastar/behavior_rooms/2CAP/2025-08-25_11-35-50_Prat_Urgency_group2/pi-data_2025-08-25_11-35-50_Prat_Urgency_group2/box03/mic/20250825_123500.WAV,20250825_123500_subject074_088,074_088,F,Control_EtOH,114200
/datastar/behavior_rooms/2CAP/2025-08-25_11-35-50_Prat_Urgency_group2/pi-data_2025-08-25_11-35-50_Prat_Urgency_group2/box03/mic/20250825_124000.WAV,20250825_124000_subject074_088,074_088,F,Control_EtOH,114200
/datastar/behavior_rooms/2CAP/2025-08-25_11-35-50_Prat_Urgency_group2/pi-data_2025-08-25_11-35-50_Prat_Urgency_group2/box03/mic/20250825_124500.WAV,20250825_124500_subject074_088,074_088,F,Control_EtOH,114200
/datastar/behavior_rooms/2CAP/2025-08-25_11-35-50_Prat_Urgency_group2/pi-data_2025-08-25_11-35-50_Prat_Urgency_group2/box02/mic/20250825_113943.WAV,20250825_113943_subject077,077,M,Control,114119
/datastar/behavior_rooms/2CAP/2025-08-25_11-35-50_Prat_Urgency_group2/pi-data_2025-08-25_11-35-50_Prat_Urgency_group2/box02/mic/20250825_114000.WAV,20250825_114000_subject077,077,M,Control,114119
/datastar/behavior_rooms/2CAP/2025-08-25_11-35-50_Prat_Urgency_group2/pi-data_2025-08-25_11-35-50_Prat_Urgency_group2/box02/mic/20250825_114500.WAV,20250825_114500_subject077,077,M,Control,114119
/datastar/behavior_rooms/2CAP/2025-08-25_11-35-50_Prat_Urgency_group2/pi-data_2025-08-25_11-35-50_Prat_Urgency_group2/box02/mic/20250825_115000.WAV,20250825_115000_subject077,077,M,Control,114119
/datastar/behavior_rooms/2CAP/2025-08-25_11-35-50_Prat_Urgency_group2/pi-data_2025-08-25_11-35-50_Prat_Urgency_group2/box02/mic/20250825_115500.WAV,20250825_115500_subject077,077,M,Control,114119
/datastar/behavior_rooms/2CAP/2025-08-25_11-35-50_Prat_Urgency_group2/pi-data_2025-08-25_11-35-50_Prat_Urgency_group2/box02/mic/20250825_120000.WAV,20250825_120000_subject077,077,M,Control,114119
/datastar/behavior_rooms/2CAP/2025-08-25_11-35-50_Prat_Urgency_group2/pi-data_2025-08-25_11-35-50_Prat_Urgency_group2/box02/mic/20250825_120500.WAV,20250825_120500_subject077,077,M,Control,114119
/datastar/behavior_rooms/2CAP/2025-08-25_11-35-50_Prat_Urgency_group2/pi-data_2025-08-25_11-35-50_Prat_Urgency_group2/box02/mic/20250825_121000.WAV,20250825_121000_subject077,077,M,Control,114119
/datastar/behavior_rooms/2CAP/2025-08-25_11-35-50_Prat_Urgency_group2/pi-data_2025-08-25_11-35-50_Prat_Urgency_group2/box02/mic/20250825_121500.WAV,20250825_121500_subject077,077,M,Control,114119
/datastar/behavior_rooms/2CAP/2025-08-25_11-35-50_Prat_Urgency_group2/pi-data_2025-08-25_11-35-50_Prat_Urgency_group2/box02/mic/20250825_122000.WAV,20250825_122000_subject077,077,M,Control,114119
/datastar/behavior_rooms/2CAP/2025-08-25_11-35-50_Prat_Urgency_group2/pi-data_2025-08-25_11-35-50_Prat_Urgency_group2/box02/mic/20250825_122500.WAV,20250825_122500_subject077,077,M,Control,114119
/datastar/behavior_rooms/2CAP/2025-08-25_11-35-50_Prat_Urgency_group2/pi-data_2025-08-25_11-35-50_Prat_Urgency_group2/box02/mic/20250825_123000.WAV,20250825_123000_subject077,077,M,Control,114119
/datastar/behavior_rooms/2CAP/2025-08-25_11-35-50_Prat_Urgency_group2/pi-data_2025-08-25_11-35-50_Prat_Urgency_group2/box02/mic/20250825_123500.WAV,20250825_123500_subject077,077,M,Control,114119
/datastar/behavior_rooms/2CAP/2025-08-25_11-35-50_Prat_Urgency_group2/pi-data_2025-08-25_11-35-50_Prat_Urgency_group2/box02/mic/20250825_124000.WAV,20250825_124000_subject077,077,M,Control,114119
/datastar/behavior_rooms/2CAP/2025-08-25_11-35-50_Prat_Urgency_group2/pi-data_2025-08-25_11-35-50_Prat_Urgency_group2/box02/mic/20250825_124500.WAV,20250825_124500_subject077,077,M,Control,114119
/datastar/behavior_rooms/2CAP/2025-08-25_11-35-50_Prat_Urgency_group2/pi-data_2025-08-25_11-35-50_Prat_Urgency_group2/box05/mic/20250825_113944.WAV,20250825_113944_subject079_075,079_075,M,EtOH_Control,114320
/datastar/behavior_rooms/2CAP/2025-08-25_11-35-50_Prat_Urgency_group2/pi-data_2025-08-25_11-35-50_Prat_Urgency_group2/box05/mic/20250825_114000.WAV,20250825_114000_subject079_075,079_075,M,EtOH_Control,114320
/datastar/behavior_rooms/2CAP/2025-08-25_11-35-50_Prat_Urgency_group2/pi-data_2025-08-25_11-35-50_Prat_Urgency_group2/box05/mic/20250825_114500.WAV,20250825_114500_subject079_075,079_075,M,EtOH_Control,114320
/datastar/behavior_rooms/2CAP/2025-08-25_11-35-50_Prat_Urgency_group2/pi-data_2025-08-25_11-35-50_Prat_Urgency_group2/box05/mic/20250825_115000.WAV,20250825_115000_subject079_075,079_075,M,EtOH_Control,114320
/datastar/behavior_rooms/2CAP/2025-08-25_11-35-50_Prat_Urgency_group2/pi-data_2025-08-25_11-35-50_Prat_Urgency_group2/box05/mic/20250825_115500.WAV,20250825_115500_subject079_075,079_075,M,EtOH_Control,114320
/datastar/behavior_rooms/2CAP/2025-08-25_11-35-50_Prat_Urgency_group2/pi-data_2025-08-25_11-35-50_Prat_Urgency_group2/box05/mic/20250825_120000.WAV,20250825_120000_subject079_075,079_075,M,EtOH_Control,114320
/datastar/behavior_rooms/2CAP/2025-08-25_11-35-50_Prat_Urgency_group2/pi-data_2025-08-25_11-35-50_Prat_Urgency_group2/box05/mic/20250825_120500.WAV,20250825_120500_subject079_075,079_075,M,EtOH_Control,114320
/datastar/behavior_rooms/2CAP/2025-08-25_11-35-50_Prat_Urgency_group2/pi-data_2025-08-25_11-35-50_Prat_Urgency_group2/box05/mic/20250825_121000.WAV,20250825_121000_subject079_075,079_075,M,EtOH_Control,114320
/datastar/behavior_rooms/2CAP/2025-08-25_11-35-50_Prat_Urgency_group2/pi-data_2025-08-25_11-35-50_Prat_Urgency_group2/box05/mic/20250825_121500.WAV,20250825_121500_subject079_075,079_075,M,EtOH_Control,114320
/datastar/behavior_rooms/2CAP/2025-08-25_11-35-50_Prat_Urgency_group2/pi-data_2025-08-25_11-35-50_Prat_Urgency_group2/box05/mic/20250825_122000.WAV,20250825_122000_subject079_075,079_075,M,EtOH_Control,114320
/datastar/behavior_rooms/2CAP/2025-08-25_11-35-50_Prat_Urgency_group2/pi-data_2025-08-25_11-35-50_Prat_Urgency_group2/box05/mic/20250825_122500.WAV,20250825_122500_subject079_075,079_075,M,EtOH_Control,114320
/datastar/behavior_rooms/2CAP/2025-08-25_11-35-50_Prat_Urgency_group2/pi-data_2025-08-25_11-35-50_Prat_Urgency_group2/box05/mic/20250825_123000.WAV,20250825_123000_subject079_075,079_075,M,EtOH_Control,114320
/datastar/behavior_rooms/2CAP/2025-08-25_11-35-50_Prat_Urgency_group2/pi-data_2025-08-25_11-35-50_Prat_Urgency_group2/box05/mic/20250825_123500.WAV,20250825_123500_subject079_075,079_075,M,EtOH_Control,114320
/datastar/behavior_rooms/2CAP/2025-08-25_11-35-50_Prat_Urgency_group2/pi-data_2025-08-25_11-35-50_Prat_Urgency_group2/box05/mic/20250825_124000.WAV,20250825_124000_subject079_075,079_075,M,EtOH_Control,114320
/datastar/behavior_rooms/2CAP/2025-08-25_11-35-50_Prat_Urgency_group2/pi-data_2025-08-25_11-35-50_Prat_Urgency_group2/box05/mic/20250825_124500.WAV,20250825_124500_subject079_075,079_075,M,EtOH_Control,114320
/datastar/behavior_rooms/2CAP/2025-08-25_11-35-50_Prat_Urgency_group2/pi-data_2025-08-25_11-35-50_Prat_Urgency_group2/box06/mic/20250825_113944.WAV,20250825_113944_subject093,093,M,EtOH,114346
/datastar/behavior_rooms/2CAP/2025-08-25_11-35-50_Prat_Urgency_group2/pi-data_2025-08-25_11-35-50_Prat_Urgency_group2/box06/mic/20250825_114000.WAV,20250825_114000_subject093,093,M,EtOH,114346
/datastar/behavior_rooms/2CAP/2025-08-25_11-35-50_Prat_Urgency_group2/pi-data_2025-08-25_11-35-50_Prat_Urgency_group2/box06/mic/20250825_114500.WAV,20250825_114500_subject093,093,M,EtOH,114346
/datastar/behavior_rooms/2CAP/2025-08-25_11-35-50_Prat_Urgency_group2/pi-data_2025-08-25_11-35-50_Prat_Urgency_group2/box06/mic/20250825_115000.WAV,20250825_115000_subject093,093,M,EtOH,114346
/datastar/behavior_rooms/2CAP/2025-08-25_11-35-50_Prat_Urgency_group2/pi-data_2025-08-25_11-35-50_Prat_Urgency_group2/box06/mic/20250825_115500.WAV,20250825_115500_subject093,093,M,EtOH,114346
/datastar/behavior_rooms/2CAP/2025-08-25_11-35-50_Prat_Urgency_group2/pi-data_2025-08-25_11-35-50_Prat_Urgency_group2/box06/mic/20250825_120000.WAV,20250825_120000_subject093,093,M,EtOH,114346
/datastar/behavior_rooms/2CAP/2025-08-25_11-35-50_Prat_Urgency_group2/pi-data_2025-08-25_11-35-50_Prat_Urgency_group2/box06/mic/20250825_120500.WAV,20250825_120500_subject093,093,M,EtOH,114346
/datastar/behavior_rooms/2CAP/2025-08-25_11-35-50_Prat_Urgency_group2/pi-data_2025-08-25_11-35-50_Prat_Urgency_group2/box06/mic/20250825_121000.WAV,20250825_121000_subject093,093,M,EtOH,114346
/datastar/behavior_rooms/2CAP/2025-08-25_11-35-50_Prat_Urgency_group2/pi-data_2025-08-25_11-35-50_Prat_Urgency_group2/box06/mic/20250825_121500.WAV,20250825_121500_subject093,093,M,EtOH,114346
/datastar/behavior_rooms/2CAP/2025-08-25_11-35-50_Prat_Urgency_group2/pi-data_2025-08-25_11-35-50_Prat_Urgency_group2/box06/mic/20250825_122000.WAV,20250825_122000_subject093,093,M,EtOH,114346
/datastar/behavior_rooms/2CAP/2025-08-25_11-35-50_Prat_Urgency_group2/pi-data_2025-08-25_11-35-50_Prat_Urgency_group2/box06/mic/20250825_122500.WAV,20250825_122500_subject093,093,M,EtOH,114346
/datastar/behavior_rooms/2CAP/2025-08-25_11-35-50_Prat_Urgency_group2/pi-data_2025-08-25_11-35-50_Prat_Urgency_group2/box06/mic/20250825_123000.WAV,20250825_123000_subject093,093,M,EtOH,114346
/datastar/behavior_rooms/2CAP/2025-08-25_11-35-50_Prat_Urgency_group2/pi-data_2025-08-25_11-35-50_Prat_Urgency_group2/box06/mic/20250825_123500.WAV,20250825_123500_subject093,093,M,EtOH,114346
/datastar/behavior_rooms/2CAP/2025-08-25_11-35-50_Prat_Urgency_group2/pi-data_2025-08-25_11-35-50_Prat_Urgency_group2/box06/mic/20250825_124000.WAV,20250825_124000_subject093,093,M,EtOH,114346
/datastar/behavior_rooms/2CAP/2025-08-25_11-35-50_Prat_Urgency_group2/pi-data_2025-08-25_11-35-50_Prat_Urgency_group2/box06/mic/20250825_124500.WAV,20250825_124500_subject093,093,M,EtOH,114346
/datastar/behavior_rooms/2CAP/2025-08-25_11-35-50_Prat_Urgency_group2/pi-data_2025-08-25_11-35-50_Prat_Urgency_group2/box04/mic/20250825_113944.WAV,20250825_113944_subject098_078,098_078,F,EtOH_Control,114241
/datastar/behavior_rooms/2CAP/2025-08-25_11-35-50_Prat_Urgency_group2/pi-data_2025-08-25_11-35-50_Prat_Urgency_group2/box04/mic/20250825_114000.WAV,20250825_114000_subject098_078,098_078,F,EtOH_Control,114241
/datastar/behavior_rooms/2CAP/2025-08-25_11-35-50_Prat_Urgency_group2/pi-data_2025-08-25_11-35-50_Prat_Urgency_group2/box04/mic/20250825_114500.WAV,20250825_114500_subject098_078,098_078,F,EtOH_Control,114241
/datastar/behavior_rooms/2CAP/2025-08-25_11-35-50_Prat_Urgency_group2/pi-data_2025-08-25_11-35-50_Prat_Urgency_group2/box04/mic/20250825_115000.WAV,20250825_115000_subject098_078,098_078,F,EtOH_Control,114241
/datastar/behavior_rooms/2CAP/2025-08-25_11-35-50_Prat_Urgency_group2/pi-data_2025-08-25_11-35-50_Prat_Urgency_group2/box04/mic/20250825_115500.WAV,20250825_115500_subject098_078,098_078,F,EtOH_Control,114241
/datastar/behavior_rooms/2CAP/2025-08-25_11-35-50_Prat_Urgency_group2/pi-data_2025-08-25_11-35-50_Prat_Urgency_group2/box04/mic/20250825_120000.WAV,20250825_120000_subject098_078,098_078,F,EtOH_Control,114241
/datastar/behavior_rooms/2CAP/2025-08-25_11-35-50_Prat_Urgency_group2/pi-data_2025-08-25_11-35-50_Prat_Urgency_group2/box04/mic/20250825_120500.WAV,20250825_120500_subject098_078,098_078,F,EtOH_Control,114241
/datastar/behavior_rooms/2CAP/2025-08-25_11-35-50_Prat_Urgency_group2/pi-data_2025-08-25_11-35-50_Prat_Urgency_group2/box04/mic/20250825_121000.WAV,20250825_121000_subject098_078,098_078,F,EtOH_Control,114241
/datastar/behavior_rooms/2CAP/2025-08-25_11-35-50_Prat_Urgency_group2/pi-data_2025-08-25_11-35-50_Prat_Urgency_group2/box04/mic/20250825_121500.WAV,20250825_121500_subject098_078,098_078,F,EtOH_Control,114241
/datastar/behavior_rooms/2CAP/2025-08-25_11-35-50_Prat_Urgency_group2/pi-data_2025-08-25_11-35-50_Prat_Urgency_group2/box04/mic/20250825_122000.WAV,20250825_122000_subject098_078,098_078,F,EtOH_Control,114241
/datastar/behavior_rooms/2CAP/2025-08-25_11-35-50_Prat_Urgency_group2/pi-data_2025-08-25_11-35-50_Prat_Urgency_group2/box04/mic/20250825_122500.WAV,20250825_122500_subject098_078,098_078,F,EtOH_Control,114241
/datastar/behavior_rooms/2CAP/2025-08-25_11-35-50_Prat_Urgency_group2/pi-data_2025-08-25_11-35-50_Prat_Urgency_group2/box04/mic/20250825_123000.WAV,20250825_123000_subject098_078,098_078,F,EtOH_Control,114241
/datastar/behavior_rooms/2CAP/2025-08-25_11-35-50_Prat_Urgency_group2/pi-data_2025-08-25_11-35-50_Prat_Urgency_group2/box04/mic/20250825_123500.WAV,20250825_123500_subject098_078,098_078,F,EtOH_Control,114241
/datastar/behavior_rooms/2CAP/2025-08-25_11-35-50_Prat_Urgency_group2/pi-data_2025-08-25_11-35-50_Prat_Urgency_group2/box04/mic/20250825_124000.WAV,20250825_124000_subject098_078,098_078,F,EtOH_Control,114241
/datastar/behavior_rooms/2CAP/2025-08-25_11-35-50_Prat_Urgency_group2/pi-data_2025-08-25_11-35-50_Prat_Urgency_group2/box04/mic/20250825_124500.WAV,20250825_124500_subject098_078,098_078,F,EtOH_Control,114241
/datastar/behavior_rooms/2CAP/2025-08-25_13-05-06_Prat_Urgency_group3/pi-data_2025-08-25_13-05-06_Prat_Urgency_group3/box06/mic/20250825_130824.WAV,20250825_130824_subject059,059,M,Control,131236
/datastar/behavior_rooms/2CAP/2025-08-25_13-05-06_Prat_Urgency_group3/pi-data_2025-08-25_13-05-06_Prat_Urgency_group3/box06/mic/20250825_131000.WAV,20250825_131000_subject059,059,M,Control,131236
/datastar/behavior_rooms/2CAP/2025-08-25_13-05-06_Prat_Urgency_group3/pi-data_2025-08-25_13-05-06_Prat_Urgency_group3/box06/mic/20250825_131500.WAV,20250825_131500_subject059,059,M,Control,131236
/datastar/behavior_rooms/2CAP/2025-08-25_13-05-06_Prat_Urgency_group3/pi-data_2025-08-25_13-05-06_Prat_Urgency_group3/box06/mic/20250825_132000.WAV,20250825_132000_subject059,059,M,Control,131236
/datastar/behavior_rooms/2CAP/2025-08-25_13-05-06_Prat_Urgency_group3/pi-data_2025-08-25_13-05-06_Prat_Urgency_group3/box06/mic/20250825_132500.WAV,20250825_132500_subject059,059,M,Control,131236
/datastar/behavior_rooms/2CAP/2025-08-25_13-05-06_Prat_Urgency_group3/pi-data_2025-08-25_13-05-06_Prat_Urgency_group3/box06/mic/20250825_133000.WAV,20250825_133000_subject059,059,M,Control,131236
/datastar/behavior_rooms/2CAP/2025-08-25_13-05-06_Prat_Urgency_group3/pi-data_2025-08-25_13-05-06_Prat_Urgency_group3/box06/mic/20250825_133500.WAV,20250825_133500_subject059,059,M,Control,131236
/datastar/behavior_rooms/2CAP/2025-08-25_13-05-06_Prat_Urgency_group3/pi-data_2025-08-25_13-05-06_Prat_Urgency_group3/box06/mic/20250825_134000.WAV,20250825_134000_subject059,059,M,Control,131236
/datastar/behavior_rooms/2CAP/2025-08-25_13-05-06_Prat_Urgency_group3/pi-data_2025-08-25_13-05-06_Prat_Urgency_group3/box06/mic/20250825_134500.WAV,20250825_134500_subject059,059,M,Control,131236
/datastar/behavior_rooms/2CAP/2025-08-25_13-05-06_Prat_Urgency_group3/pi-data_2025-08-25_13-05-06_Prat_Urgency_group3/box06/mic/20250825_135000.WAV,20250825_135000_subject059,059,M,Control,131236
/datastar/behavior_rooms/2CAP/2025-08-25_13-05-06_Prat_Urgency_group3/pi-data_2025-08-25_13-05-06_Prat_Urgency_group3/box06/mic/20250825_135500.WAV,20250825_135500_subject059,059,M,Control,131236
/datastar/behavior_rooms/2CAP/2025-08-25_13-05-06_Prat_Urgency_group3/pi-data_2025-08-25_13-05-06_Prat_Urgency_group3/box06/mic/20250825_140000.WAV,20250825_140000_subject059,059,M,Control,131236
/datastar/behavior_rooms/2CAP/2025-08-25_13-05-06_Prat_Urgency_group3/pi-data_2025-08-25_13-05-06_Prat_Urgency_group3/box06/mic/20250825_140500.WAV,20250825_140500_subject059,059,M,Control,131236
/datastar/behavior_rooms/2CAP/2025-08-25_13-05-06_Prat_Urgency_group3/pi-data_2025-08-25_13-05-06_Prat_Urgency_group3/box06/mic/20250825_141000.WAV,20250825_141000_subject059,059,M,Control,131236
/datastar/behavior_rooms/2CAP/2025-08-25_13-05-06_Prat_Urgency_group3/pi-data_2025-08-25_13-05-06_Prat_Urgency_group3/box04/mic/20250825_130824.WAV,20250825_130824_subject061_089,061_089,M,Control_EtOH,131133
/datastar/behavior_rooms/2CAP/2025-08-25_13-05-06_Prat_Urgency_group3/pi-data_2025-08-25_13-05-06_Prat_Urgency_group3/box04/mic/20250825_131000.WAV,20250825_131000_subject061_089,061_089,M,Control_EtOH,131133
/datastar/behavior_rooms/2CAP/2025-08-25_13-05-06_Prat_Urgency_group3/pi-data_2025-08-25_13-05-06_Prat_Urgency_group3/box04/mic/20250825_131500.WAV,20250825_131500_subject061_089,061_089,M,Control_EtOH,131133
/datastar/behavior_rooms/2CAP/2025-08-25_13-05-06_Prat_Urgency_group3/pi-data_2025-08-25_13-05-06_Prat_Urgency_group3/box04/mic/20250825_132000.WAV,20250825_132000_subject061_089,061_089,M,Control_EtOH,131133
/datastar/behavior_rooms/2CAP/2025-08-25_13-05-06_Prat_Urgency_group3/pi-data_2025-08-25_13-05-06_Prat_Urgency_group3/box04/mic/20250825_132500.WAV,20250825_132500_subject061_089,061_089,M,Control_EtOH,131133
/datastar/behavior_rooms/2CAP/2025-08-25_13-05-06_Prat_Urgency_group3/pi-data_2025-08-25_13-05-06_Prat_Urgency_group3/box04/mic/20250825_133000.WAV,20250825_133000_subject061_089,061_089,M,Control_EtOH,131133
/datastar/behavior_rooms/2CAP/2025-08-25_13-05-06_Prat_Urgency_group3/pi-data_2025-08-25_13-05-06_Prat_Urgency_group3/box04/mic/20250825_133500.WAV,20250825_133500_subject061_089,061_089,M,Control_EtOH,131133
/datastar/behavior_rooms/2CAP/2025-08-25_13-05-06_Prat_Urgency_group3/pi-data_2025-08-25_13-05-06_Prat_Urgency_group3/box04/mic/20250825_134000.WAV,20250825_134000_subject061_089,061_089,M,Control_EtOH,131133
/datastar/behavior_rooms/2CAP/2025-08-25_13-05-06_Prat_Urgency_group3/pi-data_2025-08-25_13-05-06_Prat_Urgency_group3/box04/mic/20250825_134500.WAV,20250825_134500_subject061_089,061_089,M,Control_EtOH,131133
/datastar/behavior_rooms/2CAP/2025-08-25_13-05-06_Prat_Urgency_group3/pi-data_2025-08-25_13-05-06_Prat_Urgency_group3/box04/mic/20250825_135000.WAV,20250825_135000_subject061_089,061_089,M,Control_EtOH,131133
/datastar/behavior_rooms/2CAP/2025-08-25_13-05-06_Prat_Urgency_group3/pi-data_2025-08-25_13-05-06_Prat_Urgency_group3/box04/mic/20250825_135500.WAV,20250825_135500_subject061_089,061_089,M,Control_EtOH,131133
/datastar/behavior_rooms/2CAP/2025-08-25_13-05-06_Prat_Urgency_group3/pi-data_2025-08-25_13-05-06_Prat_Urgency_group3/box04/mic/20250825_140000.WAV,20250825_140000_subject061_089,061_089,M,Control_EtOH,131133
/datastar/behavior_rooms/2CAP/2025-08-25_13-05-06_Prat_Urgency_group3/pi-data_2025-08-25_13-05-06_Prat_Urgency_group3/box04/mic/20250825_140500.WAV,20250825_140500_subject061_089,061_089,M,Control_EtOH,131133
/datastar/behavior_rooms/2CAP/2025-08-25_13-05-06_Prat_Urgency_group3/pi-data_2025-08-25_13-05-06_Prat_Urgency_group3/box04/mic/20250825_141000.WAV,20250825_141000_subject061_089,061_089,M,Control_EtOH,131133
/datastar/behavior_rooms/2CAP/2025-08-25_13-05-06_Prat_Urgency_group3/pi-data_2025-08-25_13-05-06_Prat_Urgency_group3/box03/mic/20250825_130824.WAV,20250825_130824_subject065_085,065_085,M,Control_EtOH,131051
/datastar/behavior_rooms/2CAP/2025-08-25_13-05-06_Prat_Urgency_group3/pi-data_2025-08-25_13-05-06_Prat_Urgency_group3/box03/mic/20250825_131000.WAV,20250825_131000_subject065_085,065_085,M,Control_EtOH,131051
/datastar/behavior_rooms/2CAP/2025-08-25_13-05-06_Prat_Urgency_group3/pi-data_2025-08-25_13-05-06_Prat_Urgency_group3/box03/mic/20250825_131500.WAV,20250825_131500_subject065_085,065_085,M,Control_EtOH,131051
/datastar/behavior_rooms/2CAP/2025-08-25_13-05-06_Prat_Urgency_group3/pi-data_2025-08-25_13-05-06_Prat_Urgency_group3/box03/mic/20250825_132000.WAV,20250825_132000_subject065_085,065_085,M,Control_EtOH,131051
/datastar/behavior_rooms/2CAP/2025-08-25_13-05-06_Prat_Urgency_group3/pi-data_2025-08-25_13-05-06_Prat_Urgency_group3/box03/mic/20250825_132500.WAV,20250825_132500_subject065_085,065_085,M,Control_EtOH,131051
/datastar/behavior_rooms/2CAP/2025-08-25_13-05-06_Prat_Urgency_group3/pi-data_2025-08-25_13-05-06_Prat_Urgency_group3/box03/mic/20250825_133000.WAV,20250825_133000_subject065_085,065_085,M,Control_EtOH,131051
/datastar/behavior_rooms/2CAP/2025-08-25_13-05-06_Prat_Urgency_group3/pi-data_2025-08-25_13-05-06_Prat_Urgency_group3/box03/mic/20250825_133500.WAV,20250825_133500_subject065_085,065_085,M,Control_EtOH,131051
/datastar/behavior_rooms/2CAP/2025-08-25_13-05-06_Prat_Urgency_group3/pi-data_2025-08-25_13-05-06_Prat_Urgency_group3/box03/mic/20250825_134000.WAV,20250825_134000_subject065_085,065_085,M,Control_EtOH,131051
/datastar/behavior_rooms/2CAP/2025-08-25_13-05-06_Prat_Urgency_group3/pi-data_2025-08-25_13-05-06_Prat_Urgency_group3/box03/mic/20250825_134500.WAV,20250825_134500_subject065_085,065_085,M,Control_EtOH,131051
/datastar/behavior_rooms/2CAP/2025-08-25_13-05-06_Prat_Urgency_group3/pi-data_2025-08-25_13-05-06_Prat_Urgency_group3/box03/mic/20250825_135000.WAV,20250825_135000_subject065_085,065_085,M,Control_EtOH,131051
/datastar/behavior_rooms/2CAP/2025-08-25_13-05-06_Prat_Urgency_group3/pi-data_2025-08-25_13-05-06_Prat_Urgency_group3/box03/mic/20250825_135500.WAV,20250825_135500_subject065_085,065_085,M,Control_EtOH,131051
/datastar/behavior_rooms/2CAP/2025-08-25_13-05-06_Prat_Urgency_group3/pi-data_2025-08-25_13-05-06_Prat_Urgency_group3/box03/mic/20250825_140000.WAV,20250825_140000_subject065_085,065_085,M,Control_EtOH,131051
/datastar/behavior_rooms/2CAP/2025-08-25_13-05-06_Prat_Urgency_group3/pi-data_2025-08-25_13-05-06_Prat_Urgency_group3/box03/mic/20250825_140500.WAV,20250825_140500_subject065_085,065_085,M,Control_EtOH,131051
/datastar/behavior_rooms/2CAP/2025-08-25_13-05-06_Prat_Urgency_group3/pi-data_2025-08-25_13-05-06_Prat_Urgency_group3/box03/mic/20250825_141000.WAV,20250825_141000_subject065_085,065_085,M,Control_EtOH,131051
/datastar/behavior_rooms/2CAP/2025-08-25_13-05-06_Prat_Urgency_group3/pi-data_2025-08-25_13-05-06_Prat_Urgency_group3/box02/mic/20250825_130824.WAV,20250825_130824_subject072_076,072_076,F,Control_Control,131005
/datastar/behavior_rooms/2CAP/2025-08-25_13-05-06_Prat_Urgency_group3/pi-data_2025-08-25_13-05-06_Prat_Urgency_group3/box02/mic/20250825_131000.WAV,20250825_131000_subject072_076,072_076,F,Control_Control,131005
/datastar/behavior_rooms/2CAP/2025-08-25_13-05-06_Prat_Urgency_group3/pi-data_2025-08-25_13-05-06_Prat_Urgency_group3/box02/mic/20250825_131500.WAV,20250825_131500_subject072_076,072_076,F,Control_Control,131005
/datastar/behavior_rooms/2CAP/2025-08-25_13-05-06_Prat_Urgency_group3/pi-data_2025-08-25_13-05-06_Prat_Urgency_group3/box02/mic/20250825_132000.WAV,20250825_132000_subject072_076,072_076,F,Control_Control,131005
/datastar/behavior_rooms/2CAP/2025-08-25_13-05-06_Prat_Urgency_group3/pi-data_2025-08-25_13-05-06_Prat_Urgency_group3/box02/mic/20250825_132500.WAV,20250825_132500_subject072_076,072_076,F,Control_Control,131005
/datastar/behavior_rooms/2CAP/2025-08-25_13-05-06_Prat_Urgency_group3/pi-data_2025-08-25_13-05-06_Prat_Urgency_group3/box02/mic/20250825_133000.WAV,20250825_133000_subject072_076,072_076,F,Control_Control,131005
/datastar/behavior_rooms/2CAP/2025-08-25_13-05-06_Prat_Urgency_group3/pi-data_2025-08-25_13-05-06_Prat_Urgency_group3/box02/mic/20250825_133500.WAV,20250825_133500_subject072_076,072_076,F,Control_Control,131005
/datastar/behavior_rooms/2CAP/2025-08-25_13-05-06_Prat_Urgency_group3/pi-data_2025-08-25_13-05-06_Prat_Urgency_group3/box02/mic/20250825_134000.WAV,20250825_134000_subject072_076,072_076,F,Control_Control,131005
/datastar/behavior_rooms/2CAP/2025-08-25_13-05-06_Prat_Urgency_group3/pi-data_2025-08-25_13-05-06_Prat_Urgency_group3/box02/mic/20250825_134500.WAV,20250825_134500_subject072_076,072_076,F,Control_Control,131005
/datastar/behavior_rooms/2CAP/2025-08-25_13-05-06_Prat_Urgency_group3/pi-data_2025-08-25_13-05-06_Prat_Urgency_group3/box02/mic/20250825_135000.WAV,20250825_135000_subject072_076,072_076,F,Control_Control,131005
/datastar/behavior_rooms/2CAP/2025-08-25_13-05-06_Prat_Urgency_group3/pi-data_2025-08-25_13-05-06_Prat_Urgency_group3/box02/mic/20250825_135500.WAV,20250825_135500_subject072_076,072_076,F,Control_Control,131005
/datastar/behavior_rooms/2CAP/2025-08-25_13-05-06_Prat_Urgency_group3/pi-data_2025-08-25_13-05-06_Prat_Urgency_group3/box02/mic/20250825_140000.WAV,20250825_140000_subject072_076,072_076,F,Control_Control,131005
/datastar/behavior_rooms/2CAP/2025-08-25_13-05-06_Prat_Urgency_group3/pi-data_2025-08-25_13-05-06_Prat_Urgency_group3/box02/mic/20250825_140500.WAV,20250825_140500_subject072_076,072_076,F,Control_Control,131005
/datastar/behavior_rooms/2CAP/2025-08-25_13-05-06_Prat_Urgency_group3/pi-data_2025-08-25_13-05-06_Prat_Urgency_group3/box02/mic/20250825_141000.WAV,20250825_141000_subject072_076,072_076,F,Control_Control,131005
/datastar/behavior_rooms/2CAP/2025-08-25_13-05-06_Prat_Urgency_group3/pi-data_2025-08-25_13-05-06_Prat_Urgency_group3/box05/mic/20250825_130824.WAV,20250825_130824_subject082_080,082_080,F,EtOH_EtOH,131211
/datastar/behavior_rooms/2CAP/2025-08-25_13-05-06_Prat_Urgency_group3/pi-data_2025-08-25_13-05-06_Prat_Urgency_group3/box05/mic/20250825_131000.WAV,20250825_131000_subject082_080,082_080,F,EtOH_EtOH,131211
/datastar/behavior_rooms/2CAP/2025-08-25_13-05-06_Prat_Urgency_group3/pi-data_2025-08-25_13-05-06_Prat_Urgency_group3/box05/mic/20250825_131500.WAV,20250825_131500_subject082_080,082_080,F,EtOH_EtOH,131211
/datastar/behavior_rooms/2CAP/2025-08-25_13-05-06_Prat_Urgency_group3/pi-data_2025-08-25_13-05-06_Prat_Urgency_group3/box05/mic/20250825_132000.WAV,20250825_132000_subject082_080,082_080,F,EtOH_EtOH,131211
/datastar/behavior_rooms/2CAP/2025-08-25_13-05-06_Prat_Urgency_group3/pi-data_2025-08-25_13-05-06_Prat_Urgency_group3/box05/mic/20250825_132500.WAV,20250825_132500_subject082_080,082_080,F,EtOH_EtOH,131211
/datastar/behavior_rooms/2CAP/2025-08-25_13-05-06_Prat_Urgency_group3/pi-data_2025-08-25_13-05-06_Prat_Urgency_group3/box05/mic/20250825_133000.WAV,20250825_133000_subject082_080,082_080,F,EtOH_EtOH,131211
/datastar/behavior_rooms/2CAP/2025-08-25_13-05-06_Prat_Urgency_group3/pi-data_2025-08-25_13-05-06_Prat_Urgency_group3/box05/mic/20250825_133500.WAV,20250825_133500_subject082_080,082_080,F,EtOH_EtOH,131211
/datastar/behavior_rooms/2CAP/2025-08-25_13-05-06_Prat_Urgency_group3/pi-data_2025-08-25_13-05-06_Prat_Urgency_group3/box05/mic/20250825_134000.WAV,20250825_134000_subject082_080,082_080,F,EtOH_EtOH,131211
/datastar/behavior_rooms/2CAP/2025-08-25_13-05-06_Prat_Urgency_group3/pi-data_2025-08-25_13-05-06_Prat_Urgency_group3/box05/mic/20250825_134500.WAV,20250825_134500_subject082_080,082_080,F,EtOH_EtOH,131211
/datastar/behavior_rooms/2CAP/2025-08-25_13-05-06_Prat_Urgency_group3/pi-data_2025-08-25_13-05-06_Prat_Urgency_group3/box05/mic/20250825_135000.WAV,20250825_135000_subject082_080,082_080,F,EtOH_EtOH,131211
/datastar/behavior_rooms/2CAP/2025-08-25_13-05-06_Prat_Urgency_group3/pi-data_2025-08-25_13-05-06_Prat_Urgency_group3/box05/mic/20250825_135500.WAV,20250825_135500_subject082_080,082_080,F,EtOH_EtOH,131211
/datastar/behavior_rooms/2CAP/2025-08-25_13-05-06_Prat_Urgency_group3/pi-data_2025-08-25_13-05-06_Prat_Urgency_group3/box05/mic/20250825_140000.WAV,20250825_140000_subject082_080,082_080,F,EtOH_EtOH,131211
/datastar/behavior_rooms/2CAP/2025-08-25_13-05-06_Prat_Urgency_group3/pi-data_2025-08-25_13-05-06_Prat_Urgency_group3/box05/mic/20250825_140500.WAV,20250825_140500_subject082_080,082_080,F,EtOH_EtOH,131211
/datastar/behavior_rooms/2CAP/2025-08-25_13-05-06_Prat_Urgency_group3/pi-data_2025-08-25_13-05-06_Prat_Urgency_group3/box05/mic/20250825_141000.WAV,20250825_141000_subject082_080,082_080,F,EtOH_EtOH,131211
/datastar/behavior_rooms/2CAP/2025-08-25_13-05-06_Prat_Urgency_group3/pi-data_2025-08-25_13-05-06_Prat_Urgency_group3/box01/mic/20250825_130824.WAV,20250825_130824_subject090,090,F,EtOH,130922
/datastar/behavior_rooms/2CAP/2025-08-25_13-05-06_Prat_Urgency_group3/pi-data_2025-08-25_13-05-06_Prat_Urgency_group3/box01/mic/20250825_131000.WAV,20250825_131000_subject090,090,F,EtOH,130922
/datastar/behavior_rooms/2CAP/2025-08-25_13-05-06_Prat_Urgency_group3/pi-data_2025-08-25_13-05-06_Prat_Urgency_group3/box01/mic/20250825_131500.WAV,20250825_131500_subject090,090,F,EtOH,130922
/datastar/behavior_rooms/2CAP/2025-08-25_13-05-06_Prat_Urgency_group3/pi-data_2025-08-25_13-05-06_Prat_Urgency_group3/box01/mic/20250825_132000.WAV,20250825_132000_subject090,090,F,EtOH,130922
/datastar/behavior_rooms/2CAP/2025-08-25_13-05-06_Prat_Urgency_group3/pi-data_2025-08-25_13-05-06_Prat_Urgency_group3/box01/mic/20250825_132500.WAV,20250825_132500_subject090,090,F,EtOH,130922
/datastar/behavior_rooms/2CAP/2025-08-25_13-05-06_Prat_Urgency_group3/pi-data_2025-08-25_13-05-06_Prat_Urgency_group3/box01/mic/20250825_133000.WAV,20250825_133000_subject090,090,F,EtOH,130922
/datastar/behavior_rooms/2CAP/2025-08-25_13-05-06_Prat_Urgency_group3/pi-data_2025-08-25_13-05-06_Prat_Urgency_group3/box01/mic/20250825_133500.WAV,20250825_133500_subject090,090,F,EtOH,130922
/datastar/behavior_rooms/2CAP/2025-08-25_13-05-06_Prat_Urgency_group3/pi-data_2025-08-25_13-05-06_Prat_Urgency_group3/box01/mic/20250825_134000.WAV,20250825_134000_subject090,090,F,EtOH,130922
/datastar/behavior_rooms/2CAP/2025-08-25_13-05-06_Prat_Urgency_group3/pi-data_2025-08-25_13-05-06_Prat_Urgency_group3/box01/mic/20250825_134500.WAV,20250825_134500_subject090,090,F,EtOH,130922
/datastar/behavior_rooms/2CAP/2025-08-25_13-05-06_Prat_Urgency_group3/pi-data_2025-08-25_13-05-06_Prat_Urgency_group3/box01/mic/20250825_135000.WAV,20250825_135000_subject090,090,F,EtOH,130922
/datastar/behavior_rooms/2CAP/2025-08-25_13-05-06_Prat_Urgency_group3/pi-data_2025-08-25_13-05-06_Prat_Urgency_group3/box01/mic/20250825_135500.WAV,20250825_135500_subject090,090,F,EtOH,130922
/datastar/behavior_rooms/2CAP/2025-08-25_13-05-06_Prat_Urgency_group3/pi-data_2025-08-25_13-05-06_Prat_Urgency_group3/box01/mic/20250825_140000.WAV,20250825_140000_subject090,090,F,EtOH,130922
/datastar/behavior_rooms/2CAP/2025-08-25_13-05-06_Prat_Urgency_group3/pi-data_2025-08-25_13-05-06_Prat_Urgency_group3/box01/mic/20250825_140500.WAV,20250825_140500_subject090,090,F,EtOH,130922
/datastar/behavior_rooms/2CAP/2025-08-25_13-05-06_Prat_Urgency_group3/pi-data_2025-08-25_13-05-06_Prat_Urgency_group3/box01/mic/20250825_141000.WAV,20250825_141000_subject090,090,F,EtOH,130922
/datastar/behavior_rooms/2CAP/2025-08-25_14-27-56_Prat_Urgency_group4/pi-data_2025-08-25_14-27-56_Prat_Urgency_group4/box03/mic/20250825_143452.WAV,20250825_143452_subject060_062,060_062,F,Control_Control,143724
/datastar/behavior_rooms/2CAP/2025-08-25_14-27-56_Prat_Urgency_group4/pi-data_2025-08-25_14-27-56_Prat_Urgency_group4/box03/mic/20250825_143500.WAV,20250825_143500_subject060_062,060_062,F,Control_Control,143724
/datastar/behavior_rooms/2CAP/2025-08-25_14-27-56_Prat_Urgency_group4/pi-data_2025-08-25_14-27-56_Prat_Urgency_group4/box03/mic/20250825_144000.WAV,20250825_144000_subject060_062,060_062,F,Control_Control,143724
/datastar/behavior_rooms/2CAP/2025-08-25_14-27-56_Prat_Urgency_group4/pi-data_2025-08-25_14-27-56_Prat_Urgency_group4/box03/mic/20250825_144500.WAV,20250825_144500_subject060_062,060_062,F,Control_Control,143724
/datastar/behavior_rooms/2CAP/2025-08-25_14-27-56_Prat_Urgency_group4/pi-data_2025-08-25_14-27-56_Prat_Urgency_group4/box03/mic/20250825_145000.WAV,20250825_145000_subject060_062,060_062,F,Control_Control,143724
/datastar/behavior_rooms/2CAP/2025-08-25_14-27-56_Prat_Urgency_group4/pi-data_2025-08-25_14-27-56_Prat_Urgency_group4/box03/mic/20250825_145500.WAV,20250825_145500_subject060_062,060_062,F,Control_Control,143724
/datastar/behavior_rooms/2CAP/2025-08-25_14-27-56_Prat_Urgency_group4/pi-data_2025-08-25_14-27-56_Prat_Urgency_group4/box03/mic/20250825_150000.WAV,20250825_150000_subject060_062,060_062,F,Control_Control,143724
/datastar/behavior_rooms/2CAP/2025-08-25_14-27-56_Prat_Urgency_group4/pi-data_2025-08-25_14-27-56_Prat_Urgency_group4/box03/mic/20250825_150500.WAV,20250825_150500_subject060_062,060_062,F,Control_Control,143724
/datastar/behavior_rooms/2CAP/2025-08-25_14-27-56_Prat_Urgency_group4/pi-data_2025-08-25_14-27-56_Prat_Urgency_group4/box03/mic/20250825_151000.WAV,20250825_151000_subject060_062,060_062,F,Control_Control,143724
/datastar/behavior_rooms/2CAP/2025-08-25_14-27-56_Prat_Urgency_group4/pi-data_2025-08-25_14-27-56_Prat_Urgency_group4/box03/mic/20250825_151500.WAV,20250825_151500_subject060_062,060_062,F,Control_Control,143724
/datastar/behavior_rooms/2CAP/2025-08-25_14-27-56_Prat_Urgency_group4/pi-data_2025-08-25_14-27-56_Prat_Urgency_group4/box03/mic/20250825_152000.WAV,20250825_152000_subject060_062,060_062,F,Control_Control,143724
/datastar/behavior_rooms/2CAP/2025-08-25_14-27-56_Prat_Urgency_group4/pi-data_2025-08-25_14-27-56_Prat_Urgency_group4/box03/mic/20250825_152500.WAV,20250825_152500_subject060_062,060_062,F,Control_Control,143724
/datastar/behavior_rooms/2CAP/2025-08-25_14-27-56_Prat_Urgency_group4/pi-data_2025-08-25_14-27-56_Prat_Urgency_group4/box03/mic/20250825_153000.WAV,20250825_153000_subject060_062,060_062,F,Control_Control,143724
/datastar/behavior_rooms/2CAP/2025-08-25_14-27-56_Prat_Urgency_group4/pi-data_2025-08-25_14-27-56_Prat_Urgency_group4/box03/mic/20250825_153500.WAV,20250825_153500_subject060_062,060_062,F,Control_Control,143724
/datastar/behavior_rooms/2CAP/2025-08-25_14-27-56_Prat_Urgency_group4/pi-data_2025-08-25_14-27-56_Prat_Urgency_group4/box02/mic/20250825_143453.WAV,20250825_143453_subject067_091,067_091,M,Control_EtOH,143647
/datastar/behavior_rooms/2CAP/2025-08-25_14-27-56_Prat_Urgency_group4/pi-data_2025-08-25_14-27-56_Prat_Urgency_group4/box02/mic/20250825_143500.WAV,20250825_143500_subject067_091,067_091,M,Control_EtOH,143647
/datastar/behavior_rooms/2CAP/2025-08-25_14-27-56_Prat_Urgency_group4/pi-data_2025-08-25_14-27-56_Prat_Urgency_group4/box02/mic/20250825_144000.WAV,20250825_144000_subject067_091,067_091,M,Control_EtOH,143647
/datastar/behavior_rooms/2CAP/2025-08-25_14-27-56_Prat_Urgency_group4/pi-data_2025-08-25_14-27-56_Prat_Urgency_group4/box02/mic/20250825_144500.WAV,20250825_144500_subject067_091,067_091,M,Control_EtOH,143647
/datastar/behavior_rooms/2CAP/2025-08-25_14-27-56_Prat_Urgency_group4/pi-data_2025-08-25_14-27-56_Prat_Urgency_group4/box02/mic/20250825_145000.WAV,20250825_145000_subject067_091,067_091,M,Control_EtOH,143647
/datastar/behavior_rooms/2CAP/2025-08-25_14-27-56_Prat_Urgency_group4/pi-data_2025-08-25_14-27-56_Prat_Urgency_group4/box02/mic/20250825_145500.WAV,20250825_145500_subject067_091,067_091,M,Control_EtOH,143647
/datastar/behavior_rooms/2CAP/2025-08-25_14-27-56_Prat_Urgency_group4/pi-data_2025-08-25_14-27-56_Prat_Urgency_group4/box02/mic/20250825_150000.WAV,20250825_150000_subject067_091,067_091,M,Control_EtOH,143647
/datastar/behavior_rooms/2CAP/2025-08-25_14-27-56_Prat_Urgency_group4/pi-data_2025-08-25_14-27-56_Prat_Urgency_group4/box02/mic/20250825_150500.WAV,20250825_150500_subject067_091,067_091,M,Control_EtOH,143647
/datastar/behavior_rooms/2CAP/2025-08-25_14-27-56_Prat_Urgency_group4/pi-data_2025-08-25_14-27-56_Prat_Urgency_group4/box02/mic/20250825_151000.WAV,20250825_151000_subject067_091,067_091,M,Control_EtOH,143647
/datastar/behavior_rooms/2CAP/2025-08-25_14-27-56_Prat_Urgency_group4/pi-data_2025-08-25_14-27-56_Prat_Urgency_group4/box02/mic/20250825_151500.WAV,20250825_151500_subject067_091,067_091,M,Control_EtOH,143647
/datastar/behavior_rooms/2CAP/2025-08-25_14-27-56_Prat_Urgency_group4/pi-data_2025-08-25_14-27-56_Prat_Urgency_group4/box02/mic/20250825_152000.WAV,20250825_152000_subject067_091,067_091,M,Control_EtOH,143647
/datastar/behavior_rooms/2CAP/2025-08-25_14-27-56_Prat_Urgency_group4/pi-data_2025-08-25_14-27-56_Prat_Urgency_group4/box02/mic/20250825_152500.WAV,20250825_152500_subject067_091,067_091,M,Control_EtOH,143647
/datastar/behavior_rooms/2CAP/2025-08-25_14-27-56_Prat_Urgency_group4/pi-data_2025-08-25_14-27-56_Prat_Urgency_group4/box02/mic/20250825_153000.WAV,20250825_153000_subject067_091,067_091,M,Control_EtOH,143647
/datastar/behavior_rooms/2CAP/2025-08-25_14-27-56_Prat_Urgency_group4/pi-data_2025-08-25_14-27-56_Prat_Urgency_group4/box02/mic/20250825_153500.WAV,20250825_153500_subject067_091,067_091,M,Control_EtOH,143647
/datastar/behavior_rooms/2CAP/2025-08-25_14-27-56_Prat_Urgency_group4/pi-data_2025-08-25_14-27-56_Prat_Urgency_group4/box01/mic/20250825_143453.WAV,20250825_143453_subject069_073,069_073,M,Control_Control,143610
/datastar/behavior_rooms/2CAP/2025-08-25_14-27-56_Prat_Urgency_group4/pi-data_2025-08-25_14-27-56_Prat_Urgency_group4/box01/mic/20250825_143500.WAV,20250825_143500_subject069_073,069_073,M,Control_Control,143610
/datastar/behavior_rooms/2CAP/2025-08-25_14-27-56_Prat_Urgency_group4/pi-data_2025-08-25_14-27-56_Prat_Urgency_group4/box01/mic/20250825_144000.WAV,20250825_144000_subject069_073,069_073,M,Control_Control,143610
/datastar/behavior_rooms/2CAP/2025-08-25_14-27-56_Prat_Urgency_group4/pi-data_2025-08-25_14-27-56_Prat_Urgency_group4/box01/mic/20250825_144500.WAV,20250825_144500_subject069_073,069_073,M,Control_Control,143610
/datastar/behavior_rooms/2CAP/2025-08-25_14-27-56_Prat_Urgency_group4/pi-data_2025-08-25_14-27-56_Prat_Urgency_group4/box01/mic/20250825_145000.WAV,20250825_145000_subject069_073,069_073,M,Control_Control,143610
/datastar/behavior_rooms/2CAP/2025-08-25_14-27-56_Prat_Urgency_group4/pi-data_2025-08-25_14-27-56_Prat_Urgency_group4/box01/mic/20250825_145500.WAV,20250825_145500_subject069_073,069_073,M,Control_Control,143610
/datastar/behavior_rooms/2CAP/2025-08-25_14-27-56_Prat_Urgency_group4/pi-data_2025-08-25_14-27-56_Prat_Urgency_group4/box01/mic/20250825_150000.WAV,20250825_150000_subject069_073,069_073,M,Control_Control,143610
/datastar/behavior_rooms/2CAP/2025-08-25_14-27-56_Prat_Urgency_group4/pi-data_2025-08-25_14-27-56_Prat_Urgency_group4/box01/mic/20250825_150500.WAV,20250825_150500_subject069_073,069_073,M,Control_Control,143610
/datastar/behavior_rooms/2CAP/2025-08-25_14-27-56_Prat_Urgency_group4/pi-data_2025-08-25_14-27-56_Prat_Urgency_group4/box01/mic/20250825_151000.WAV,20250825_151000_subject069_073,069_073,M,Control_Control,143610
/datastar/behavior_rooms/2CAP/2025-08-25_14-27-56_Prat_Urgency_group4/pi-data_2025-08-25_14-27-56_Prat_Urgency_group4/box01/mic/20250825_151500.WAV,20250825_151500_subject069_073,069_073,M,Control_Control,143610
/datastar/behavior_rooms/2CAP/2025-08-25_14-27-56_Prat_Urgency_group4/pi-data_2025-08-25_14-27-56_Prat_Urgency_group4/box01/mic/20250825_152000.WAV,20250825_152000_subject069_073,069_073,M,Control_Control,143610
/datastar/behavior_rooms/2CAP/2025-08-25_14-27-56_Prat_Urgency_group4/pi-data_2025-08-25_14-27-56_Prat_Urgency_group4/box01/mic/20250825_152500.WAV,20250825_152500_subject069_073,069_073,M,Control_Control,143610
/datastar/behavior_rooms/2CAP/2025-08-25_14-27-56_Prat_Urgency_group4/pi-data_2025-08-25_14-27-56_Prat_Urgency_group4/box01/mic/20250825_153000.WAV,20250825_153000_subject069_073,069_073,M,Control_Control,143610
/datastar/behavior_rooms/2CAP/2025-08-25_14-27-56_Prat_Urgency_group4/pi-data_2025-08-25_14-27-56_Prat_Urgency_group4/box01/mic/20250825_153500.WAV,20250825_153500_subject069_073,069_073,M,Control_Control,143610
/datastar/behavior_rooms/2CAP/2025-08-25_14-27-56_Prat_Urgency_group4/pi-data_2025-08-25_14-27-56_Prat_Urgency_group4/box04/mic/20250825_143453.WAV,20250825_143453_subject084_096,084_096,F,EtOH_EtOH,143805
/datastar/behavior_rooms/2CAP/2025-08-25_14-27-56_Prat_Urgency_group4/pi-data_2025-08-25_14-27-56_Prat_Urgency_group4/box04/mic/20250825_143500.WAV,20250825_143500_subject084_096,084_096,F,EtOH_EtOH,143805
/datastar/behavior_rooms/2CAP/2025-08-25_14-27-56_Prat_Urgency_group4/pi-data_2025-08-25_14-27-56_Prat_Urgency_group4/box04/mic/20250825_144000.WAV,20250825_144000_subject084_096,084_096,F,EtOH_EtOH,143805
/datastar/behavior_rooms/2CAP/2025-08-25_14-27-56_Prat_Urgency_group4/pi-data_2025-08-25_14-27-56_Prat_Urgency_group4/box04/mic/20250825_144500.WAV,20250825_144500_subject084_096,084_096,F,EtOH_EtOH,143805
/datastar/behavior_rooms/2CAP/2025-08-25_14-27-56_Prat_Urgency_group4/pi-data_2025-08-25_14-27-56_Prat_Urgency_group4/box04/mic/20250825_145000.WAV,20250825_145000_subject084_096,084_096,F,EtOH_EtOH,143805
/datastar/behavior_rooms/2CAP/2025-08-25_14-27-56_Prat_Urgency_group4/pi-data_2025-08-25_14-27-56_Prat_Urgency_group4/box04/mic/20250825_145500.WAV,20250825_145500_subject084_096,084_096,F,EtOH_EtOH,143805
/datastar/behavior_rooms/2CAP/2025-08-25_14-27-56_Prat_Urgency_group4/pi-data_2025-08-25_14-27-56_Prat_Urgency_group4/box04/mic/20250825_150000.WAV,20250825_150000_subject084_096,084_096,F,EtOH_EtOH,143805
/datastar/behavior_rooms/2CAP/2025-08-25_14-27-56_Prat_Urgency_group4/pi-data_2025-08-25_14-27-56_Prat_Urgency_group4/box04/mic/20250825_150500.WAV,20250825_150500_subject084_096,084_096,F,EtOH_EtOH,143805
/datastar/behavior_rooms/2CAP/2025-08-25_14-27-56_Prat_Urgency_group4/pi-data_2025-08-25_14-27-56_Prat_Urgency_group4/box04/mic/20250825_151000.WAV,20250825_151000_subject084_096,084_096,F,EtOH_EtOH,143805
/datastar/behavior_rooms/2CAP/2025-08-25_14-27-56_Prat_Urgency_group4/pi-data_2025-08-25_14-27-56_Prat_Urgency_group4/box04/mic/20250825_151500.WAV,20250825_151500_subject084_096,084_096,F,EtOH_EtOH,143805
/datastar/behavior_rooms/2CAP/2025-08-25_14-27-56_Prat_Urgency_group4/pi-data_2025-08-25_14-27-56_Prat_Urgency_group4/box04/mic/20250825_152000.WAV,20250825_152000_subject084_096,084_096,F,EtOH_EtOH,143805
/datastar/behavior_rooms/2CAP/2025-08-25_14-27-56_Prat_Urgency_group4/pi-data_2025-08-25_14-27-56_Prat_Urgency_group4/box04/mic/20250825_152500.WAV,20250825_152500_subject084_096,084_096,F,EtOH_EtOH,143805
/datastar/behavior_rooms/2CAP/2025-08-25_14-27-56_Prat_Urgency_group4/pi-data_2025-08-25_14-27-56_Prat_Urgency_group4/box04/mic/20250825_153000.WAV,20250825_153000_subject084_096,084_096,F,EtOH_EtOH,143805
/datastar/behavior_rooms/2CAP/2025-08-25_14-27-56_Prat_Urgency_group4/pi-data_2025-08-25_14-27-56_Prat_Urgency_group4/box04/mic/20250825_153500.WAV,20250825_153500_subject084_096,084_096,F,EtOH_EtOH,143805
/datastar/behavior_rooms/2CAP/2025-08-25_14-27-56_Prat_Urgency_group4/pi-data_2025-08-25_14-27-56_Prat_Urgency_group4/box06/mic/20250825_143453.WAV,20250825_143453_subject086_092,086_092,F,EtOH_EtOH,
/datastar/behavior_rooms/2CAP/2025-08-25_14-27-56_Prat_Urgency_group4/pi-data_2025-08-25_14-27-56_Prat_Urgency_group4/box06/mic/20250825_143500.WAV,20250825_143500_subject086_092,086_092,F,EtOH_EtOH,
/datastar/behavior_rooms/2CAP/2025-08-25_14-27-56_Prat_Urgency_group4/pi-data_2025-08-25_14-27-56_Prat_Urgency_group4/box06/mic/20250825_144000.WAV,20250825_144000_subject086_092,086_092,F,EtOH_EtOH,
/datastar/behavior_rooms/2CAP/2025-08-25_14-27-56_Prat_Urgency_group4/pi-data_2025-08-25_14-27-56_Prat_Urgency_group4/box06/mic/20250825_144500.WAV,20250825_144500_subject086_092,086_092,F,EtOH_EtOH,
/datastar/behavior_rooms/2CAP/2025-08-25_14-27-56_Prat_Urgency_group4/pi-data_2025-08-25_14-27-56_Prat_Urgency_group4/box06/mic/20250825_145000.WAV,20250825_145000_subject086_092,086_092,F,EtOH_EtOH,
/datastar/behavior_rooms/2CAP/2025-08-25_14-27-56_Prat_Urgency_group4/pi-data_2025-08-25_14-27-56_Prat_Urgency_group4/box06/mic/20250825_145500.WAV,20250825_145500_subject086_092,086_092,F,EtOH_EtOH,
/datastar/behavior_rooms/2CAP/2025-08-25_14-27-56_Prat_Urgency_group4/pi-data_2025-08-25_14-27-56_Prat_Urgency_group4/box06/mic/20250825_150000.WAV,20250825_150000_subject086_092,086_092,F,EtOH_EtOH,
/datastar/behavior_rooms/2CAP/2025-08-25_14-27-56_Prat_Urgency_group4/pi-data_2025-08-25_14-27-56_Prat_Urgency_group4/box06/mic/20250825_150500.WAV,20250825_150500_subject086_092,086_092,F,EtOH_EtOH,
/datastar/behavior_rooms/2CAP/2025-08-25_14-27-56_Prat_Urgency_group4/pi-data_2025-08-25_14-27-56_Prat_Urgency_group4/box06/mic/20250825_151000.WAV,20250825_151000_subject086_092,086_092,F,EtOH_EtOH,
/datastar/behavior_rooms/2CAP/2025-08-25_14-27-56_Prat_Urgency_group4/pi-data_2025-08-25_14-27-56_Prat_Urgency_group4/box06/mic/20250825_151500.WAV,20250825_151500_subject086_092,086_092,F,EtOH_EtOH,
/datastar/behavior_rooms/2CAP/2025-08-25_14-27-56_Prat_Urgency_group4/pi-data_2025-08-25_14-27-56_Prat_Urgency_group4/box06/mic/20250825_152000.WAV,20250825_152000_subject086_092,086_092,F,EtOH_EtOH,
/datastar/behavior_rooms/2CAP/2025-08-25_14-27-56_Prat_Urgency_group4/pi-data_2025-08-25_14-27-56_Prat_Urgency_group4/box06/mic/20250825_152500.WAV,20250825_152500_subject086_092,086_092,F,EtOH_EtOH,
/datastar/behavior_rooms/2CAP/2025-08-25_14-27-56_Prat_Urgency_group4/pi-data_2025-08-25_14-27-56_Prat_Urgency_group4/box06/mic/20250825_153000.WAV,20250825_153000_subject086_092,086_092,F,EtOH_EtOH,
/datastar/behavior_rooms/2CAP/2025-08-25_14-27-56_Prat_Urgency_group4/pi-data_2025-08-25_14-27-56_Prat_Urgency_group4/box06/mic/20250825_153500.WAV,20250825_153500_subject086_092,086_092,F,EtOH_EtOH,
/datastar/behavior_rooms/2CAP/2025-08-26_09-42-22_Prat_Urgency_group1/pi-data_2025-08-26_09-42-22_Prat_Urgency_group1/box04/mic/20250826_100416.WAV,20250826_100416_subject071_077,071_077,M,Control_Control,100610
/datastar/behavior_rooms/2CAP/2025-08-26_09-42-22_Prat_Urgency_group1/pi-data_2025-08-26_09-42-22_Prat_Urgency_group1/box04/mic/20250826_100500.WAV,20250826_100500_subject071_077,071_077,M,Control_Control,100610
/datastar/behavior_rooms/2CAP/2025-08-26_09-42-22_Prat_Urgency_group1/pi-data_2025-08-26_09-42-22_Prat_Urgency_group1/box04/mic/20250826_101000.WAV,20250826_101000_subject071_077,071_077,M,Control_Control,100610
/datastar/behavior_rooms/2CAP/2025-08-26_09-42-22_Prat_Urgency_group1/pi-data_2025-08-26_09-42-22_Prat_Urgency_group1/box04/mic/20250826_101500.WAV,20250826_101500_subject071_077,071_077,M,Control_Control,100610
/datastar/behavior_rooms/2CAP/2025-08-26_09-42-22_Prat_Urgency_group1/pi-data_2025-08-26_09-42-22_Prat_Urgency_group1/box04/mic/20250826_102000.WAV,20250826_102000_subject071_077,071_077,M,Control_Control,100610
/datastar/behavior_rooms/2CAP/2025-08-26_09-42-22_Prat_Urgency_group1/pi-data_2025-08-26_09-42-22_Prat_Urgency_group1/box04/mic/20250826_102500.WAV,20250826_102500_subject071_077,071_077,M,Control_Control,100610
/datastar/behavior_rooms/2CAP/2025-08-26_09-42-22_Prat_Urgency_group1/pi-data_2025-08-26_09-42-22_Prat_Urgency_group1/box04/mic/20250826_103000.WAV,20250826_103000_subject071_077,071_077,M,Control_Control,100610
/datastar/behavior_rooms/2CAP/2025-08-26_09-42-22_Prat_Urgency_group1/pi-data_2025-08-26_09-42-22_Prat_Urgency_group1/box04/mic/20250826_103500.WAV,20250826_103500_subject071_077,071_077,M,Control_Control,100610
/datastar/behavior_rooms/2CAP/2025-08-26_09-42-22_Prat_Urgency_group1/pi-data_2025-08-26_09-42-22_Prat_Urgency_group1/box04/mic/20250826_104000.WAV,20250826_104000_subject071_077,071_077,M,Control_Control,100610
/datastar/behavior_rooms/2CAP/2025-08-26_09-42-22_Prat_Urgency_group1/pi-data_2025-08-26_09-42-22_Prat_Urgency_group1/box04/mic/20250826_104500.WAV,20250826_104500_subject071_077,071_077,M,Control_Control,100610
/datastar/behavior_rooms/2CAP/2025-08-26_09-42-22_Prat_Urgency_group1/pi-data_2025-08-26_09-42-22_Prat_Urgency_group1/box04/mic/20250826_105000.WAV,20250826_105000_subject071_077,071_077,M,Control_Control,100610
/datastar/behavior_rooms/2CAP/2025-08-26_09-42-22_Prat_Urgency_group1/pi-data_2025-08-26_09-42-22_Prat_Urgency_group1/box04/mic/20250826_105500.WAV,20250826_105500_subject071_077,071_077,M,Control_Control,100610
/datastar/behavior_rooms/2CAP/2025-08-26_09-42-22_Prat_Urgency_group1/pi-data_2025-08-26_09-42-22_Prat_Urgency_group1/box04/mic/20250826_110000.WAV,20250826_110000_subject071_077,071_077,M,Control_Control,100610
/datastar/behavior_rooms/2CAP/2025-08-26_09-42-22_Prat_Urgency_group1/pi-data_2025-08-26_09-42-22_Prat_Urgency_group1/box04/mic/20250826_110500.WAV,20250826_110500_subject071_077,071_077,M,Control_Control,100610
/datastar/behavior_rooms/2CAP/2025-08-26_09-42-22_Prat_Urgency_group1/pi-data_2025-08-26_09-42-22_Prat_Urgency_group1/box03/mic/20250826_100416.WAV,20250826_100416_subject075_097,075_097,M,Control_EtOH,100517
/datastar/behavior_rooms/2CAP/2025-08-26_09-42-22_Prat_Urgency_group1/pi-data_2025-08-26_09-42-22_Prat_Urgency_group1/box03/mic/20250826_100500.WAV,20250826_100500_subject075_097,075_097,M,Control_EtOH,100517
/datastar/behavior_rooms/2CAP/2025-08-26_09-42-22_Prat_Urgency_group1/pi-data_2025-08-26_09-42-22_Prat_Urgency_group1/box03/mic/20250826_101000.WAV,20250826_101000_subject075_097,075_097,M,Control_EtOH,100517
/datastar/behavior_rooms/2CAP/2025-08-26_09-42-22_Prat_Urgency_group1/pi-data_2025-08-26_09-42-22_Prat_Urgency_group1/box03/mic/20250826_101500.WAV,20250826_101500_subject075_097,075_097,M,Control_EtOH,100517
/datastar/behavior_rooms/2CAP/2025-08-26_09-42-22_Prat_Urgency_group1/pi-data_2025-08-26_09-42-22_Prat_Urgency_group1/box03/mic/20250826_102000.WAV,20250826_102000_subject075_097,075_097,M,Control_EtOH,100517
/datastar/behavior_rooms/2CAP/2025-08-26_09-42-22_Prat_Urgency_group1/pi-data_2025-08-26_09-42-22_Prat_Urgency_group1/box03/mic/20250826_102500.WAV,20250826_102500_subject075_097,075_097,M,Control_EtOH,100517
/datastar/behavior_rooms/2CAP/2025-08-26_09-42-22_Prat_Urgency_group1/pi-data_2025-08-26_09-42-22_Prat_Urgency_group1/box03/mic/20250826_103000.WAV,20250826_103000_subject075_097,075_097,M,Control_EtOH,100517
/datastar/behavior_rooms/2CAP/2025-08-26_09-42-22_Prat_Urgency_group1/pi-data_2025-08-26_09-42-22_Prat_Urgency_group1/box03/mic/20250826_103500.WAV,20250826_103500_subject075_097,075_097,M,Control_EtOH,100517
/datastar/behavior_rooms/2CAP/2025-08-26_09-42-22_Prat_Urgency_group1/pi-data_2025-08-26_09-42-22_Prat_Urgency_group1/box03/mic/20250826_104000.WAV,20250826_104000_subject075_097,075_097,M,Control_EtOH,100517
/datastar/behavior_rooms/2CAP/2025-08-26_09-42-22_Prat_Urgency_group1/pi-data_2025-08-26_09-42-22_Prat_Urgency_group1/box03/mic/20250826_104500.WAV,20250826_104500_subject075_097,075_097,M,Control_EtOH,100517
/datastar/behavior_rooms/2CAP/2025-08-26_09-42-22_Prat_Urgency_group1/pi-data_2025-08-26_09-42-22_Prat_Urgency_group1/box03/mic/20250826_105000.WAV,20250826_105000_subject075_097,075_097,M,Control_EtOH,100517
/datastar/behavior_rooms/2CAP/2025-08-26_09-42-22_Prat_Urgency_group1/pi-data_2025-08-26_09-42-22_Prat_Urgency_group1/box03/mic/20250826_105500.WAV,20250826_105500_subject075_097,075_097,M,Control_EtOH,100517
/datastar/behavior_rooms/2CAP/2025-08-26_09-42-22_Prat_Urgency_group1/pi-data_2025-08-26_09-42-22_Prat_Urgency_group1/box03/mic/20250826_110000.WAV,20250826_110000_subject075_097,075_097,M,Control_EtOH,100517
/datastar/behavior_rooms/2CAP/2025-08-26_09-42-22_Prat_Urgency_group1/pi-data_2025-08-26_09-42-22_Prat_Urgency_group1/box03/mic/20250826_110500.WAV,20250826_110500_subject075_097,075_097,M,Control_EtOH,100517
/datastar/behavior_rooms/2CAP/2025-08-26_09-42-22_Prat_Urgency_group1/pi-data_2025-08-26_09-42-22_Prat_Urgency_group1/box02/mic/20250826_100415.WAV,20250826_100415_subject078_074,078_074,F,Control_Control,100446
/datastar/behavior_rooms/2CAP/2025-08-26_09-42-22_Prat_Urgency_group1/pi-data_2025-08-26_09-42-22_Prat_Urgency_group1/box02/mic/20250826_100500.WAV,20250826_100500_subject078_074,078_074,F,Control_Control,100446
/datastar/behavior_rooms/2CAP/2025-08-26_09-42-22_Prat_Urgency_group1/pi-data_2025-08-26_09-42-22_Prat_Urgency_group1/box02/mic/20250826_101000.WAV,20250826_101000_subject078_074,078_074,F,Control_Control,100446
/datastar/behavior_rooms/2CAP/2025-08-26_09-42-22_Prat_Urgency_group1/pi-data_2025-08-26_09-42-22_Prat_Urgency_group1/box02/mic/20250826_101500.WAV,20250826_101500_subject078_074,078_074,F,Control_Control,100446
/datastar/behavior_rooms/2CAP/2025-08-26_09-42-22_Prat_Urgency_group1/pi-data_2025-08-26_09-42-22_Prat_Urgency_group1/box02/mic/20250826_102000.WAV,20250826_102000_subject078_074,078_074,F,Control_Control,100446
/datastar/behavior_rooms/2CAP/2025-08-26_09-42-22_Prat_Urgency_group1/pi-data_2025-08-26_09-42-22_Prat_Urgency_group1/box02/mic/20250826_102500.WAV,20250826_102500_subject078_074,078_074,F,Control_Control,100446
/datastar/behavior_rooms/2CAP/2025-08-26_09-42-22_Prat_Urgency_group1/pi-data_2025-08-26_09-42-22_Prat_Urgency_group1/box02/mic/20250826_103000.WAV,20250826_103000_subject078_074,078_074,F,Control_Control,100446
/datastar/behavior_rooms/2CAP/2025-08-26_09-42-22_Prat_Urgency_group1/pi-data_2025-08-26_09-42-22_Prat_Urgency_group1/box02/mic/20250826_103500.WAV,20250826_103500_subject078_074,078_074,F,Control_Control,100446
/datastar/behavior_rooms/2CAP/2025-08-26_09-42-22_Prat_Urgency_group1/pi-data_2025-08-26_09-42-22_Prat_Urgency_group1/box02/mic/20250826_104000.WAV,20250826_104000_subject078_074,078_074,F,Control_Control,100446
/datastar/behavior_rooms/2CAP/2025-08-26_09-42-22_Prat_Urgency_group1/pi-data_2025-08-26_09-42-22_Prat_Urgency_group1/box02/mic/20250826_104500.WAV,20250826_104500_subject078_074,078_074,F,Control_Control,100446
/datastar/behavior_rooms/2CAP/2025-08-26_09-42-22_Prat_Urgency_group1/pi-data_2025-08-26_09-42-22_Prat_Urgency_group1/box02/mic/20250826_105000.WAV,20250826_105000_subject078_074,078_074,F,Control_Control,100446
/datastar/behavior_rooms/2CAP/2025-08-26_09-42-22_Prat_Urgency_group1/pi-data_2025-08-26_09-42-22_Prat_Urgency_group1/box02/mic/20250826_105500.WAV,20250826_105500_subject078_074,078_074,F,Control_Control,100446
/datastar/behavior_rooms/2CAP/2025-08-26_09-42-22_Prat_Urgency_group1/pi-data_2025-08-26_09-42-22_Prat_Urgency_group1/box02/mic/20250826_110000.WAV,20250826_110000_subject078_074,078_074,F,Control_Control,100446
/datastar/behavior_rooms/2CAP/2025-08-26_09-42-22_Prat_Urgency_group1/pi-data_2025-08-26_09-42-22_Prat_Urgency_group1/box02/mic/20250826_110500.WAV,20250826_110500_subject078_074,078_074,F,Control_Control,100446
/datastar/behavior_rooms/2CAP/2025-08-26_09-42-22_Prat_Urgency_group1/pi-data_2025-08-26_09-42-22_Prat_Urgency_group1/box05/mic/20250826_100416.WAV,20250826_100416_subject088_098,088_098,F,EtOH_EtOH,100645
/datastar/behavior_rooms/2CAP/2025-08-26_09-42-22_Prat_Urgency_group1/pi-data_2025-08-26_09-42-22_Prat_Urgency_group1/box05/mic/20250826_100500.WAV,20250826_100500_subject088_098,088_098,F,EtOH_EtOH,100645
/datastar/behavior_rooms/2CAP/2025-08-26_09-42-22_Prat_Urgency_group1/pi-data_2025-08-26_09-42-22_Prat_Urgency_group1/box05/mic/20250826_101000.WAV,20250826_101000_subject088_098,088_098,F,EtOH_EtOH,100645
/datastar/behavior_rooms/2CAP/2025-08-26_09-42-22_Prat_Urgency_group1/pi-data_2025-08-26_09-42-22_Prat_Urgency_group1/box05/mic/20250826_101500.WAV,20250826_101500_subject088_098,088_098,F,EtOH_EtOH,100645
/datastar/behavior_rooms/2CAP/2025-08-26_09-42-22_Prat_Urgency_group1/pi-data_2025-08-26_09-42-22_Prat_Urgency_group1/box05/mic/20250826_102000.WAV,20250826_102000_subject088_098,088_098,F,EtOH_EtOH,100645
/datastar/behavior_rooms/2CAP/2025-08-26_09-42-22_Prat_Urgency_group1/pi-data_2025-08-26_09-42-22_Prat_Urgency_group1/box05/mic/20250826_102500.WAV,20250826_102500_subject088_098,088_098,F,EtOH_EtOH,100645
/datastar/behavior_rooms/2CAP/2025-08-26_09-42-22_Prat_Urgency_group1/pi-data_2025-08-26_09-42-22_Prat_Urgency_group1/box05/mic/20250826_103000.WAV,20250826_103000_subject088_098,088_098,F,EtOH_EtOH,100645
/datastar/behavior_rooms/2CAP/2025-08-26_09-42-22_Prat_Urgency_group1/pi-data_2025-08-26_09-42-22_Prat_Urgency_group1/box05/mic/20250826_103500.WAV,20250826_103500_subject088_098,088_098,F,EtOH_EtOH,100645
/datastar/behavior_rooms/2CAP/2025-08-26_09-42-22_Prat_Urgency_group1/pi-data_2025-08-26_09-42-22_Prat_Urgency_group1/box05/mic/20250826_104000.WAV,20250826_104000_subject088_098,088_098,F,EtOH_EtOH,100645
/datastar/behavior_rooms/2CAP/2025-08-26_09-42-22_Prat_Urgency_group1/pi-data_2025-08-26_09-42-22_Prat_Urgency_group1/box05/mic/20250826_104500.WAV,20250826_104500_subject088_098,088_098,F,EtOH_EtOH,100645
/datastar/behavior_rooms/2CAP/2025-08-26_09-42-22_Prat_Urgency_group1/pi-data_2025-08-26_09-42-22_Prat_Urgency_group1/box05/mic/20250826_105000.WAV,20250826_105000_subject088_098,088_098,F,EtOH_EtOH,100645
/datastar/behavior_rooms/2CAP/2025-08-26_09-42-22_Prat_Urgency_group1/pi-data_2025-08-26_09-42-22_Prat_Urgency_group1/box05/mic/20250826_105500.WAV,20250826_105500_subject088_098,088_098,F,EtOH_EtOH,100645
/datastar/behavior_rooms/2CAP/2025-08-26_09-42-22_Prat_Urgency_group1/pi-data_2025-08-26_09-42-22_Prat_Urgency_group1/box05/mic/20250826_110000.WAV,20250826_110000_subject088_098,088_098,F,EtOH_EtOH,100645
/datastar/behavior_rooms/2CAP/2025-08-26_09-42-22_Prat_Urgency_group1/pi-data_2025-08-26_09-42-22_Prat_Urgency_group1/box05/mic/20250826_110500.WAV,20250826_110500_subject088_098,088_098,F,EtOH_EtOH,100645
/datastar/behavior_rooms/2CAP/2025-08-26_09-42-22_Prat_Urgency_group1/pi-data_2025-08-26_09-42-22_Prat_Urgency_group1/box01/mic/20250826_100416.WAV,20250826_100416_subject093_079,093_079,M,EtOH_EtOH,100353
/datastar/behavior_rooms/2CAP/2025-08-26_09-42-22_Prat_Urgency_group1/pi-data_2025-08-26_09-42-22_Prat_Urgency_group1/box01/mic/20250826_100500.WAV,20250826_100500_subject093_079,093_079,M,EtOH_EtOH,100353
/datastar/behavior_rooms/2CAP/2025-08-26_09-42-22_Prat_Urgency_group1/pi-data_2025-08-26_09-42-22_Prat_Urgency_group1/box01/mic/20250826_101000.WAV,20250826_101000_subject093_079,093_079,M,EtOH_EtOH,100353
/datastar/behavior_rooms/2CAP/2025-08-26_09-42-22_Prat_Urgency_group1/pi-data_2025-08-26_09-42-22_Prat_Urgency_group1/box01/mic/20250826_101500.WAV,20250826_101500_subject093_079,093_079,M,EtOH_EtOH,100353
/datastar/behavior_rooms/2CAP/2025-08-26_09-42-22_Prat_Urgency_group1/pi-data_2025-08-26_09-42-22_Prat_Urgency_group1/box01/mic/20250826_102000.WAV,20250826_102000_subject093_079,093_079,M,EtOH_EtOH,100353
/datastar/behavior_rooms/2CAP/2025-08-26_09-42-22_Prat_Urgency_group1/pi-data_2025-08-26_09-42-22_Prat_Urgency_group1/box01/mic/20250826_102500.WAV,20250826_102500_subject093_079,093_079,M,EtOH_EtOH,100353
/datastar/behavior_rooms/2CAP/2025-08-26_09-42-22_Prat_Urgency_group1/pi-data_2025-08-26_09-42-22_Prat_Urgency_group1/box01/mic/20250826_103000.WAV,20250826_103000_subject093_079,093_079,M,EtOH_EtOH,100353
/datastar/behavior_rooms/2CAP/2025-08-26_09-42-22_Prat_Urgency_group1/pi-data_2025-08-26_09-42-22_Prat_Urgency_group1/box01/mic/20250826_103500.WAV,20250826_103500_subject093_079,093_079,M,EtOH_EtOH,100353
/datastar/behavior_rooms/2CAP/2025-08-26_09-42-22_Prat_Urgency_group1/pi-data_2025-08-26_09-42-22_Prat_Urgency_group1/box01/mic/20250826_104000.WAV,20250826_104000_subject093_079,093_079,M,EtOH_EtOH,100353
/datastar/behavior_rooms/2CAP/2025-08-26_09-42-22_Prat_Urgency_group1/pi-data_2025-08-26_09-42-22_Prat_Urgency_group1/box01/mic/20250826_104500.WAV,20250826_104500_subject093_079,093_079,M,EtOH_EtOH,100353
/datastar/behavior_rooms/2CAP/2025-08-26_09-42-22_Prat_Urgency_group1/pi-data_2025-08-26_09-42-22_Prat_Urgency_group1/box01/mic/20250826_105000.WAV,20250826_105000_subject093_079,093_079,M,EtOH_EtOH,100353
/datastar/behavior_rooms/2CAP/2025-08-26_09-42-22_Prat_Urgency_group1/pi-data_2025-08-26_09-42-22_Prat_Urgency_group1/box01/mic/20250826_105500.WAV,20250826_105500_subject093_079,093_079,M,EtOH_EtOH,100353
/datastar/behavior_rooms/2CAP/2025-08-26_09-42-22_Prat_Urgency_group1/pi-data_2025-08-26_09-42-22_Prat_Urgency_group1/box01/mic/20250826_110000.WAV,20250826_110000_subject093_079,093_079,M,EtOH_EtOH,100353
/datastar/behavior_rooms/2CAP/2025-08-26_09-42-22_Prat_Urgency_group1/pi-data_2025-08-26_09-42-22_Prat_Urgency_group1/box01/mic/20250826_110500.WAV,20250826_110500_subject093_079,093_079,M,EtOH_EtOH,100353
/datastar/behavior_rooms/2CAP/2025-08-26_11-21-01_Prat_Urgency_group2/pi-data_2025-08-26_11-21-01_Prat_Urgency_group2/box05/mic/20250826_112952.WAV,20250826_112952_subject061,061,M,Control,113318
/datastar/behavior_rooms/2CAP/2025-08-26_11-21-01_Prat_Urgency_group2/pi-data_2025-08-26_11-21-01_Prat_Urgency_group2/box05/mic/20250826_113000.WAV,20250826_113000_subject061,061,M,Control,113318
/datastar/behavior_rooms/2CAP/2025-08-26_11-21-01_Prat_Urgency_group2/pi-data_2025-08-26_11-21-01_Prat_Urgency_group2/box05/mic/20250826_113500.WAV,20250826_113500_subject061,061,M,Control,113318
/datastar/behavior_rooms/2CAP/2025-08-26_11-21-01_Prat_Urgency_group2/pi-data_2025-08-26_11-21-01_Prat_Urgency_group2/box05/mic/20250826_114000.WAV,20250826_114000_subject061,061,M,Control,113318
/datastar/behavior_rooms/2CAP/2025-08-26_11-21-01_Prat_Urgency_group2/pi-data_2025-08-26_11-21-01_Prat_Urgency_group2/box05/mic/20250826_114500.WAV,20250826_114500_subject061,061,M,Control,113318
/datastar/behavior_rooms/2CAP/2025-08-26_11-21-01_Prat_Urgency_group2/pi-data_2025-08-26_11-21-01_Prat_Urgency_group2/box05/mic/20250826_115000.WAV,20250826_115000_subject061,061,M,Control,113318
/datastar/behavior_rooms/2CAP/2025-08-26_11-21-01_Prat_Urgency_group2/pi-data_2025-08-26_11-21-01_Prat_Urgency_group2/box05/mic/20250826_115500.WAV,20250826_115500_subject061,061,M,Control,113318
/datastar/behavior_rooms/2CAP/2025-08-26_11-21-01_Prat_Urgency_group2/pi-data_2025-08-26_11-21-01_Prat_Urgency_group2/box05/mic/20250826_120000.WAV,20250826_120000_subject061,061,M,Control,113318
/datastar/behavior_rooms/2CAP/2025-08-26_11-21-01_Prat_Urgency_group2/pi-data_2025-08-26_11-21-01_Prat_Urgency_group2/box05/mic/20250826_120500.WAV,20250826_120500_subject061,061,M,Control,113318
/datastar/behavior_rooms/2CAP/2025-08-26_11-21-01_Prat_Urgency_group2/pi-data_2025-08-26_11-21-01_Prat_Urgency_group2/box05/mic/20250826_121000.WAV,20250826_121000_subject061,061,M,Control,113318
/datastar/behavior_rooms/2CAP/2025-08-26_11-21-01_Prat_Urgency_group2/pi-data_2025-08-26_11-21-01_Prat_Urgency_group2/box05/mic/20250826_121500.WAV,20250826_121500_subject061,061,M,Control,113318
/datastar/behavior_rooms/2CAP/2025-08-26_11-21-01_Prat_Urgency_group2/pi-data_2025-08-26_11-21-01_Prat_Urgency_group2/box05/mic/20250826_122000.WAV,20250826_122000_subject061,061,M,Control,113318
/datastar/behavior_rooms/2CAP/2025-08-26_11-21-01_Prat_Urgency_group2/pi-data_2025-08-26_11-21-01_Prat_Urgency_group2/box05/mic/20250826_122500.WAV,20250826_122500_subject061,061,M,Control,113318
/datastar/behavior_rooms/2CAP/2025-08-26_11-21-01_Prat_Urgency_group2/pi-data_2025-08-26_11-21-01_Prat_Urgency_group2/box05/mic/20250826_123000.WAV,20250826_123000_subject061,061,M,Control,113318
/datastar/behavior_rooms/2CAP/2025-08-26_11-21-01_Prat_Urgency_group2/pi-data_2025-08-26_11-21-01_Prat_Urgency_group2/box06/mic/20250826_112952.WAV,20250826_112952_subject065_089,065_089,M,Control_EtOH,113403
/datastar/behavior_rooms/2CAP/2025-08-26_11-21-01_Prat_Urgency_group2/pi-data_2025-08-26_11-21-01_Prat_Urgency_group2/box06/mic/20250826_113000.WAV,20250826_113000_subject065_089,065_089,M,Control_EtOH,113403
/datastar/behavior_rooms/2CAP/2025-08-26_11-21-01_Prat_Urgency_group2/pi-data_2025-08-26_11-21-01_Prat_Urgency_group2/box06/mic/20250826_113500.WAV,20250826_113500_subject065_089,065_089,M,Control_EtOH,113403
/datastar/behavior_rooms/2CAP/2025-08-26_11-21-01_Prat_Urgency_group2/pi-data_2025-08-26_11-21-01_Prat_Urgency_group2/box06/mic/20250826_114000.WAV,20250826_114000_subject065_089,065_089,M,Control_EtOH,113403
/datastar/behavior_rooms/2CAP/2025-08-26_11-21-01_Prat_Urgency_group2/pi-data_2025-08-26_11-21-01_Prat_Urgency_group2/box06/mic/20250826_114500.WAV,20250826_114500_subject065_089,065_089,M,Control_EtOH,113403
/datastar/behavior_rooms/2CAP/2025-08-26_11-21-01_Prat_Urgency_group2/pi-data_2025-08-26_11-21-01_Prat_Urgency_group2/box06/mic/20250826_115000.WAV,20250826_115000_subject065_089,065_089,M,Control_EtOH,113403
/datastar/behavior_rooms/2CAP/2025-08-26_11-21-01_Prat_Urgency_group2/pi-data_2025-08-26_11-21-01_Prat_Urgency_group2/box06/mic/20250826_115500.WAV,20250826_115500_subject065_089,065_089,M,Control_EtOH,113403
/datastar/behavior_rooms/2CAP/2025-08-26_11-21-01_Prat_Urgency_group2/pi-data_2025-08-26_11-21-01_Prat_Urgency_group2/box06/mic/20250826_120000.WAV,20250826_120000_subject065_089,065_089,M,Control_EtOH,113403
/datastar/behavior_rooms/2CAP/2025-08-26_11-21-01_Prat_Urgency_group2/pi-data_2025-08-26_11-21-01_Prat_Urgency_group2/box06/mic/20250826_120500.WAV,20250826_120500_subject065_089,065_089,M,Control_EtOH,113403
/datastar/behavior_rooms/2CAP/2025-08-26_11-21-01_Prat_Urgency_group2/pi-data_2025-08-26_11-21-01_Prat_Urgency_group2/box06/mic/20250826_121000.WAV,20250826_121000_subject065_089,065_089,M,Control_EtOH,113403
/datastar/behavior_rooms/2CAP/2025-08-26_11-21-01_Prat_Urgency_group2/pi-data_2025-08-26_11-21-01_Prat_Urgency_group2/box06/mic/20250826_121500.WAV,20250826_121500_subject065_089,065_089,M,Control_EtOH,113403
/datastar/behavior_rooms/2CAP/2025-08-26_11-21-01_Prat_Urgency_group2/pi-data_2025-08-26_11-21-01_Prat_Urgency_group2/box06/mic/20250826_122000.WAV,20250826_122000_subject065_089,065_089,M,Control_EtOH,113403
/datastar/behavior_rooms/2CAP/2025-08-26_11-21-01_Prat_Urgency_group2/pi-data_2025-08-26_11-21-01_Prat_Urgency_group2/box06/mic/20250826_122500.WAV,20250826_122500_subject065_089,065_089,M,Control_EtOH,113403
/datastar/behavior_rooms/2CAP/2025-08-26_11-21-01_Prat_Urgency_group2/pi-data_2025-08-26_11-21-01_Prat_Urgency_group2/box06/mic/20250826_123000.WAV,20250826_123000_subject065_089,065_089,M,Control_EtOH,113403
/datastar/behavior_rooms/2CAP/2025-08-26_11-21-01_Prat_Urgency_group2/pi-data_2025-08-26_11-21-01_Prat_Urgency_group2/box04/mic/20250826_112951.WAV,20250826_112951_subject072_090,072_090,F,Control_EtOH,113250
/datastar/behavior_rooms/2CAP/2025-08-26_11-21-01_Prat_Urgency_group2/pi-data_2025-08-26_11-21-01_Prat_Urgency_group2/box04/mic/20250826_113000.WAV,20250826_113000_subject072_090,072_090,F,Control_EtOH,113250
/datastar/behavior_rooms/2CAP/2025-08-26_11-21-01_Prat_Urgency_group2/pi-data_2025-08-26_11-21-01_Prat_Urgency_group2/box04/mic/20250826_113500.WAV,20250826_113500_subject072_090,072_090,F,Control_EtOH,113250
/datastar/behavior_rooms/2CAP/2025-08-26_11-21-01_Prat_Urgency_group2/pi-data_2025-08-26_11-21-01_Prat_Urgency_group2/box04/mic/20250826_114000.WAV,20250826_114000_subject072_090,072_090,F,Control_EtOH,113250
/datastar/behavior_rooms/2CAP/2025-08-26_11-21-01_Prat_Urgency_group2/pi-data_2025-08-26_11-21-01_Prat_Urgency_group2/box04/mic/20250826_114500.WAV,20250826_114500_subject072_090,072_090,F,Control_EtOH,113250
/datastar/behavior_rooms/2CAP/2025-08-26_11-21-01_Prat_Urgency_group2/pi-data_2025-08-26_11-21-01_Prat_Urgency_group2/box04/mic/20250826_115000.WAV,20250826_115000_subject072_090,072_090,F,Control_EtOH,113250
/datastar/behavior_rooms/2CAP/2025-08-26_11-21-01_Prat_Urgency_group2/pi-data_2025-08-26_11-21-01_Prat_Urgency_group2/box04/mic/20250826_115500.WAV,20250826_115500_subject072_090,072_090,F,Control_EtOH,113250
/datastar/behavior_rooms/2CAP/2025-08-26_11-21-01_Prat_Urgency_group2/pi-data_2025-08-26_11-21-01_Prat_Urgency_group2/box04/mic/20250826_120000.WAV,20250826_120000_subject072_090,072_090,F,Control_EtOH,113250
/datastar/behavior_rooms/2CAP/2025-08-26_11-21-01_Prat_Urgency_group2/pi-data_2025-08-26_11-21-01_Prat_Urgency_group2/box04/mic/20250826_120500.WAV,20250826_120500_subject072_090,072_090,F,Control_EtOH,113250
/datastar/behavior_rooms/2CAP/2025-08-26_11-21-01_Prat_Urgency_group2/pi-data_2025-08-26_11-21-01_Prat_Urgency_group2/box04/mic/20250826_121000.WAV,20250826_121000_subject072_090,072_090,F,Control_EtOH,113250
/datastar/behavior_rooms/2CAP/2025-08-26_11-21-01_Prat_Urgency_group2/pi-data_2025-08-26_11-21-01_Prat_Urgency_group2/box04/mic/20250826_121500.WAV,20250826_121500_subject072_090,072_090,F,Control_EtOH,113250
/datastar/behavior_rooms/2CAP/2025-08-26_11-21-01_Prat_Urgency_group2/pi-data_2025-08-26_11-21-01_Prat_Urgency_group2/box04/mic/20250826_122000.WAV,20250826_122000_subject072_090,072_090,F,Control_EtOH,113250
/datastar/behavior_rooms/2CAP/2025-08-26_11-21-01_Prat_Urgency_group2/pi-data_2025-08-26_11-21-01_Prat_Urgency_group2/box04/mic/20250826_122500.WAV,20250826_122500_subject072_090,072_090,F,Control_EtOH,113250
/datastar/behavior_rooms/2CAP/2025-08-26_11-21-01_Prat_Urgency_group2/pi-data_2025-08-26_11-21-01_Prat_Urgency_group2/box04/mic/20250826_123000.WAV,20250826_123000_subject072_090,072_090,F,Control_EtOH,113250
/datastar/behavior_rooms/2CAP/2025-08-26_11-21-01_Prat_Urgency_group2/pi-data_2025-08-26_11-21-01_Prat_Urgency_group2/box01/mic/20250826_112952.WAV,20250826_112952_subject076_080,076_080,F,Control_EtOH,103109
/datastar/behavior_rooms/2CAP/2025-08-26_11-21-01_Prat_Urgency_group2/pi-data_2025-08-26_11-21-01_Prat_Urgency_group2/box01/mic/20250826_113000.WAV,20250826_113000_subject076_080,076_080,F,Control_EtOH,103109
/datastar/behavior_rooms/2CAP/2025-08-26_11-21-01_Prat_Urgency_group2/pi-data_2025-08-26_11-21-01_Prat_Urgency_group2/box01/mic/20250826_113500.WAV,20250826_113500_subject076_080,076_080,F,Control_EtOH,103109
/datastar/behavior_rooms/2CAP/2025-08-26_11-21-01_Prat_Urgency_group2/pi-data_2025-08-26_11-21-01_Prat_Urgency_group2/box01/mic/20250826_114000.WAV,20250826_114000_subject076_080,076_080,F,Control_EtOH,103109
/datastar/behavior_rooms/2CAP/2025-08-26_11-21-01_Prat_Urgency_group2/pi-data_2025-08-26_11-21-01_Prat_Urgency_group2/box01/mic/20250826_114500.WAV,20250826_114500_subject076_080,076_080,F,Control_EtOH,103109
/datastar/behavior_rooms/2CAP/2025-08-26_11-21-01_Prat_Urgency_group2/pi-data_2025-08-26_11-21-01_Prat_Urgency_group2/box01/mic/20250826_115000.WAV,20250826_115000_subject076_080,076_080,F,Control_EtOH,103109
/datastar/behavior_rooms/2CAP/2025-08-26_11-21-01_Prat_Urgency_group2/pi-data_2025-08-26_11-21-01_Prat_Urgency_group2/box01/mic/20250826_115500.WAV,20250826_115500_subject076_080,076_080,F,Control_EtOH,103109
/datastar/behavior_rooms/2CAP/2025-08-26_11-21-01_Prat_Urgency_group2/pi-data_2025-08-26_11-21-01_Prat_Urgency_group2/box01/mic/20250826_120000.WAV,20250826_120000_subject076_080,076_080,F,Control_EtOH,103109
/datastar/behavior_rooms/2CAP/2025-08-26_11-21-01_Prat_Urgency_group2/pi-data_2025-08-26_11-21-01_Prat_Urgency_group2/box01/mic/20250826_120500.WAV,20250826_120500_subject076_080,076_080,F,Control_EtOH,103109
/datastar/behavior_rooms/2CAP/2025-08-26_11-21-01_Prat_Urgency_group2/pi-data_2025-08-26_11-21-01_Prat_Urgency_group2/box01/mic/20250826_121000.WAV,20250826_121000_subject076_080,076_080,F,Control_EtOH,103109
/datastar/behavior_rooms/2CAP/2025-08-26_11-21-01_Prat_Urgency_group2/pi-data_2025-08-26_11-21-01_Prat_Urgency_group2/box01/mic/20250826_121500.WAV,20250826_121500_subject076_080,076_080,F,Control_EtOH,103109
/datastar/behavior_rooms/2CAP/2025-08-26_11-21-01_Prat_Urgency_group2/pi-data_2025-08-26_11-21-01_Prat_Urgency_group2/box01/mic/20250826_122000.WAV,20250826_122000_subject076_080,076_080,F,Control_EtOH,103109
/datastar/behavior_rooms/2CAP/2025-08-26_11-21-01_Prat_Urgency_group2/pi-data_2025-08-26_11-21-01_Prat_Urgency_group2/box01/mic/20250826_122500.WAV,20250826_122500_subject076_080,076_080,F,Control_EtOH,103109
/datastar/behavior_rooms/2CAP/2025-08-26_11-21-01_Prat_Urgency_group2/pi-data_2025-08-26_11-21-01_Prat_Urgency_group2/box01/mic/20250826_123000.WAV,20250826_123000_subject076_080,076_080,F,Control_EtOH,103109
/datastar/behavior_rooms/2CAP/2025-08-26_11-21-01_Prat_Urgency_group2/pi-data_2025-08-26_11-21-01_Prat_Urgency_group2/box03/mic/20250826_112952.WAV,20250826_112952_subject082,082,F,EtOH,113212
/datastar/behavior_rooms/2CAP/2025-08-26_11-21-01_Prat_Urgency_group2/pi-data_2025-08-26_11-21-01_Prat_Urgency_group2/box03/mic/20250826_113000.WAV,20250826_113000_subject082,082,F,EtOH,113212
/datastar/behavior_rooms/2CAP/2025-08-26_11-21-01_Prat_Urgency_group2/pi-data_2025-08-26_11-21-01_Prat_Urgency_group2/box03/mic/20250826_113500.WAV,20250826_113500_subject082,082,F,EtOH,113212
/datastar/behavior_rooms/2CAP/2025-08-26_11-21-01_Prat_Urgency_group2/pi-data_2025-08-26_11-21-01_Prat_Urgency_group2/box03/mic/20250826_114000.WAV,20250826_114000_subject082,082,F,EtOH,113212
/datastar/behavior_rooms/2CAP/2025-08-26_11-21-01_Prat_Urgency_group2/pi-data_2025-08-26_11-21-01_Prat_Urgency_group2/box03/mic/20250826_114500.WAV,20250826_114500_subject082,082,F,EtOH,113212
/datastar/behavior_rooms/2CAP/2025-08-26_11-21-01_Prat_Urgency_group2/pi-data_2025-08-26_11-21-01_Prat_Urgency_group2/box03/mic/20250826_115000.WAV,20250826_115000_subject082,082,F,EtOH,113212
/datastar/behavior_rooms/2CAP/2025-08-26_11-21-01_Prat_Urgency_group2/pi-data_2025-08-26_11-21-01_Prat_Urgency_group2/box03/mic/20250826_115500.WAV,20250826_115500_subject082,082,F,EtOH,113212
/datastar/behavior_rooms/2CAP/2025-08-26_11-21-01_Prat_Urgency_group2/pi-data_2025-08-26_11-21-01_Prat_Urgency_group2/box03/mic/20250826_120000.WAV,20250826_120000_subject082,082,F,EtOH,113212
/datastar/behavior_rooms/2CAP/2025-08-26_11-21-01_Prat_Urgency_group2/pi-data_2025-08-26_11-21-01_Prat_Urgency_group2/box03/mic/20250826_120500.WAV,20250826_120500_subject082,082,F,EtOH,113212
/datastar/behavior_rooms/2CAP/2025-08-26_11-21-01_Prat_Urgency_group2/pi-data_2025-08-26_11-21-01_Prat_Urgency_group2/box03/mic/20250826_121000.WAV,20250826_121000_subject082,082,F,EtOH,113212
/datastar/behavior_rooms/2CAP/2025-08-26_11-21-01_Prat_Urgency_group2/pi-data_2025-08-26_11-21-01_Prat_Urgency_group2/box03/mic/20250826_121500.WAV,20250826_121500_subject082,082,F,EtOH,113212
/datastar/behavior_rooms/2CAP/2025-08-26_11-21-01_Prat_Urgency_group2/pi-data_2025-08-26_11-21-01_Prat_Urgency_group2/box03/mic/20250826_122000.WAV,20250826_122000_subject082,082,F,EtOH,113212
/datastar/behavior_rooms/2CAP/2025-08-26_11-21-01_Prat_Urgency_group2/pi-data_2025-08-26_11-21-01_Prat_Urgency_group2/box03/mic/20250826_122500.WAV,20250826_122500_subject082,082,F,EtOH,113212
/datastar/behavior_rooms/2CAP/2025-08-26_11-21-01_Prat_Urgency_group2/pi-data_2025-08-26_11-21-01_Prat_Urgency_group2/box03/mic/20250826_123000.WAV,20250826_123000_subject082,082,F,EtOH,113212
/datastar/behavior_rooms/2CAP/2025-08-26_11-21-01_Prat_Urgency_group2/pi-data_2025-08-26_11-21-01_Prat_Urgency_group2/box02/mic/20250826_112952.WAV,20250826_112952_subject085_059,085_059,M,EtOH_Control,113151
/datastar/behavior_rooms/2CAP/2025-08-26_11-21-01_Prat_Urgency_group2/pi-data_2025-08-26_11-21-01_Prat_Urgency_group2/box02/mic/20250826_113000.WAV,20250826_113000_subject085_059,085_059,M,EtOH_Control,113151
/datastar/behavior_rooms/2CAP/2025-08-26_11-21-01_Prat_Urgency_group2/pi-data_2025-08-26_11-21-01_Prat_Urgency_group2/box02/mic/20250826_113500.WAV,20250826_113500_subject085_059,085_059,M,EtOH_Control,113151
/datastar/behavior_rooms/2CAP/2025-08-26_11-21-01_Prat_Urgency_group2/pi-data_2025-08-26_11-21-01_Prat_Urgency_group2/box02/mic/20250826_114000.WAV,20250826_114000_subject085_059,085_059,M,EtOH_Control,113151
/datastar/behavior_rooms/2CAP/2025-08-26_11-21-01_Prat_Urgency_group2/pi-data_2025-08-26_11-21-01_Prat_Urgency_group2/box02/mic/20250826_114500.WAV,20250826_114500_subject085_059,085_059,M,EtOH_Control,113151
/datastar/behavior_rooms/2CAP/2025-08-26_11-21-01_Prat_Urgency_group2/pi-data_2025-08-26_11-21-01_Prat_Urgency_group2/box02/mic/20250826_115000.WAV,20250826_115000_subject085_059,085_059,M,EtOH_Control,113151
/datastar/behavior_rooms/2CAP/2025-08-26_11-21-01_Prat_Urgency_group2/pi-data_2025-08-26_11-21-01_Prat_Urgency_group2/box02/mic/20250826_115500.WAV,20250826_115500_subject085_059,085_059,M,EtOH_Control,113151
/datastar/behavior_rooms/2CAP/2025-08-26_11-21-01_Prat_Urgency_group2/pi-data_2025-08-26_11-21-01_Prat_Urgency_group2/box02/mic/20250826_120000.WAV,20250826_120000_subject085_059,085_059,M,EtOH_Control,113151
/datastar/behavior_rooms/2CAP/2025-08-26_11-21-01_Prat_Urgency_group2/pi-data_2025-08-26_11-21-01_Prat_Urgency_group2/box02/mic/20250826_120500.WAV,20250826_120500_subject085_059,085_059,M,EtOH_Control,113151
/datastar/behavior_rooms/2CAP/2025-08-26_11-21-01_Prat_Urgency_group2/pi-data_2025-08-26_11-21-01_Prat_Urgency_group2/box02/mic/20250826_121000.WAV,20250826_121000_subject085_059,085_059,M,EtOH_Control,113151
/datastar/behavior_rooms/2CAP/2025-08-26_11-21-01_Prat_Urgency_group2/pi-data_2025-08-26_11-21-01_Prat_Urgency_group2/box02/mic/20250826_121500.WAV,20250826_121500_subject085_059,085_059,M,EtOH_Control,113151
/datastar/behavior_rooms/2CAP/2025-08-26_11-21-01_Prat_Urgency_group2/pi-data_2025-08-26_11-21-01_Prat_Urgency_group2/box02/mic/20250826_122000.WAV,20250826_122000_subject085_059,085_059,M,EtOH_Control,113151
/datastar/behavior_rooms/2CAP/2025-08-26_11-21-01_Prat_Urgency_group2/pi-data_2025-08-26_11-21-01_Prat_Urgency_group2/box02/mic/20250826_122500.WAV,20250826_122500_subject085_059,085_059,M,EtOH_Control,113151
/datastar/behavior_rooms/2CAP/2025-08-26_11-21-01_Prat_Urgency_group2/pi-data_2025-08-26_11-21-01_Prat_Urgency_group2/box02/mic/20250826_123000.WAV,20250826_123000_subject085_059,085_059,M,EtOH_Control,113151
/datastar/behavior_rooms/2CAP/2025-08-26_12-50-09_Prat_Urgency_group3/pi-data_2025-08-26_12-50-09_Prat_Urgency_group3/box02/mic/20250826_125729.WAV,20250826_125729_subject060_086,060_086,F,Control_EtOH,125939
/datastar/behavior_rooms/2CAP/2025-08-26_12-50-09_Prat_Urgency_group3/pi-data_2025-08-26_12-50-09_Prat_Urgency_group3/box02/mic/20250826_130000.WAV,20250826_130000_subject060_086,060_086,F,Control_EtOH,125939
/datastar/behavior_rooms/2CAP/2025-08-26_12-50-09_Prat_Urgency_group3/pi-data_2025-08-26_12-50-09_Prat_Urgency_group3/box02/mic/20250826_130500.WAV,20250826_130500_subject060_086,060_086,F,Control_EtOH,125939
/datastar/behavior_rooms/2CAP/2025-08-26_12-50-09_Prat_Urgency_group3/pi-data_2025-08-26_12-50-09_Prat_Urgency_group3/box02/mic/20250826_131000.WAV,20250826_131000_subject060_086,060_086,F,Control_EtOH,125939
/datastar/behavior_rooms/2CAP/2025-08-26_12-50-09_Prat_Urgency_group3/pi-data_2025-08-26_12-50-09_Prat_Urgency_group3/box02/mic/20250826_131500.WAV,20250826_131500_subject060_086,060_086,F,Control_EtOH,125939
/datastar/behavior_rooms/2CAP/2025-08-26_12-50-09_Prat_Urgency_group3/pi-data_2025-08-26_12-50-09_Prat_Urgency_group3/box02/mic/20250826_132000.WAV,20250826_132000_subject060_086,060_086,F,Control_EtOH,125939
/datastar/behavior_rooms/2CAP/2025-08-26_12-50-09_Prat_Urgency_group3/pi-data_2025-08-26_12-50-09_Prat_Urgency_group3/box02/mic/20250826_132500.WAV,20250826_132500_subject060_086,060_086,F,Control_EtOH,125939
/datastar/behavior_rooms/2CAP/2025-08-26_12-50-09_Prat_Urgency_group3/pi-data_2025-08-26_12-50-09_Prat_Urgency_group3/box02/mic/20250826_133000.WAV,20250826_133000_subject060_086,060_086,F,Control_EtOH,125939
/datastar/behavior_rooms/2CAP/2025-08-26_12-50-09_Prat_Urgency_group3/pi-data_2025-08-26_12-50-09_Prat_Urgency_group3/box02/mic/20250826_133500.WAV,20250826_133500_subject060_086,060_086,F,Control_EtOH,125939
/datastar/behavior_rooms/2CAP/2025-08-26_12-50-09_Prat_Urgency_group3/pi-data_2025-08-26_12-50-09_Prat_Urgency_group3/box02/mic/20250826_134000.WAV,20250826_134000_subject060_086,060_086,F,Control_EtOH,125939
/datastar/behavior_rooms/2CAP/2025-08-26_12-50-09_Prat_Urgency_group3/pi-data_2025-08-26_12-50-09_Prat_Urgency_group3/box02/mic/20250826_134500.WAV,20250826_134500_subject060_086,060_086,F,Control_EtOH,125939
/datastar/behavior_rooms/2CAP/2025-08-26_12-50-09_Prat_Urgency_group3/pi-data_2025-08-26_12-50-09_Prat_Urgency_group3/box02/mic/20250826_135000.WAV,20250826_135000_subject060_086,060_086,F,Control_EtOH,125939
/datastar/behavior_rooms/2CAP/2025-08-26_12-50-09_Prat_Urgency_group3/pi-data_2025-08-26_12-50-09_Prat_Urgency_group3/box02/mic/20250826_135500.WAV,20250826_135500_subject060_086,060_086,F,Control_EtOH,125939
/datastar/behavior_rooms/2CAP/2025-08-26_12-50-09_Prat_Urgency_group3/pi-data_2025-08-26_12-50-09_Prat_Urgency_group3/box02/mic/20250826_140000.WAV,20250826_140000_subject060_086,060_086,F,Control_EtOH,125939
/datastar/behavior_rooms/2CAP/2025-08-26_12-50-09_Prat_Urgency_group3/pi-data_2025-08-26_12-50-09_Prat_Urgency_group3/box01/mic/20250826_125729.WAV,20250826_125729_subject069_091,069_091,M,Control_EtOH,125856
/datastar/behavior_rooms/2CAP/2025-08-26_12-50-09_Prat_Urgency_group3/pi-data_2025-08-26_12-50-09_Prat_Urgency_group3/box01/mic/20250826_130000.WAV,20250826_130000_subject069_091,069_091,M,Control_EtOH,125856
/datastar/behavior_rooms/2CAP/2025-08-26_12-50-09_Prat_Urgency_group3/pi-data_2025-08-26_12-50-09_Prat_Urgency_group3/box01/mic/20250826_130500.WAV,20250826_130500_subject069_091,069_091,M,Control_EtOH,125856
/datastar/behavior_rooms/2CAP/2025-08-26_12-50-09_Prat_Urgency_group3/pi-data_2025-08-26_12-50-09_Prat_Urgency_group3/box01/mic/20250826_131000.WAV,20250826_131000_subject069_091,069_091,M,Control_EtOH,125856
/datastar/behavior_rooms/2CAP/2025-08-26_12-50-09_Prat_Urgency_group3/pi-data_2025-08-26_12-50-09_Prat_Urgency_group3/box01/mic/20250826_131500.WAV,20250826_131500_subject069_091,069_091,M,Control_EtOH,125856
/datastar/behavior_rooms/2CAP/2025-08-26_12-50-09_Prat_Urgency_group3/pi-data_2025-08-26_12-50-09_Prat_Urgency_group3/box01/mic/20250826_132000.WAV,20250826_132000_subject069_091,069_091,M,Control_EtOH,125856
/datastar/behavior_rooms/2CAP/2025-08-26_12-50-09_Prat_Urgency_group3/pi-data_2025-08-26_12-50-09_Prat_Urgency_group3/box01/mic/20250826_132500.WAV,20250826_132500_subject069_091,069_091,M,Control_EtOH,125856
/datastar/behavior_rooms/2CAP/2025-08-26_12-50-09_Prat_Urgency_group3/pi-data_2025-08-26_12-50-09_Prat_Urgency_group3/box01/mic/20250826_133000.WAV,20250826_133000_subject069_091,069_091,M,Control_EtOH,125856
/datastar/behavior_rooms/2CAP/2025-08-26_12-50-09_Prat_Urgency_group3/pi-data_2025-08-26_12-50-09_Prat_Urgency_group3/box01/mic/20250826_133500.WAV,20250826_133500_subject069_091,069_091,M,Control_EtOH,125856
/datastar/behavior_rooms/2CAP/2025-08-26_12-50-09_Prat_Urgency_group3/pi-data_2025-08-26_12-50-09_Prat_Urgency_group3/box01/mic/20250826_134000.WAV,20250826_134000_subject069_091,069_091,M,Control_EtOH,125856
/datastar/behavior_rooms/2CAP/2025-08-26_12-50-09_Prat_Urgency_group3/pi-data_2025-08-26_12-50-09_Prat_Urgency_group3/box01/mic/20250826_134500.WAV,20250826_134500_subject069_091,069_091,M,Control_EtOH,125856
/datastar/behavior_rooms/2CAP/2025-08-26_12-50-09_Prat_Urgency_group3/pi-data_2025-08-26_12-50-09_Prat_Urgency_group3/box01/mic/20250826_135000.WAV,20250826_135000_subject069_091,069_091,M,Control_EtOH,125856
/datastar/behavior_rooms/2CAP/2025-08-26_12-50-09_Prat_Urgency_group3/pi-data_2025-08-26_12-50-09_Prat_Urgency_group3/box01/mic/20250826_135500.WAV,20250826_135500_subject069_091,069_091,M,Control_EtOH,125856
/datastar/behavior_rooms/2CAP/2025-08-26_12-50-09_Prat_Urgency_group3/pi-data_2025-08-26_12-50-09_Prat_Urgency_group3/box01/mic/20250826_140000.WAV,20250826_140000_subject069_091,069_091,M,Control_EtOH,125856
/datastar/behavior_rooms/2CAP/2025-08-26_12-50-09_Prat_Urgency_group3/pi-data_2025-08-26_12-50-09_Prat_Urgency_group3/box03/mic/20250826_125729.WAV,20250826_125729_subject073_067,073_067,M,Control_Control,130007
/datastar/behavior_rooms/2CAP/2025-08-26_12-50-09_Prat_Urgency_group3/pi-data_2025-08-26_12-50-09_Prat_Urgency_group3/box03/mic/20250826_130000.WAV,20250826_130000_subject073_067,073_067,M,Control_Control,130007
/datastar/behavior_rooms/2CAP/2025-08-26_12-50-09_Prat_Urgency_group3/pi-data_2025-08-26_12-50-09_Prat_Urgency_group3/box03/mic/20250826_130500.WAV,20250826_130500_subject073_067,073_067,M,Control_Control,130007
/datastar/behavior_rooms/2CAP/2025-08-26_12-50-09_Prat_Urgency_group3/pi-data_2025-08-26_12-50-09_Prat_Urgency_group3/box03/mic/20250826_131000.WAV,20250826_131000_subject073_067,073_067,M,Control_Control,130007
/datastar/behavior_rooms/2CAP/2025-08-26_12-50-09_Prat_Urgency_group3/pi-data_2025-08-26_12-50-09_Prat_Urgency_group3/box03/mic/20250826_131500.WAV,20250826_131500_subject073_067,073_067,M,Control_Control,130007
/datastar/behavior_rooms/2CAP/2025-08-26_12-50-09_Prat_Urgency_group3/pi-data_2025-08-26_12-50-09_Prat_Urgency_group3/box03/mic/20250826_132000.WAV,20250826_132000_subject073_067,073_067,M,Control_Control,130007
/datastar/behavior_rooms/2CAP/2025-08-26_12-50-09_Prat_Urgency_group3/pi-data_2025-08-26_12-50-09_Prat_Urgency_group3/box03/mic/20250826_132500.WAV,20250826_132500_subject073_067,073_067,M,Control_Control,130007
/datastar/behavior_rooms/2CAP/2025-08-26_12-50-09_Prat_Urgency_group3/pi-data_2025-08-26_12-50-09_Prat_Urgency_group3/box03/mic/20250826_133000.WAV,20250826_133000_subject073_067,073_067,M,Control_Control,130007
/datastar/behavior_rooms/2CAP/2025-08-26_12-50-09_Prat_Urgency_group3/pi-data_2025-08-26_12-50-09_Prat_Urgency_group3/box03/mic/20250826_133500.WAV,20250826_133500_subject073_067,073_067,M,Control_Control,130007
/datastar/behavior_rooms/2CAP/2025-08-26_12-50-09_Prat_Urgency_group3/pi-data_2025-08-26_12-50-09_Prat_Urgency_group3/box03/mic/20250826_134000.WAV,20250826_134000_subject073_067,073_067,M,Control_Control,130007
/datastar/behavior_rooms/2CAP/2025-08-26_12-50-09_Prat_Urgency_group3/pi-data_2025-08-26_12-50-09_Prat_Urgency_group3/box03/mic/20250826_134500.WAV,20250826_134500_subject073_067,073_067,M,Control_Control,130007
/datastar/behavior_rooms/2CAP/2025-08-26_12-50-09_Prat_Urgency_group3/pi-data_2025-08-26_12-50-09_Prat_Urgency_group3/box03/mic/20250826_135000.WAV,20250826_135000_subject073_067,073_067,M,Control_Control,130007
/datastar/behavior_rooms/2CAP/2025-08-26_12-50-09_Prat_Urgency_group3/pi-data_2025-08-26_12-50-09_Prat_Urgency_group3/box03/mic/20250826_135500.WAV,20250826_135500_subject073_067,073_067,M,Control_Control,130007
/datastar/behavior_rooms/2CAP/2025-08-26_12-50-09_Prat_Urgency_group3/pi-data_2025-08-26_12-50-09_Prat_Urgency_group3/box03/mic/20250826_140000.WAV,20250826_140000_subject073_067,073_067,M,Control_Control,130007
/datastar/behavior_rooms/2CAP/2025-08-26_12-50-09_Prat_Urgency_group3/pi-data_2025-08-26_12-50-09_Prat_Urgency_group3/box05/mic/20250826_125729.WAV,20250826_125729_subject084_096,084_096,F,EtOH_EtOH,130109
/datastar/behavior_rooms/2CAP/2025-08-26_12-50-09_Prat_Urgency_group3/pi-data_2025-08-26_12-50-09_Prat_Urgency_group3/box05/mic/20250826_130000.WAV,20250826_130000_subject084_096,084_096,F,EtOH_EtOH,130109
/datastar/behavior_rooms/2CAP/2025-08-26_12-50-09_Prat_Urgency_group3/pi-data_2025-08-26_12-50-09_Prat_Urgency_group3/box05/mic/20250826_130500.WAV,20250826_130500_subject084_096,084_096,F,EtOH_EtOH,130109
/datastar/behavior_rooms/2CAP/2025-08-26_12-50-09_Prat_Urgency_group3/pi-data_2025-08-26_12-50-09_Prat_Urgency_group3/box05/mic/20250826_131000.WAV,20250826_131000_subject084_096,084_096,F,EtOH_EtOH,130109
/datastar/behavior_rooms/2CAP/2025-08-26_12-50-09_Prat_Urgency_group3/pi-data_2025-08-26_12-50-09_Prat_Urgency_group3/box05/mic/20250826_131500.WAV,20250826_131500_subject084_096,084_096,F,EtOH_EtOH,130109
/datastar/behavior_rooms/2CAP/2025-08-26_12-50-09_Prat_Urgency_group3/pi-data_2025-08-26_12-50-09_Prat_Urgency_group3/box05/mic/20250826_132000.WAV,20250826_132000_subject084_096,084_096,F,EtOH_EtOH,130109
/datastar/behavior_rooms/2CAP/2025-08-26_12-50-09_Prat_Urgency_group3/pi-data_2025-08-26_12-50-09_Prat_Urgency_group3/box05/mic/20250826_132500.WAV,20250826_132500_subject084_096,084_096,F,EtOH_EtOH,130109
/datastar/behavior_rooms/2CAP/2025-08-26_12-50-09_Prat_Urgency_group3/pi-data_2025-08-26_12-50-09_Prat_Urgency_group3/box05/mic/20250826_133000.WAV,20250826_133000_subject084_096,084_096,F,EtOH_EtOH,130109
/datastar/behavior_rooms/2CAP/2025-08-26_12-50-09_Prat_Urgency_group3/pi-data_2025-08-26_12-50-09_Prat_Urgency_group3/box05/mic/20250826_133500.WAV,20250826_133500_subject084_096,084_096,F,EtOH_EtOH,130109
/datastar/behavior_rooms/2CAP/2025-08-26_12-50-09_Prat_Urgency_group3/pi-data_2025-08-26_12-50-09_Prat_Urgency_group3/box05/mic/20250826_134000.WAV,20250826_134000_subject084_096,084_096,F,EtOH_EtOH,130109
/datastar/behavior_rooms/2CAP/2025-08-26_12-50-09_Prat_Urgency_group3/pi-data_2025-08-26_12-50-09_Prat_Urgency_group3/box05/mic/20250826_134500.WAV,20250826_134500_subject084_096,084_096,F,EtOH_EtOH,130109
/datastar/behavior_rooms/2CAP/2025-08-26_12-50-09_Prat_Urgency_group3/pi-data_2025-08-26_12-50-09_Prat_Urgency_group3/box05/mic/20250826_135000.WAV,20250826_135000_subject084_096,084_096,F,EtOH_EtOH,130109
/datastar/behavior_rooms/2CAP/2025-08-26_12-50-09_Prat_Urgency_group3/pi-data_2025-08-26_12-50-09_Prat_Urgency_group3/box05/mic/20250826_135500.WAV,20250826_135500_subject084_096,084_096,F,EtOH_EtOH,130109
/datastar/behavior_rooms/2CAP/2025-08-26_12-50-09_Prat_Urgency_group3/pi-data_2025-08-26_12-50-09_Prat_Urgency_group3/box05/mic/20250826_140000.WAV,20250826_140000_subject084_096,084_096,F,EtOH_EtOH,130109
/datastar/behavior_rooms/2CAP/2025-08-26_12-50-09_Prat_Urgency_group3/pi-data_2025-08-26_12-50-09_Prat_Urgency_group3/box06/mic/20250826_125729.WAV,20250826_125729_subject092_062,092_062,F,EtOH_Control,130146
/datastar/behavior_rooms/2CAP/2025-08-26_12-50-09_Prat_Urgency_group3/pi-data_2025-08-26_12-50-09_Prat_Urgency_group3/box06/mic/20250826_130000.WAV,20250826_130000_subject092_062,092_062,F,EtOH_Control,130146
/datastar/behavior_rooms/2CAP/2025-08-26_12-50-09_Prat_Urgency_group3/pi-data_2025-08-26_12-50-09_Prat_Urgency_group3/box06/mic/20250826_130500.WAV,20250826_130500_subject092_062,092_062,F,EtOH_Control,130146
/datastar/behavior_rooms/2CAP/2025-08-26_12-50-09_Prat_Urgency_group3/pi-data_2025-08-26_12-50-09_Prat_Urgency_group3/box06/mic/20250826_131000.WAV,20250826_131000_subject092_062,092_062,F,EtOH_Control,130146
/datastar/behavior_rooms/2CAP/2025-08-26_12-50-09_Prat_Urgency_group3/pi-data_2025-08-26_12-50-09_Prat_Urgency_group3/box06/mic/20250826_131500.WAV,20250826_131500_subject092_062,092_062,F,EtOH_Control,130146
/datastar/behavior_rooms/2CAP/2025-08-26_12-50-09_Prat_Urgency_group3/pi-data_2025-08-26_12-50-09_Prat_Urgency_group3/box06/mic/20250826_132000.WAV,20250826_132000_subject092_062,092_062,F,EtOH_Control,130146
/datastar/behavior_rooms/2CAP/2025-08-26_12-50-09_Prat_Urgency_group3/pi-data_2025-08-26_12-50-09_Prat_Urgency_group3/box06/mic/20250826_132500.WAV,20250826_132500_subject092_062,092_062,F,EtOH_Control,130146
/datastar/behavior_rooms/2CAP/2025-08-26_12-50-09_Prat_Urgency_group3/pi-data_2025-08-26_12-50-09_Prat_Urgency_group3/box06/mic/20250826_133000.WAV,20250826_133000_subject092_062,092_062,F,EtOH_Control,130146
/datastar/behavior_rooms/2CAP/2025-08-26_12-50-09_Prat_Urgency_group3/pi-data_2025-08-26_12-50-09_Prat_Urgency_group3/box06/mic/20250826_133500.WAV,20250826_133500_subject092_062,092_062,F,EtOH_Control,130146
/datastar/behavior_rooms/2CAP/2025-08-26_12-50-09_Prat_Urgency_group3/pi-data_2025-08-26_12-50-09_Prat_Urgency_group3/box06/mic/20250826_134000.WAV,20250826_134000_subject092_062,092_062,F,EtOH_Control,130146
/datastar/behavior_rooms/2CAP/2025-08-26_12-50-09_Prat_Urgency_group3/pi-data_2025-08-26_12-50-09_Prat_Urgency_group3/box06/mic/20250826_134500.WAV,20250826_134500_subject092_062,092_062,F,EtOH_Control,130146
/datastar/behavior_rooms/2CAP/2025-08-26_12-50-09_Prat_Urgency_group3/pi-data_2025-08-26_12-50-09_Prat_Urgency_group3/box06/mic/20250826_135000.WAV,20250826_135000_subject092_062,092_062,F,EtOH_Control,130146
/datastar/behavior_rooms/2CAP/2025-08-26_12-50-09_Prat_Urgency_group3/pi-data_2025-08-26_12-50-09_Prat_Urgency_group3/box06/mic/20250826_135500.WAV,20250826_135500_subject092_062,092_062,F,EtOH_Control,130146
/datastar/behavior_rooms/2CAP/2025-08-26_12-50-09_Prat_Urgency_group3/pi-data_2025-08-26_12-50-09_Prat_Urgency_group3/box06/mic/20250826_140000.WAV,20250826_140000_subject092_062,092_062,F,EtOH_Control,130146
/datastar/behavior_rooms/2CAP/2025-08-26_14-18-43_Prat_Urgency_group4/pi-data_2025-08-26_14-18-43_Prat_Urgency_group4/box01/mic/20250826_142759.WAV,20250826_142759_subject064_094,064_094,F,Control_EtOH,142923
/datastar/behavior_rooms/2CAP/2025-08-26_14-18-43_Prat_Urgency_group4/pi-data_2025-08-26_14-18-43_Prat_Urgency_group4/box01/mic/20250826_143000.WAV,20250826_143000_subject064_094,064_094,F,Control_EtOH,142923
/datastar/behavior_rooms/2CAP/2025-08-26_14-18-43_Prat_Urgency_group4/pi-data_2025-08-26_14-18-43_Prat_Urgency_group4/box01/mic/20250826_143500.WAV,20250826_143500_subject064_094,064_094,F,Control_EtOH,142923
/datastar/behavior_rooms/2CAP/2025-08-26_14-18-43_Prat_Urgency_group4/pi-data_2025-08-26_14-18-43_Prat_Urgency_group4/box01/mic/20250826_144000.WAV,20250826_144000_subject064_094,064_094,F,Control_EtOH,142923
/datastar/behavior_rooms/2CAP/2025-08-26_14-18-43_Prat_Urgency_group4/pi-data_2025-08-26_14-18-43_Prat_Urgency_group4/box01/mic/20250826_144500.WAV,20250826_144500_subject064_094,064_094,F,Control_EtOH,142923
/datastar/behavior_rooms/2CAP/2025-08-26_14-18-43_Prat_Urgency_group4/pi-data_2025-08-26_14-18-43_Prat_Urgency_group4/box01/mic/20250826_145000.WAV,20250826_145000_subject064_094,064_094,F,Control_EtOH,142923
/datastar/behavior_rooms/2CAP/2025-08-26_14-18-43_Prat_Urgency_group4/pi-data_2025-08-26_14-18-43_Prat_Urgency_group4/box01/mic/20250826_145500.WAV,20250826_145500_subject064_094,064_094,F,Control_EtOH,142923
/datastar/behavior_rooms/2CAP/2025-08-26_14-18-43_Prat_Urgency_group4/pi-data_2025-08-26_14-18-43_Prat_Urgency_group4/box01/mic/20250826_150000.WAV,20250826_150000_subject064_094,064_094,F,Control_EtOH,142923
/datastar/behavior_rooms/2CAP/2025-08-26_14-18-43_Prat_Urgency_group4/pi-data_2025-08-26_14-18-43_Prat_Urgency_group4/box01/mic/20250826_150500.WAV,20250826_150500_subject064_094,064_094,F,Control_EtOH,142923
/datastar/behavior_rooms/2CAP/2025-08-26_14-18-43_Prat_Urgency_group4/pi-data_2025-08-26_14-18-43_Prat_Urgency_group4/box01/mic/20250826_151000.WAV,20250826_151000_subject064_094,064_094,F,Control_EtOH,142923
/datastar/behavior_rooms/2CAP/2025-08-26_14-18-43_Prat_Urgency_group4/pi-data_2025-08-26_14-18-43_Prat_Urgency_group4/box01/mic/20250826_151500.WAV,20250826_151500_subject064_094,064_094,F,Control_EtOH,142923
/datastar/behavior_rooms/2CAP/2025-08-26_14-18-43_Prat_Urgency_group4/pi-data_2025-08-26_14-18-43_Prat_Urgency_group4/box01/mic/20250826_152000.WAV,20250826_152000_subject064_094,064_094,F,Control_EtOH,142923
/datastar/behavior_rooms/2CAP/2025-08-26_14-18-43_Prat_Urgency_group4/pi-data_2025-08-26_14-18-43_Prat_Urgency_group4/box01/mic/20250826_152500.WAV,20250826_152500_subject064_094,064_094,F,Control_EtOH,142923
/datastar/behavior_rooms/2CAP/2025-08-26_14-18-43_Prat_Urgency_group4/pi-data_2025-08-26_14-18-43_Prat_Urgency_group4/box01/mic/20250826_153000.WAV,20250826_153000_subject064_094,064_094,F,Control_EtOH,142923
/datastar/behavior_rooms/2CAP/2025-08-26_14-18-43_Prat_Urgency_group4/pi-data_2025-08-26_14-18-43_Prat_Urgency_group4/box04/mic/20250826_142759.WAV,20250826_142759_subject068,068,F,Control,143112
/datastar/behavior_rooms/2CAP/2025-08-26_14-18-43_Prat_Urgency_group4/pi-data_2025-08-26_14-18-43_Prat_Urgency_group4/box04/mic/20250826_143000.WAV,20250826_143000_subject068,068,F,Control,143112
/datastar/behavior_rooms/2CAP/2025-08-26_14-18-43_Prat_Urgency_group4/pi-data_2025-08-26_14-18-43_Prat_Urgency_group4/box04/mic/20250826_143500.WAV,20250826_143500_subject068,068,F,Control,143112
/datastar/behavior_rooms/2CAP/2025-08-26_14-18-43_Prat_Urgency_group4/pi-data_2025-08-26_14-18-43_Prat_Urgency_group4/box04/mic/20250826_144000.WAV,20250826_144000_subject068,068,F,Control,143112
/datastar/behavior_rooms/2CAP/2025-08-26_14-18-43_Prat_Urgency_group4/pi-data_2025-08-26_14-18-43_Prat_Urgency_group4/box04/mic/20250826_144500.WAV,20250826_144500_subject068,068,F,Control,143112
/datastar/behavior_rooms/2CAP/2025-08-26_14-18-43_Prat_Urgency_group4/pi-data_2025-08-26_14-18-43_Prat_Urgency_group4/box04/mic/20250826_145000.WAV,20250826_145000_subject068,068,F,Control,143112
/datastar/behavior_rooms/2CAP/2025-08-26_14-18-43_Prat_Urgency_group4/pi-data_2025-08-26_14-18-43_Prat_Urgency_group4/box04/mic/20250826_145500.WAV,20250826_145500_subject068,068,F,Control,143112
/datastar/behavior_rooms/2CAP/2025-08-26_14-18-43_Prat_Urgency_group4/pi-data_2025-08-26_14-18-43_Prat_Urgency_group4/box04/mic/20250826_150000.WAV,20250826_150000_subject068,068,F,Control,143112
/datastar/behavior_rooms/2CAP/2025-08-26_14-18-43_Prat_Urgency_group4/pi-data_2025-08-26_14-18-43_Prat_Urgency_group4/box04/mic/20250826_150500.WAV,20250826_150500_subject068,068,F,Control,143112
/datastar/behavior_rooms/2CAP/2025-08-26_14-18-43_Prat_Urgency_group4/pi-data_2025-08-26_14-18-43_Prat_Urgency_group4/box04/mic/20250826_151000.WAV,20250826_151000_subject068,068,F,Control,143112
/datastar/behavior_rooms/2CAP/2025-08-26_14-18-43_Prat_Urgency_group4/pi-data_2025-08-26_14-18-43_Prat_Urgency_group4/box04/mic/20250826_151500.WAV,20250826_151500_subject068,068,F,Control,143112
/datastar/behavior_rooms/2CAP/2025-08-26_14-18-43_Prat_Urgency_group4/pi-data_2025-08-26_14-18-43_Prat_Urgency_group4/box04/mic/20250826_152000.WAV,20250826_152000_subject068,068,F,Control,143112
/datastar/behavior_rooms/2CAP/2025-08-26_14-18-43_Prat_Urgency_group4/pi-data_2025-08-26_14-18-43_Prat_Urgency_group4/box04/mic/20250826_152500.WAV,20250826_152500_subject068,068,F,Control,143112
/datastar/behavior_rooms/2CAP/2025-08-26_14-18-43_Prat_Urgency_group4/pi-data_2025-08-26_14-18-43_Prat_Urgency_group4/box04/mic/20250826_153000.WAV,20250826_153000_subject068,068,F,Control,143112
/datastar/behavior_rooms/2CAP/2025-08-26_14-18-43_Prat_Urgency_group4/pi-data_2025-08-26_14-18-43_Prat_Urgency_group4/box03/mic/20250826_142759.WAV,20250826_142759_subject070_066,070_066,F,Control_Control,143028
/datastar/behavior_rooms/2CAP/2025-08-26_14-18-43_Prat_Urgency_group4/pi-data_2025-08-26_14-18-43_Prat_Urgency_group4/box03/mic/20250826_143000.WAV,20250826_143000_subject070_066,070_066,F,Control_Control,143028
/datastar/behavior_rooms/2CAP/2025-08-26_14-18-43_Prat_Urgency_group4/pi-data_2025-08-26_14-18-43_Prat_Urgency_group4/box03/mic/20250826_143500.WAV,20250826_143500_subject070_066,070_066,F,Control_Control,143028
/datastar/behavior_rooms/2CAP/2025-08-26_14-18-43_Prat_Urgency_group4/pi-data_2025-08-26_14-18-43_Prat_Urgency_group4/box03/mic/20250826_144000.WAV,20250826_144000_subject070_066,070_066,F,Control_Control,143028
/datastar/behavior_rooms/2CAP/2025-08-26_14-18-43_Prat_Urgency_group4/pi-data_2025-08-26_14-18-43_Prat_Urgency_group4/box03/mic/20250826_144500.WAV,20250826_144500_subject070_066,070_066,F,Control_Control,143028
/datastar/behavior_rooms/2CAP/2025-08-26_14-18-43_Prat_Urgency_group4/pi-data_2025-08-26_14-18-43_Prat_Urgency_group4/box03/mic/20250826_145000.WAV,20250826_145000_subject070_066,070_066,F,Control_Control,143028
/datastar/behavior_rooms/2CAP/2025-08-26_14-18-43_Prat_Urgency_group4/pi-data_2025-08-26_14-18-43_Prat_Urgency_group4/box03/mic/20250826_145500.WAV,20250826_145500_subject070_066,070_066,F,Control_Control,143028
/datastar/behavior_rooms/2CAP/2025-08-26_14-18-43_Prat_Urgency_group4/pi-data_2025-08-26_14-18-43_Prat_Urgency_group4/box03/mic/20250826_150000.WAV,20250826_150000_subject070_066,070_066,F,Control_Control,143028
/datastar/behavior_rooms/2CAP/2025-08-26_14-18-43_Prat_Urgency_group4/pi-data_2025-08-26_14-18-43_Prat_Urgency_group4/box03/mic/20250826_150500.WAV,20250826_150500_subject070_066,070_066,F,Control_Control,143028
/datastar/behavior_rooms/2CAP/2025-08-26_14-18-43_Prat_Urgency_group4/pi-data_2025-08-26_14-18-43_Prat_Urgency_group4/box03/mic/20250826_151000.WAV,20250826_151000_subject070_066,070_066,F,Control_Control,143028
/datastar/behavior_rooms/2CAP/2025-08-26_14-18-43_Prat_Urgency_group4/pi-data_2025-08-26_14-18-43_Prat_Urgency_group4/box03/mic/20250826_151500.WAV,20250826_151500_subject070_066,070_066,F,Control_Control,143028
/datastar/behavior_rooms/2CAP/2025-08-26_14-18-43_Prat_Urgency_group4/pi-data_2025-08-26_14-18-43_Prat_Urgency_group4/box03/mic/20250826_152000.WAV,20250826_152000_subject070_066,070_066,F,Control_Control,143028
/datastar/behavior_rooms/2CAP/2025-08-26_14-18-43_Prat_Urgency_group4/pi-data_2025-08-26_14-18-43_Prat_Urgency_group4/box03/mic/20250826_152500.WAV,20250826_152500_subject070_066,070_066,F,Control_Control,143028
/datastar/behavior_rooms/2CAP/2025-08-26_14-18-43_Prat_Urgency_group4/pi-data_2025-08-26_14-18-43_Prat_Urgency_group4/box03/mic/20250826_153000.WAV,20250826_153000_subject070_066,070_066,F,Control_Control,143028
/datastar/behavior_rooms/2CAP/2025-08-26_14-18-43_Prat_Urgency_group4/pi-data_2025-08-26_14-18-43_Prat_Urgency_group4/box02/mic/20250826_142759.WAV,20250826_142759_subject081,081,M,EtOH,142946
/datastar/behavior_rooms/2CAP/2025-08-26_14-18-43_Prat_Urgency_group4/pi-data_2025-08-26_14-18-43_Prat_Urgency_group4/box02/mic/20250826_143000.WAV,20250826_143000_subject081,081,M,EtOH,142946
/datastar/behavior_rooms/2CAP/2025-08-26_14-18-43_Prat_Urgency_group4/pi-data_2025-08-26_14-18-43_Prat_Urgency_group4/box02/mic/20250826_143500.WAV,20250826_143500_subject081,081,M,EtOH,142946
/datastar/behavior_rooms/2CAP/2025-08-26_14-18-43_Prat_Urgency_group4/pi-data_2025-08-26_14-18-43_Prat_Urgency_group4/box02/mic/20250826_144000.WAV,20250826_144000_subject081,081,M,EtOH,142946
/datastar/behavior_rooms/2CAP/2025-08-26_14-18-43_Prat_Urgency_group4/pi-data_2025-08-26_14-18-43_Prat_Urgency_group4/box02/mic/20250826_144500.WAV,20250826_144500_subject081,081,M,EtOH,142946
/datastar/behavior_rooms/2CAP/2025-08-26_14-18-43_Prat_Urgency_group4/pi-data_2025-08-26_14-18-43_Prat_Urgency_group4/box02/mic/20250826_145000.WAV,20250826_145000_subject081,081,M,EtOH,142946
/datastar/behavior_rooms/2CAP/2025-08-26_14-18-43_Prat_Urgency_group4/pi-data_2025-08-26_14-18-43_Prat_Urgency_group4/box02/mic/20250826_145500.WAV,20250826_145500_subject081,081,M,EtOH,142946
/datastar/behavior_rooms/2CAP/2025-08-26_14-18-43_Prat_Urgency_group4/pi-data_2025-08-26_14-18-43_Prat_Urgency_group4/box02/mic/20250826_150000.WAV,20250826_150000_subject081,081,M,EtOH,142946
/datastar/behavior_rooms/2CAP/2025-08-26_14-18-43_Prat_Urgency_group4/pi-data_2025-08-26_14-18-43_Prat_Urgency_group4/box02/mic/20250826_150500.WAV,20250826_150500_subject081,081,M,EtOH,142946
/datastar/behavior_rooms/2CAP/2025-08-26_14-18-43_Prat_Urgency_group4/pi-data_2025-08-26_14-18-43_Prat_Urgency_group4/box02/mic/20250826_151000.WAV,20250826_151000_subject081,081,M,EtOH,142946
/datastar/behavior_rooms/2CAP/2025-08-26_14-18-43_Prat_Urgency_group4/pi-data_2025-08-26_14-18-43_Prat_Urgency_group4/box02/mic/20250826_151500.WAV,20250826_151500_subject081,081,M,EtOH,142946
/datastar/behavior_rooms/2CAP/2025-08-26_14-18-43_Prat_Urgency_group4/pi-data_2025-08-26_14-18-43_Prat_Urgency_group4/box02/mic/20250826_152000.WAV,20250826_152000_subject081,081,M,EtOH,142946
/datastar/behavior_rooms/2CAP/2025-08-26_14-18-43_Prat_Urgency_group4/pi-data_2025-08-26_14-18-43_Prat_Urgency_group4/box02/mic/20250826_152500.WAV,20250826_152500_subject081,081,M,EtOH,142946
/datastar/behavior_rooms/2CAP/2025-08-26_14-18-43_Prat_Urgency_group4/pi-data_2025-08-26_14-18-43_Prat_Urgency_group4/box02/mic/20250826_153000.WAV,20250826_153000_subject081,081,M,EtOH,142946
/datastar/behavior_rooms/2CAP/2025-08-26_14-18-43_Prat_Urgency_group4/pi-data_2025-08-26_14-18-43_Prat_Urgency_group4/box05/mic/20250826_142800.WAV,20250826_142800_subject083_063,083_063,M,EtOH_Control,143152
/datastar/behavior_rooms/2CAP/2025-08-26_14-18-43_Prat_Urgency_group4/pi-data_2025-08-26_14-18-43_Prat_Urgency_group4/box05/mic/20250826_143000.WAV,20250826_143000_subject083_063,083_063,M,EtOH_Control,143152
/datastar/behavior_rooms/2CAP/2025-08-26_14-18-43_Prat_Urgency_group4/pi-data_2025-08-26_14-18-43_Prat_Urgency_group4/box05/mic/20250826_143500.WAV,20250826_143500_subject083_063,083_063,M,EtOH_Control,143152
/datastar/behavior_rooms/2CAP/2025-08-26_14-18-43_Prat_Urgency_group4/pi-data_2025-08-26_14-18-43_Prat_Urgency_group4/box05/mic/20250826_144000.WAV,20250826_144000_subject083_063,083_063,M,EtOH_Control,143152
/datastar/behavior_rooms/2CAP/2025-08-26_14-18-43_Prat_Urgency_group4/pi-data_2025-08-26_14-18-43_Prat_Urgency_group4/box05/mic/20250826_144500.WAV,20250826_144500_subject083_063,083_063,M,EtOH_Control,143152
/datastar/behavior_rooms/2CAP/2025-08-26_14-18-43_Prat_Urgency_group4/pi-data_2025-08-26_14-18-43_Prat_Urgency_group4/box05/mic/20250826_145000.WAV,20250826_145000_subject083_063,083_063,M,EtOH_Control,143152
/datastar/behavior_rooms/2CAP/2025-08-26_14-18-43_Prat_Urgency_group4/pi-data_2025-08-26_14-18-43_Prat_Urgency_group4/box05/mic/20250826_145500.WAV,20250826_145500_subject083_063,083_063,M,EtOH_Control,143152
/datastar/behavior_rooms/2CAP/2025-08-26_14-18-43_Prat_Urgency_group4/pi-data_2025-08-26_14-18-43_Prat_Urgency_group4/box05/mic/20250826_150000.WAV,20250826_150000_subject083_063,083_063,M,EtOH_Control,143152
/datastar/behavior_rooms/2CAP/2025-08-26_14-18-43_Prat_Urgency_group4/pi-data_2025-08-26_14-18-43_Prat_Urgency_group4/box05/mic/20250826_150500.WAV,20250826_150500_subject083_063,083_063,M,EtOH_Control,143152
/datastar/behavior_rooms/2CAP/2025-08-26_14-18-43_Prat_Urgency_group4/pi-data_2025-08-26_14-18-43_Prat_Urgency_group4/box05/mic/20250826_151000.WAV,20250826_151000_subject083_063,083_063,M,EtOH_Control,143152
/datastar/behavior_rooms/2CAP/2025-08-26_14-18-43_Prat_Urgency_group4/pi-data_2025-08-26_14-18-43_Prat_Urgency_group4/box05/mic/20250826_151500.WAV,20250826_151500_subject083_063,083_063,M,EtOH_Control,143152
/datastar/behavior_rooms/2CAP/2025-08-26_14-18-43_Prat_Urgency_group4/pi-data_2025-08-26_14-18-43_Prat_Urgency_group4/box05/mic/20250826_152000.WAV,20250826_152000_subject083_063,083_063,M,EtOH_Control,143152
/datastar/behavior_rooms/2CAP/2025-08-26_14-18-43_Prat_Urgency_group4/pi-data_2025-08-26_14-18-43_Prat_Urgency_group4/box05/mic/20250826_152500.WAV,20250826_152500_subject083_063,083_063,M,EtOH_Control,143152
/datastar/behavior_rooms/2CAP/2025-08-26_14-18-43_Prat_Urgency_group4/pi-data_2025-08-26_14-18-43_Prat_Urgency_group4/box05/mic/20250826_153000.WAV,20250826_153000_subject083_063,083_063,M,EtOH_Control,143152
/datastar/behavior_rooms/2CAP/2025-08-26_14-18-43_Prat_Urgency_group4/pi-data_2025-08-26_14-18-43_Prat_Urgency_group4/box06/mic/20250826_142759.WAV,20250826_142759_subject095_087,095_087,M,EtOH_EtOH,143233
/datastar/behavior_rooms/2CAP/2025-08-26_14-18-43_Prat_Urgency_group4/pi-data_2025-08-26_14-18-43_Prat_Urgency_group4/box06/mic/20250826_143000.WAV,20250826_143000_subject095_087,095_087,M,EtOH_EtOH,143233
/datastar/behavior_rooms/2CAP/2025-08-26_14-18-43_Prat_Urgency_group4/pi-data_2025-08-26_14-18-43_Prat_Urgency_group4/box06/mic/20250826_143500.WAV,20250826_143500_subject095_087,095_087,M,EtOH_EtOH,143233
/datastar/behavior_rooms/2CAP/2025-08-26_14-18-43_Prat_Urgency_group4/pi-data_2025-08-26_14-18-43_Prat_Urgency_group4/box06/mic/20250826_144000.WAV,20250826_144000_subject095_087,095_087,M,EtOH_EtOH,143233
/datastar/behavior_rooms/2CAP/2025-08-26_14-18-43_Prat_Urgency_group4/pi-data_2025-08-26_14-18-43_Prat_Urgency_group4/box06/mic/20250826_144500.WAV,20250826_144500_subject095_087,095_087,M,EtOH_EtOH,143233
/datastar/behavior_rooms/2CAP/2025-08-26_14-18-43_Prat_Urgency_group4/pi-data_2025-08-26_14-18-43_Prat_Urgency_group4/box06/mic/20250826_145000.WAV,20250826_145000_subject095_087,095_087,M,EtOH_EtOH,143233
/datastar/behavior_rooms/2CAP/2025-08-26_14-18-43_Prat_Urgency_group4/pi-data_2025-08-26_14-18-43_Prat_Urgency_group4/box06/mic/20250826_145500.WAV,20250826_145500_subject095_087,095_087,M,EtOH_EtOH,143233
/datastar/behavior_rooms/2CAP/2025-08-26_14-18-43_Prat_Urgency_group4/pi-data_2025-08-26_14-18-43_Prat_Urgency_group4/box06/mic/20250826_150000.WAV,20250826_150000_subject095_087,095_087,M,EtOH_EtOH,143233
/datastar/behavior_rooms/2CAP/2025-08-26_14-18-43_Prat_Urgency_group4/pi-data_2025-08-26_14-18-43_Prat_Urgency_group4/box06/mic/20250826_150500.WAV,20250826_150500_subject095_087,095_087,M,EtOH_EtOH,143233
/datastar/behavior_rooms/2CAP/2025-08-26_14-18-43_Prat_Urgency_group4/pi-data_2025-08-26_14-18-43_Prat_Urgency_group4/box06/mic/20250826_151000.WAV,20250826_151000_subject095_087,095_087,M,EtOH_EtOH,143233
/datastar/behavior_rooms/2CAP/2025-08-26_14-18-43_Prat_Urgency_group4/pi-data_2025-08-26_14-18-43_Prat_Urgency_group4/box06/mic/20250826_151500.WAV,20250826_151500_subject095_087,095_087,M,EtOH_EtOH,143233
/datastar/behavior_rooms/2CAP/2025-08-26_14-18-43_Prat_Urgency_group4/pi-data_2025-08-26_14-18-43_Prat_Urgency_group4/box06/mic/20250826_152000.WAV,20250826_152000_subject095_087,095_087,M,EtOH_EtOH,143233
/datastar/behavior_rooms/2CAP/2025-08-26_14-18-43_Prat_Urgency_group4/pi-data_2025-08-26_14-18-43_Prat_Urgency_group4/box06/mic/20250826_152500.WAV,20250826_152500_subject095_087,095_087,M,EtOH_EtOH,143233
/datastar/behavior_rooms/2CAP/2025-08-26_14-18-43_Prat_Urgency_group4/pi-data_2025-08-26_14-18-43_Prat_Urgency_group4/box06/mic/20250826_153000.WAV,20250826_153000_subject095_087,095_087,M,EtOH_EtOH,143233
/datastar/behavior_rooms/2CAP/2025-08-27_09-40-14_Prat_Urgency_group1/pi-data_2025-08-27_09-40-14_Prat_Urgency_group1/box03/mic/20250827_100516.WAV,20250827_100516_subject059_085,059_085,M,Control_EtOH,100738
/datastar/behavior_rooms/2CAP/2025-08-27_09-40-14_Prat_Urgency_group1/pi-data_2025-08-27_09-40-14_Prat_Urgency_group1/box03/mic/20250827_101000.WAV,20250827_101000_subject059_085,059_085,M,Control_EtOH,100738
/datastar/behavior_rooms/2CAP/2025-08-27_09-40-14_Prat_Urgency_group1/pi-data_2025-08-27_09-40-14_Prat_Urgency_group1/box03/mic/20250827_101500.WAV,20250827_101500_subject059_085,059_085,M,Control_EtOH,100738
/datastar/behavior_rooms/2CAP/2025-08-27_09-40-14_Prat_Urgency_group1/pi-data_2025-08-27_09-40-14_Prat_Urgency_group1/box03/mic/20250827_102000.WAV,20250827_102000_subject059_085,059_085,M,Control_EtOH,100738
/datastar/behavior_rooms/2CAP/2025-08-27_09-40-14_Prat_Urgency_group1/pi-data_2025-08-27_09-40-14_Prat_Urgency_group1/box03/mic/20250827_102500.WAV,20250827_102500_subject059_085,059_085,M,Control_EtOH,100738
/datastar/behavior_rooms/2CAP/2025-08-27_09-40-14_Prat_Urgency_group1/pi-data_2025-08-27_09-40-14_Prat_Urgency_group1/box03/mic/20250827_103000.WAV,20250827_103000_subject059_085,059_085,M,Control_EtOH,100738
/datastar/behavior_rooms/2CAP/2025-08-27_09-40-14_Prat_Urgency_group1/pi-data_2025-08-27_09-40-14_Prat_Urgency_group1/box03/mic/20250827_103500.WAV,20250827_103500_subject059_085,059_085,M,Control_EtOH,100738
/datastar/behavior_rooms/2CAP/2025-08-27_09-40-14_Prat_Urgency_group1/pi-data_2025-08-27_09-40-14_Prat_Urgency_group1/box03/mic/20250827_104000.WAV,20250827_104000_subject059_085,059_085,M,Control_EtOH,100738
/datastar/behavior_rooms/2CAP/2025-08-27_09-40-14_Prat_Urgency_group1/pi-data_2025-08-27_09-40-14_Prat_Urgency_group1/box03/mic/20250827_104500.WAV,20250827_104500_subject059_085,059_085,M,Control_EtOH,100738
/datastar/behavior_rooms/2CAP/2025-08-27_09-40-14_Prat_Urgency_group1/pi-data_2025-08-27_09-40-14_Prat_Urgency_group1/box03/mic/20250827_105000.WAV,20250827_105000_subject059_085,059_085,M,Control_EtOH,100738
/datastar/behavior_rooms/2CAP/2025-08-27_09-40-14_Prat_Urgency_group1/pi-data_2025-08-27_09-40-14_Prat_Urgency_group1/box03/mic/20250827_105500.WAV,20250827_105500_subject059_085,059_085,M,Control_EtOH,100738
/datastar/behavior_rooms/2CAP/2025-08-27_09-40-14_Prat_Urgency_group1/pi-data_2025-08-27_09-40-14_Prat_Urgency_group1/box03/mic/20250827_110000.WAV,20250827_110000_subject059_085,059_085,M,Control_EtOH,100738
/datastar/behavior_rooms/2CAP/2025-08-27_09-40-14_Prat_Urgency_group1/pi-data_2025-08-27_09-40-14_Prat_Urgency_group1/box03/mic/20250827_110500.WAV,20250827_110500_subject059_085,059_085,M,Control_EtOH,100738
/datastar/behavior_rooms/2CAP/2025-08-27_09-40-14_Prat_Urgency_group1/pi-data_2025-08-27_09-40-14_Prat_Urgency_group1/box03/mic/20250827_111000.WAV,20250827_111000_subject059_085,059_085,M,Control_EtOH,100738
/datastar/behavior_rooms/2CAP/2025-08-27_09-40-14_Prat_Urgency_group1/pi-data_2025-08-27_09-40-14_Prat_Urgency_group1/box04/mic/20250827_100516.WAV,20250827_100516_subject065_061,065_061,M,Control_Control,100821
/datastar/behavior_rooms/2CAP/2025-08-27_09-40-14_Prat_Urgency_group1/pi-data_2025-08-27_09-40-14_Prat_Urgency_group1/box04/mic/20250827_101000.WAV,20250827_101000_subject065_061,065_061,M,Control_Control,100821
/datastar/behavior_rooms/2CAP/2025-08-27_09-40-14_Prat_Urgency_group1/pi-data_2025-08-27_09-40-14_Prat_Urgency_group1/box04/mic/20250827_101500.WAV,20250827_101500_subject065_061,065_061,M,Control_Control,100821
/datastar/behavior_rooms/2CAP/2025-08-27_09-40-14_Prat_Urgency_group1/pi-data_2025-08-27_09-40-14_Prat_Urgency_group1/box04/mic/20250827_102000.WAV,20250827_102000_subject065_061,065_061,M,Control_Control,100821
/datastar/behavior_rooms/2CAP/2025-08-27_09-40-14_Prat_Urgency_group1/pi-data_2025-08-27_09-40-14_Prat_Urgency_group1/box04/mic/20250827_102500.WAV,20250827_102500_subject065_061,065_061,M,Control_Control,100821
/datastar/behavior_rooms/2CAP/2025-08-27_09-40-14_Prat_Urgency_group1/pi-data_2025-08-27_09-40-14_Prat_Urgency_group1/box04/mic/20250827_103000.WAV,20250827_103000_subject065_061,065_061,M,Control_Control,100821
/datastar/behavior_rooms/2CAP/2025-08-27_09-40-14_Prat_Urgency_group1/pi-data_2025-08-27_09-40-14_Prat_Urgency_group1/box04/mic/20250827_103500.WAV,20250827_103500_subject065_061,065_061,M,Control_Control,100821
/datastar/behavior_rooms/2CAP/2025-08-27_09-40-14_Prat_Urgency_group1/pi-data_2025-08-27_09-40-14_Prat_Urgency_group1/box04/mic/20250827_104000.WAV,20250827_104000_subject065_061,065_061,M,Control_Control,100821
/datastar/behavior_rooms/2CAP/2025-08-27_09-40-14_Prat_Urgency_group1/pi-data_2025-08-27_09-40-14_Prat_Urgency_group1/box04/mic/20250827_104500.WAV,20250827_104500_subject065_061,065_061,M,Control_Control,100821
/datastar/behavior_rooms/2CAP/2025-08-27_09-40-14_Prat_Urgency_group1/pi-data_2025-08-27_09-40-14_Prat_Urgency_group1/box04/mic/20250827_105000.WAV,20250827_105000_subject065_061,065_061,M,Control_Control,100821
/datastar/behavior_rooms/2CAP/2025-08-27_09-40-14_Prat_Urgency_group1/pi-data_2025-08-27_09-40-14_Prat_Urgency_group1/box04/mic/20250827_105500.WAV,20250827_105500_subject065_061,065_061,M,Control_Control,100821
/datastar/behavior_rooms/2CAP/2025-08-27_09-40-14_Prat_Urgency_group1/pi-data_2025-08-27_09-40-14_Prat_Urgency_group1/box04/mic/20250827_110000.WAV,20250827_110000_subject065_061,065_061,M,Control_Control,100821
/datastar/behavior_rooms/2CAP/2025-08-27_09-40-14_Prat_Urgency_group1/pi-data_2025-08-27_09-40-14_Prat_Urgency_group1/box04/mic/20250827_110500.WAV,20250827_110500_subject065_061,065_061,M,Control_Control,100821
/datastar/behavior_rooms/2CAP/2025-08-27_09-40-14_Prat_Urgency_group1/pi-data_2025-08-27_09-40-14_Prat_Urgency_group1/box04/mic/20250827_111000.WAV,20250827_111000_subject065_061,065_061,M,Control_Control,100821
/datastar/behavior_rooms/2CAP/2025-08-27_09-40-14_Prat_Urgency_group1/pi-data_2025-08-27_09-40-14_Prat_Urgency_group1/box05/mic/20250827_100516.WAV,20250827_100516_subject076,076,F,Control,100841
/datastar/behavior_rooms/2CAP/2025-08-27_09-40-14_Prat_Urgency_group1/pi-data_2025-08-27_09-40-14_Prat_Urgency_group1/box05/mic/20250827_101000.WAV,20250827_101000_subject076,076,F,Control,100841
/datastar/behavior_rooms/2CAP/2025-08-27_09-40-14_Prat_Urgency_group1/pi-data_2025-08-27_09-40-14_Prat_Urgency_group1/box05/mic/20250827_101500.WAV,20250827_101500_subject076,076,F,Control,100841
/datastar/behavior_rooms/2CAP/2025-08-27_09-40-14_Prat_Urgency_group1/pi-data_2025-08-27_09-40-14_Prat_Urgency_group1/box05/mic/20250827_102000.WAV,20250827_102000_subject076,076,F,Control,100841
/datastar/behavior_rooms/2CAP/2025-08-27_09-40-14_Prat_Urgency_group1/pi-data_2025-08-27_09-40-14_Prat_Urgency_group1/box05/mic/20250827_102500.WAV,20250827_102500_subject076,076,F,Control,100841
/datastar/behavior_rooms/2CAP/2025-08-27_09-40-14_Prat_Urgency_group1/pi-data_2025-08-27_09-40-14_Prat_Urgency_group1/box05/mic/20250827_103000.WAV,20250827_103000_subject076,076,F,Control,100841
/datastar/behavior_rooms/2CAP/2025-08-27_09-40-14_Prat_Urgency_group1/pi-data_2025-08-27_09-40-14_Prat_Urgency_group1/box05/mic/20250827_103500.WAV,20250827_103500_subject076,076,F,Control,100841
/datastar/behavior_rooms/2CAP/2025-08-27_09-40-14_Prat_Urgency_group1/pi-data_2025-08-27_09-40-14_Prat_Urgency_group1/box05/mic/20250827_104000.WAV,20250827_104000_subject076,076,F,Control,100841
/datastar/behavior_rooms/2CAP/2025-08-27_09-40-14_Prat_Urgency_group1/pi-data_2025-08-27_09-40-14_Prat_Urgency_group1/box05/mic/20250827_104500.WAV,20250827_104500_subject076,076,F,Control,100841
/datastar/behavior_rooms/2CAP/2025-08-27_09-40-14_Prat_Urgency_group1/pi-data_2025-08-27_09-40-14_Prat_Urgency_group1/box05/mic/20250827_105000.WAV,20250827_105000_subject076,076,F,Control,100841
/datastar/behavior_rooms/2CAP/2025-08-27_09-40-14_Prat_Urgency_group1/pi-data_2025-08-27_09-40-14_Prat_Urgency_group1/box05/mic/20250827_105500.WAV,20250827_105500_subject076,076,F,Control,100841
/datastar/behavior_rooms/2CAP/2025-08-27_09-40-14_Prat_Urgency_group1/pi-data_2025-08-27_09-40-14_Prat_Urgency_group1/box05/mic/20250827_110000.WAV,20250827_110000_subject076,076,F,Control,100841
/datastar/behavior_rooms/2CAP/2025-08-27_09-40-14_Prat_Urgency_group1/pi-data_2025-08-27_09-40-14_Prat_Urgency_group1/box05/mic/20250827_110500.WAV,20250827_110500_subject076,076,F,Control,100841
/datastar/behavior_rooms/2CAP/2025-08-27_09-40-14_Prat_Urgency_group1/pi-data_2025-08-27_09-40-14_Prat_Urgency_group1/box05/mic/20250827_111000.WAV,20250827_111000_subject076,076,F,Control,100841
/datastar/behavior_rooms/2CAP/2025-08-27_09-40-14_Prat_Urgency_group1/pi-data_2025-08-27_09-40-14_Prat_Urgency_group1/box01/mic/20250827_100515.WAV,20250827_100515_subject082_072,082_072,F,EtOH_Control,100619
/datastar/behavior_rooms/2CAP/2025-08-27_09-40-14_Prat_Urgency_group1/pi-data_2025-08-27_09-40-14_Prat_Urgency_group1/box01/mic/20250827_101000.WAV,20250827_101000_subject082_072,082_072,F,EtOH_Control,100619
/datastar/behavior_rooms/2CAP/2025-08-27_09-40-14_Prat_Urgency_group1/pi-data_2025-08-27_09-40-14_Prat_Urgency_group1/box01/mic/20250827_101500.WAV,20250827_101500_subject082_072,082_072,F,EtOH_Control,100619
/datastar/behavior_rooms/2CAP/2025-08-27_09-40-14_Prat_Urgency_group1/pi-data_2025-08-27_09-40-14_Prat_Urgency_group1/box01/mic/20250827_102000.WAV,20250827_102000_subject082_072,082_072,F,EtOH_Control,100619
/datastar/behavior_rooms/2CAP/2025-08-27_09-40-14_Prat_Urgency_group1/pi-data_2025-08-27_09-40-14_Prat_Urgency_group1/box01/mic/20250827_102500.WAV,20250827_102500_subject082_072,082_072,F,EtOH_Control,100619
/datastar/behavior_rooms/2CAP/2025-08-27_09-40-14_Prat_Urgency_group1/pi-data_2025-08-27_09-40-14_Prat_Urgency_group1/box01/mic/20250827_103000.WAV,20250827_103000_subject082_072,082_072,F,EtOH_Control,100619
/datastar/behavior_rooms/2CAP/2025-08-27_09-40-14_Prat_Urgency_group1/pi-data_2025-08-27_09-40-14_Prat_Urgency_group1/box01/mic/20250827_103500.WAV,20250827_103500_subject082_072,082_072,F,EtOH_Control,100619
/datastar/behavior_rooms/2CAP/2025-08-27_09-40-14_Prat_Urgency_group1/pi-data_2025-08-27_09-40-14_Prat_Urgency_group1/box01/mic/20250827_104000.WAV,20250827_104000_subject082_072,082_072,F,EtOH_Control,100619
/datastar/behavior_rooms/2CAP/2025-08-27_09-40-14_Prat_Urgency_group1/pi-data_2025-08-27_09-40-14_Prat_Urgency_group1/box01/mic/20250827_104500.WAV,20250827_104500_subject082_072,082_072,F,EtOH_Control,100619
/datastar/behavior_rooms/2CAP/2025-08-27_09-40-14_Prat_Urgency_group1/pi-data_2025-08-27_09-40-14_Prat_Urgency_group1/box01/mic/20250827_105000.WAV,20250827_105000_subject082_072,082_072,F,EtOH_Control,100619
/datastar/behavior_rooms/2CAP/2025-08-27_09-40-14_Prat_Urgency_group1/pi-data_2025-08-27_09-40-14_Prat_Urgency_group1/box01/mic/20250827_105500.WAV,20250827_105500_subject082_072,082_072,F,EtOH_Control,100619
/datastar/behavior_rooms/2CAP/2025-08-27_09-40-14_Prat_Urgency_group1/pi-data_2025-08-27_09-40-14_Prat_Urgency_group1/box01/mic/20250827_110000.WAV,20250827_110000_subject082_072,082_072,F,EtOH_Control,100619
/datastar/behavior_rooms/2CAP/2025-08-27_09-40-14_Prat_Urgency_group1/pi-data_2025-08-27_09-40-14_Prat_Urgency_group1/box01/mic/20250827_110500.WAV,20250827_110500_subject082_072,082_072,F,EtOH_Control,100619
/datastar/behavior_rooms/2CAP/2025-08-27_09-40-14_Prat_Urgency_group1/pi-data_2025-08-27_09-40-14_Prat_Urgency_group1/box01/mic/20250827_111000.WAV,20250827_111000_subject082_072,082_072,F,EtOH_Control,100619
/datastar/behavior_rooms/2CAP/2025-08-27_09-40-14_Prat_Urgency_group1/pi-data_2025-08-27_09-40-14_Prat_Urgency_group1/box06/mic/20250827_100516.WAV,20250827_100516_subject089,089,M,EtOH,100902
/datastar/behavior_rooms/2CAP/2025-08-27_09-40-14_Prat_Urgency_group1/pi-data_2025-08-27_09-40-14_Prat_Urgency_group1/box06/mic/20250827_101000.WAV,20250827_101000_subject089,089,M,EtOH,100902
/datastar/behavior_rooms/2CAP/2025-08-27_09-40-14_Prat_Urgency_group1/pi-data_2025-08-27_09-40-14_Prat_Urgency_group1/box06/mic/20250827_101500.WAV,20250827_101500_subject089,089,M,EtOH,100902
/datastar/behavior_rooms/2CAP/2025-08-27_09-40-14_Prat_Urgency_group1/pi-data_2025-08-27_09-40-14_Prat_Urgency_group1/box06/mic/20250827_102000.WAV,20250827_102000_subject089,089,M,EtOH,100902
/datastar/behavior_rooms/2CAP/2025-08-27_09-40-14_Prat_Urgency_group1/pi-data_2025-08-27_09-40-14_Prat_Urgency_group1/box06/mic/20250827_102500.WAV,20250827_102500_subject089,089,M,EtOH,100902
/datastar/behavior_rooms/2CAP/2025-08-27_09-40-14_Prat_Urgency_group1/pi-data_2025-08-27_09-40-14_Prat_Urgency_group1/box06/mic/20250827_103000.WAV,20250827_103000_subject089,089,M,EtOH,100902
/datastar/behavior_rooms/2CAP/2025-08-27_09-40-14_Prat_Urgency_group1/pi-data_2025-08-27_09-40-14_Prat_Urgency_group1/box06/mic/20250827_103500.WAV,20250827_103500_subject089,089,M,EtOH,100902
/datastar/behavior_rooms/2CAP/2025-08-27_09-40-14_Prat_Urgency_group1/pi-data_2025-08-27_09-40-14_Prat_Urgency_group1/box06/mic/20250827_104000.WAV,20250827_104000_subject089,089,M,EtOH,100902
/datastar/behavior_rooms/2CAP/2025-08-27_09-40-14_Prat_Urgency_group1/pi-data_2025-08-27_09-40-14_Prat_Urgency_group1/box06/mic/20250827_104500.WAV,20250827_104500_subject089,089,M,EtOH,100902
/datastar/behavior_rooms/2CAP/2025-08-27_09-40-14_Prat_Urgency_group1/pi-data_2025-08-27_09-40-14_Prat_Urgency_group1/box06/mic/20250827_105000.WAV,20250827_105000_subject089,089,M,EtOH,100902
/datastar/behavior_rooms/2CAP/2025-08-27_09-40-14_Prat_Urgency_group1/pi-data_2025-08-27_09-40-14_Prat_Urgency_group1/box06/mic/20250827_105500.WAV,20250827_105500_subject089,089,M,EtOH,100902
/datastar/behavior_rooms/2CAP/2025-08-27_09-40-14_Prat_Urgency_group1/pi-data_2025-08-27_09-40-14_Prat_Urgency_group1/box06/mic/20250827_110000.WAV,20250827_110000_subject089,089,M,EtOH,100902
/datastar/behavior_rooms/2CAP/2025-08-27_09-40-14_Prat_Urgency_group1/pi-data_2025-08-27_09-40-14_Prat_Urgency_group1/box06/mic/20250827_110500.WAV,20250827_110500_subject089,089,M,EtOH,100902
/datastar/behavior_rooms/2CAP/2025-08-27_09-40-14_Prat_Urgency_group1/pi-data_2025-08-27_09-40-14_Prat_Urgency_group1/box06/mic/20250827_111000.WAV,20250827_111000_subject089,089,M,EtOH,100902
/datastar/behavior_rooms/2CAP/2025-08-27_09-40-14_Prat_Urgency_group1/pi-data_2025-08-27_09-40-14_Prat_Urgency_group1/box02/mic/20250827_100516.WAV,20250827_100516_subject090_080,090_080,F,EtOH_EtOH,100658
/datastar/behavior_rooms/2CAP/2025-08-27_09-40-14_Prat_Urgency_group1/pi-data_2025-08-27_09-40-14_Prat_Urgency_group1/box02/mic/20250827_101000.WAV,20250827_101000_subject090_080,090_080,F,EtOH_EtOH,100658
/datastar/behavior_rooms/2CAP/2025-08-27_09-40-14_Prat_Urgency_group1/pi-data_2025-08-27_09-40-14_Prat_Urgency_group1/box02/mic/20250827_101500.WAV,20250827_101500_subject090_080,090_080,F,EtOH_EtOH,100658
/datastar/behavior_rooms/2CAP/2025-08-27_09-40-14_Prat_Urgency_group1/pi-data_2025-08-27_09-40-14_Prat_Urgency_group1/box02/mic/20250827_102000.WAV,20250827_102000_subject090_080,090_080,F,EtOH_EtOH,100658
/datastar/behavior_rooms/2CAP/2025-08-27_09-40-14_Prat_Urgency_group1/pi-data_2025-08-27_09-40-14_Prat_Urgency_group1/box02/mic/20250827_102500.WAV,20250827_102500_subject090_080,090_080,F,EtOH_EtOH,100658
/datastar/behavior_rooms/2CAP/2025-08-27_09-40-14_Prat_Urgency_group1/pi-data_2025-08-27_09-40-14_Prat_Urgency_group1/box02/mic/20250827_103000.WAV,20250827_103000_subject090_080,090_080,F,EtOH_EtOH,100658
/datastar/behavior_rooms/2CAP/2025-08-27_09-40-14_Prat_Urgency_group1/pi-data_2025-08-27_09-40-14_Prat_Urgency_group1/box02/mic/20250827_103500.WAV,20250827_103500_subject090_080,090_080,F,EtOH_EtOH,100658
/datastar/behavior_rooms/2CAP/2025-08-27_09-40-14_Prat_Urgency_group1/pi-data_2025-08-27_09-40-14_Prat_Urgency_group1/box02/mic/20250827_104000.WAV,20250827_104000_subject090_080,090_080,F,EtOH_EtOH,100658
/datastar/behavior_rooms/2CAP/2025-08-27_09-40-14_Prat_Urgency_group1/pi-data_2025-08-27_09-40-14_Prat_Urgency_group1/box02/mic/20250827_104500.WAV,20250827_104500_subject090_080,090_080,F,EtOH_EtOH,100658
/datastar/behavior_rooms/2CAP/2025-08-27_09-40-14_Prat_Urgency_group1/pi-data_2025-08-27_09-40-14_Prat_Urgency_group1/box02/mic/20250827_105000.WAV,20250827_105000_subject090_080,090_080,F,EtOH_EtOH,100658
/datastar/behavior_rooms/2CAP/2025-08-27_09-40-14_Prat_Urgency_group1/pi-data_2025-08-27_09-40-14_Prat_Urgency_group1/box02/mic/20250827_105500.WAV,20250827_105500_subject090_080,090_080,F,EtOH_EtOH,100658
/datastar/behavior_rooms/2CAP/2025-08-27_09-40-14_Prat_Urgency_group1/pi-data_2025-08-27_09-40-14_Prat_Urgency_group1/box02/mic/20250827_110000.WAV,20250827_110000_subject090_080,090_080,F,EtOH_EtOH,100658
/datastar/behavior_rooms/2CAP/2025-08-27_09-40-14_Prat_Urgency_group1/pi-data_2025-08-27_09-40-14_Prat_Urgency_group1/box02/mic/20250827_110500.WAV,20250827_110500_subject090_080,090_080,F,EtOH_EtOH,100658
/datastar/behavior_rooms/2CAP/2025-08-27_09-40-14_Prat_Urgency_group1/pi-data_2025-08-27_09-40-14_Prat_Urgency_group1/box02/mic/20250827_111000.WAV,20250827_111000_subject090_080,090_080,F,EtOH_EtOH,100658
/datastar/behavior_rooms/2CAP/2025-08-27_11-26-09_Prat_Urgency_group2/pi-data_2025-08-27_11-26-09_Prat_Urgency_group2/box04/mic/20250827_113517.WAV,20250827_113517_subject062_084,062_084,F,Control_EtOH,113753
/datastar/behavior_rooms/2CAP/2025-08-27_11-26-09_Prat_Urgency_group2/pi-data_2025-08-27_11-26-09_Prat_Urgency_group2/box04/mic/20250827_114000.WAV,20250827_114000_subject062_084,062_084,F,Control_EtOH,113753
/datastar/behavior_rooms/2CAP/2025-08-27_11-26-09_Prat_Urgency_group2/pi-data_2025-08-27_11-26-09_Prat_Urgency_group2/box04/mic/20250827_114500.WAV,20250827_114500_subject062_084,062_084,F,Control_EtOH,113753
/datastar/behavior_rooms/2CAP/2025-08-27_11-26-09_Prat_Urgency_group2/pi-data_2025-08-27_11-26-09_Prat_Urgency_group2/box04/mic/20250827_115000.WAV,20250827_115000_subject062_084,062_084,F,Control_EtOH,113753
/datastar/behavior_rooms/2CAP/2025-08-27_11-26-09_Prat_Urgency_group2/pi-data_2025-08-27_11-26-09_Prat_Urgency_group2/box04/mic/20250827_115500.WAV,20250827_115500_subject062_084,062_084,F,Control_EtOH,113753
/datastar/behavior_rooms/2CAP/2025-08-27_11-26-09_Prat_Urgency_group2/pi-data_2025-08-27_11-26-09_Prat_Urgency_group2/box04/mic/20250827_120000.WAV,20250827_120000_subject062_084,062_084,F,Control_EtOH,113753
/datastar/behavior_rooms/2CAP/2025-08-27_11-26-09_Prat_Urgency_group2/pi-data_2025-08-27_11-26-09_Prat_Urgency_group2/box04/mic/20250827_120500.WAV,20250827_120500_subject062_084,062_084,F,Control_EtOH,113753
/datastar/behavior_rooms/2CAP/2025-08-27_11-26-09_Prat_Urgency_group2/pi-data_2025-08-27_11-26-09_Prat_Urgency_group2/box04/mic/20250827_121000.WAV,20250827_121000_subject062_084,062_084,F,Control_EtOH,113753
/datastar/behavior_rooms/2CAP/2025-08-27_11-26-09_Prat_Urgency_group2/pi-data_2025-08-27_11-26-09_Prat_Urgency_group2/box04/mic/20250827_121500.WAV,20250827_121500_subject062_084,062_084,F,Control_EtOH,113753
/datastar/behavior_rooms/2CAP/2025-08-27_11-26-09_Prat_Urgency_group2/pi-data_2025-08-27_11-26-09_Prat_Urgency_group2/box04/mic/20250827_122000.WAV,20250827_122000_subject062_084,062_084,F,Control_EtOH,113753
/datastar/behavior_rooms/2CAP/2025-08-27_11-26-09_Prat_Urgency_group2/pi-data_2025-08-27_11-26-09_Prat_Urgency_group2/box04/mic/20250827_122500.WAV,20250827_122500_subject062_084,062_084,F,Control_EtOH,113753
/datastar/behavior_rooms/2CAP/2025-08-27_11-26-09_Prat_Urgency_group2/pi-data_2025-08-27_11-26-09_Prat_Urgency_group2/box04/mic/20250827_123000.WAV,20250827_123000_subject062_084,062_084,F,Control_EtOH,113753
/datastar/behavior_rooms/2CAP/2025-08-27_11-26-09_Prat_Urgency_group2/pi-data_2025-08-27_11-26-09_Prat_Urgency_group2/box04/mic/20250827_123500.WAV,20250827_123500_subject062_084,062_084,F,Control_EtOH,113753
/datastar/behavior_rooms/2CAP/2025-08-27_11-26-09_Prat_Urgency_group2/pi-data_2025-08-27_11-26-09_Prat_Urgency_group2/box02/mic/20250827_113517.WAV,20250827_113517_subject067_073,067_073,M,Control_Control,113658
/datastar/behavior_rooms/2CAP/2025-08-27_11-26-09_Prat_Urgency_group2/pi-data_2025-08-27_11-26-09_Prat_Urgency_group2/box02/mic/20250827_114000.WAV,20250827_114000_subject067_073,067_073,M,Control_Control,113658
/datastar/behavior_rooms/2CAP/2025-08-27_11-26-09_Prat_Urgency_group2/pi-data_2025-08-27_11-26-09_Prat_Urgency_group2/box02/mic/20250827_114500.WAV,20250827_114500_subject067_073,067_073,M,Control_Control,113658
/datastar/behavior_rooms/2CAP/2025-08-27_11-26-09_Prat_Urgency_group2/pi-data_2025-08-27_11-26-09_Prat_Urgency_group2/box02/mic/20250827_115000.WAV,20250827_115000_subject067_073,067_073,M,Control_Control,113658
/datastar/behavior_rooms/2CAP/2025-08-27_11-26-09_Prat_Urgency_group2/pi-data_2025-08-27_11-26-09_Prat_Urgency_group2/box02/mic/20250827_115500.WAV,20250827_115500_subject067_073,067_073,M,Control_Control,113658
/datastar/behavior_rooms/2CAP/2025-08-27_11-26-09_Prat_Urgency_group2/pi-data_2025-08-27_11-26-09_Prat_Urgency_group2/box02/mic/20250827_120000.WAV,20250827_120000_subject067_073,067_073,M,Control_Control,113658
/datastar/behavior_rooms/2CAP/2025-08-27_11-26-09_Prat_Urgency_group2/pi-data_2025-08-27_11-26-09_Prat_Urgency_group2/box02/mic/20250827_120500.WAV,20250827_120500_subject067_073,067_073,M,Control_Control,113658
/datastar/behavior_rooms/2CAP/2025-08-27_11-26-09_Prat_Urgency_group2/pi-data_2025-08-27_11-26-09_Prat_Urgency_group2/box02/mic/20250827_121000.WAV,20250827_121000_subject067_073,067_073,M,Control_Control,113658
/datastar/behavior_rooms/2CAP/2025-08-27_11-26-09_Prat_Urgency_group2/pi-data_2025-08-27_11-26-09_Prat_Urgency_group2/box02/mic/20250827_121500.WAV,20250827_121500_subject067_073,067_073,M,Control_Control,113658
/datastar/behavior_rooms/2CAP/2025-08-27_11-26-09_Prat_Urgency_group2/pi-data_2025-08-27_11-26-09_Prat_Urgency_group2/box02/mic/20250827_122000.WAV,20250827_122000_subject067_073,067_073,M,Control_Control,113658
/datastar/behavior_rooms/2CAP/2025-08-27_11-26-09_Prat_Urgency_group2/pi-data_2025-08-27_11-26-09_Prat_Urgency_group2/box02/mic/20250827_122500.WAV,20250827_122500_subject067_073,067_073,M,Control_Control,113658
/datastar/behavior_rooms/2CAP/2025-08-27_11-26-09_Prat_Urgency_group2/pi-data_2025-08-27_11-26-09_Prat_Urgency_group2/box02/mic/20250827_123000.WAV,20250827_123000_subject067_073,067_073,M,Control_Control,113658
/datastar/behavior_rooms/2CAP/2025-08-27_11-26-09_Prat_Urgency_group2/pi-data_2025-08-27_11-26-09_Prat_Urgency_group2/box02/mic/20250827_123500.WAV,20250827_123500_subject067_073,067_073,M,Control_Control,113658
/datastar/behavior_rooms/2CAP/2025-08-27_11-26-09_Prat_Urgency_group2/pi-data_2025-08-27_11-26-09_Prat_Urgency_group2/box05/mic/20250827_113517.WAV,20250827_113517_subject086,086,F,EtOH,113815
/datastar/behavior_rooms/2CAP/2025-08-27_11-26-09_Prat_Urgency_group2/pi-data_2025-08-27_11-26-09_Prat_Urgency_group2/box05/mic/20250827_114000.WAV,20250827_114000_subject086,086,F,EtOH,113815
/datastar/behavior_rooms/2CAP/2025-08-27_11-26-09_Prat_Urgency_group2/pi-data_2025-08-27_11-26-09_Prat_Urgency_group2/box05/mic/20250827_114500.WAV,20250827_114500_subject086,086,F,EtOH,113815
/datastar/behavior_rooms/2CAP/2025-08-27_11-26-09_Prat_Urgency_group2/pi-data_2025-08-27_11-26-09_Prat_Urgency_group2/box05/mic/20250827_115000.WAV,20250827_115000_subject086,086,F,EtOH,113815
/datastar/behavior_rooms/2CAP/2025-08-27_11-26-09_Prat_Urgency_group2/pi-data_2025-08-27_11-26-09_Prat_Urgency_group2/box05/mic/20250827_115500.WAV,20250827_115500_subject086,086,F,EtOH,113815
/datastar/behavior_rooms/2CAP/2025-08-27_11-26-09_Prat_Urgency_group2/pi-data_2025-08-27_11-26-09_Prat_Urgency_group2/box05/mic/20250827_120000.WAV,20250827_120000_subject086,086,F,EtOH,113815
/datastar/behavior_rooms/2CAP/2025-08-27_11-26-09_Prat_Urgency_group2/pi-data_2025-08-27_11-26-09_Prat_Urgency_group2/box05/mic/20250827_120500.WAV,20250827_120500_subject086,086,F,EtOH,113815
/datastar/behavior_rooms/2CAP/2025-08-27_11-26-09_Prat_Urgency_group2/pi-data_2025-08-27_11-26-09_Prat_Urgency_group2/box05/mic/20250827_121000.WAV,20250827_121000_subject086,086,F,EtOH,113815
/datastar/behavior_rooms/2CAP/2025-08-27_11-26-09_Prat_Urgency_group2/pi-data_2025-08-27_11-26-09_Prat_Urgency_group2/box05/mic/20250827_121500.WAV,20250827_121500_subject086,086,F,EtOH,113815
/datastar/behavior_rooms/2CAP/2025-08-27_11-26-09_Prat_Urgency_group2/pi-data_2025-08-27_11-26-09_Prat_Urgency_group2/box05/mic/20250827_122000.WAV,20250827_122000_subject086,086,F,EtOH,113815
/datastar/behavior_rooms/2CAP/2025-08-27_11-26-09_Prat_Urgency_group2/pi-data_2025-08-27_11-26-09_Prat_Urgency_group2/box05/mic/20250827_122500.WAV,20250827_122500_subject086,086,F,EtOH,113815
/datastar/behavior_rooms/2CAP/2025-08-27_11-26-09_Prat_Urgency_group2/pi-data_2025-08-27_11-26-09_Prat_Urgency_group2/box05/mic/20250827_123000.WAV,20250827_123000_subject086,086,F,EtOH,113815
/datastar/behavior_rooms/2CAP/2025-08-27_11-26-09_Prat_Urgency_group2/pi-data_2025-08-27_11-26-09_Prat_Urgency_group2/box05/mic/20250827_123500.WAV,20250827_123500_subject086,086,F,EtOH,113815
/datastar/behavior_rooms/2CAP/2025-08-27_11-26-09_Prat_Urgency_group2/pi-data_2025-08-27_11-26-09_Prat_Urgency_group2/box01/mic/20250827_113517.WAV,20250827_113517_subject091_069,091_069,M,EtOH_Control,113625
/datastar/behavior_rooms/2CAP/2025-08-27_11-26-09_Prat_Urgency_group2/pi-data_2025-08-27_11-26-09_Prat_Urgency_group2/box01/mic/20250827_114000.WAV,20250827_114000_subject091_069,091_069,M,EtOH_Control,113625
/datastar/behavior_rooms/2CAP/2025-08-27_11-26-09_Prat_Urgency_group2/pi-data_2025-08-27_11-26-09_Prat_Urgency_group2/box01/mic/20250827_114500.WAV,20250827_114500_subject091_069,091_069,M,EtOH_Control,113625
/datastar/behavior_rooms/2CAP/2025-08-27_11-26-09_Prat_Urgency_group2/pi-data_2025-08-27_11-26-09_Prat_Urgency_group2/box01/mic/20250827_115000.WAV,20250827_115000_subject091_069,091_069,M,EtOH_Control,113625
/datastar/behavior_rooms/2CAP/2025-08-27_11-26-09_Prat_Urgency_group2/pi-data_2025-08-27_11-26-09_Prat_Urgency_group2/box01/mic/20250827_115500.WAV,20250827_115500_subject091_069,091_069,M,EtOH_Control,113625
/datastar/behavior_rooms/2CAP/2025-08-27_11-26-09_Prat_Urgency_group2/pi-data_2025-08-27_11-26-09_Prat_Urgency_group2/box01/mic/20250827_120000.WAV,20250827_120000_subject091_069,091_069,M,EtOH_Control,113625
/datastar/behavior_rooms/2CAP/2025-08-27_11-26-09_Prat_Urgency_group2/pi-data_2025-08-27_11-26-09_Prat_Urgency_group2/box01/mic/20250827_120500.WAV,20250827_120500_subject091_069,091_069,M,EtOH_Control,113625
/datastar/behavior_rooms/2CAP/2025-08-27_11-26-09_Prat_Urgency_group2/pi-data_2025-08-27_11-26-09_Prat_Urgency_group2/box01/mic/20250827_121000.WAV,20250827_121000_subject091_069,091_069,M,EtOH_Control,113625
/datastar/behavior_rooms/2CAP/2025-08-27_11-26-09_Prat_Urgency_group2/pi-data_2025-08-27_11-26-09_Prat_Urgency_group2/box01/mic/20250827_121500.WAV,20250827_121500_subject091_069,091_069,M,EtOH_Control,113625
/datastar/behavior_rooms/2CAP/2025-08-27_11-26-09_Prat_Urgency_group2/pi-data_2025-08-27_11-26-09_Prat_Urgency_group2/box01/mic/20250827_122000.WAV,20250827_122000_subject091_069,091_069,M,EtOH_Control,113625
/datastar/behavior_rooms/2CAP/2025-08-27_11-26-09_Prat_Urgency_group2/pi-data_2025-08-27_11-26-09_Prat_Urgency_group2/box01/mic/20250827_122500.WAV,20250827_122500_subject091_069,091_069,M,EtOH_Control,113625
/datastar/behavior_rooms/2CAP/2025-08-27_11-26-09_Prat_Urgency_group2/pi-data_2025-08-27_11-26-09_Prat_Urgency_group2/box01/mic/20250827_123000.WAV,20250827_123000_subject091_069,091_069,M,EtOH_Control,113625
/datastar/behavior_rooms/2CAP/2025-08-27_11-26-09_Prat_Urgency_group2/pi-data_2025-08-27_11-26-09_Prat_Urgency_group2/box01/mic/20250827_123500.WAV,20250827_123500_subject091_069,091_069,M,EtOH_Control,113625
/datastar/behavior_rooms/2CAP/2025-08-27_11-26-09_Prat_Urgency_group2/pi-data_2025-08-27_11-26-09_Prat_Urgency_group2/box03/mic/20250827_113518.WAV,20250827_113518_subject092,092,F,EtOH,113720
/datastar/behavior_rooms/2CAP/2025-08-27_11-26-09_Prat_Urgency_group2/pi-data_2025-08-27_11-26-09_Prat_Urgency_group2/box03/mic/20250827_114000.WAV,20250827_114000_subject092,092,F,EtOH,113720
/datastar/behavior_rooms/2CAP/2025-08-27_11-26-09_Prat_Urgency_group2/pi-data_2025-08-27_11-26-09_Prat_Urgency_group2/box03/mic/20250827_114500.WAV,20250827_114500_subject092,092,F,EtOH,113720
/datastar/behavior_rooms/2CAP/2025-08-27_11-26-09_Prat_Urgency_group2/pi-data_2025-08-27_11-26-09_Prat_Urgency_group2/box03/mic/20250827_115000.WAV,20250827_115000_subject092,092,F,EtOH,113720
/datastar/behavior_rooms/2CAP/2025-08-27_11-26-09_Prat_Urgency_group2/pi-data_2025-08-27_11-26-09_Prat_Urgency_group2/box03/mic/20250827_115500.WAV,20250827_115500_subject092,092,F,EtOH,113720
/datastar/behavior_rooms/2CAP/2025-08-27_11-26-09_Prat_Urgency_group2/pi-data_2025-08-27_11-26-09_Prat_Urgency_group2/box03/mic/20250827_120000.WAV,20250827_120000_subject092,092,F,EtOH,113720
/datastar/behavior_rooms/2CAP/2025-08-27_11-26-09_Prat_Urgency_group2/pi-data_2025-08-27_11-26-09_Prat_Urgency_group2/box03/mic/20250827_120500.WAV,20250827_120500_subject092,092,F,EtOH,113720
/datastar/behavior_rooms/2CAP/2025-08-27_11-26-09_Prat_Urgency_group2/pi-data_2025-08-27_11-26-09_Prat_Urgency_group2/box03/mic/20250827_121000.WAV,20250827_121000_subject092,092,F,EtOH,113720
/datastar/behavior_rooms/2CAP/2025-08-27_11-26-09_Prat_Urgency_group2/pi-data_2025-08-27_11-26-09_Prat_Urgency_group2/box03/mic/20250827_121500.WAV,20250827_121500_subject092,092,F,EtOH,113720
/datastar/behavior_rooms/2CAP/2025-08-27_11-26-09_Prat_Urgency_group2/pi-data_2025-08-27_11-26-09_Prat_Urgency_group2/box03/mic/20250827_122000.WAV,20250827_122000_subject092,092,F,EtOH,113720
/datastar/behavior_rooms/2CAP/2025-08-27_11-26-09_Prat_Urgency_group2/pi-data_2025-08-27_11-26-09_Prat_Urgency_group2/box03/mic/20250827_122500.WAV,20250827_122500_subject092,092,F,EtOH,113720
/datastar/behavior_rooms/2CAP/2025-08-27_11-26-09_Prat_Urgency_group2/pi-data_2025-08-27_11-26-09_Prat_Urgency_group2/box03/mic/20250827_123000.WAV,20250827_123000_subject092,092,F,EtOH,113720
/datastar/behavior_rooms/2CAP/2025-08-27_11-26-09_Prat_Urgency_group2/pi-data_2025-08-27_11-26-09_Prat_Urgency_group2/box03/mic/20250827_123500.WAV,20250827_123500_subject092,092,F,EtOH,113720
/datastar/behavior_rooms/2CAP/2025-08-27_11-26-09_Prat_Urgency_group2/pi-data_2025-08-27_11-26-09_Prat_Urgency_group2/box06/mic/20250827_113517.WAV,20250827_113517_subject096_060,096_060,F,EtOH_Control,113854
/datastar/behavior_rooms/2CAP/2025-08-27_11-26-09_Prat_Urgency_group2/pi-data_2025-08-27_11-26-09_Prat_Urgency_group2/box06/mic/20250827_114000.WAV,20250827_114000_subject096_060,096_060,F,EtOH_Control,113854
/datastar/behavior_rooms/2CAP/2025-08-27_11-26-09_Prat_Urgency_group2/pi-data_2025-08-27_11-26-09_Prat_Urgency_group2/box06/mic/20250827_114500.WAV,20250827_114500_subject096_060,096_060,F,EtOH_Control,113854
/datastar/behavior_rooms/2CAP/2025-08-27_11-26-09_Prat_Urgency_group2/pi-data_2025-08-27_11-26-09_Prat_Urgency_group2/box06/mic/20250827_115000.WAV,20250827_115000_subject096_060,096_060,F,EtOH_Control,113854
/datastar/behavior_rooms/2CAP/2025-08-27_11-26-09_Prat_Urgency_group2/pi-data_2025-08-27_11-26-09_Prat_Urgency_group2/box06/mic/20250827_115500.WAV,20250827_115500_subject096_060,096_060,F,EtOH_Control,113854
/datastar/behavior_rooms/2CAP/2025-08-27_11-26-09_Prat_Urgency_group2/pi-data_2025-08-27_11-26-09_Prat_Urgency_group2/box06/mic/20250827_120000.WAV,20250827_120000_subject096_060,096_060,F,EtOH_Control,113854
/datastar/behavior_rooms/2CAP/2025-08-27_11-26-09_Prat_Urgency_group2/pi-data_2025-08-27_11-26-09_Prat_Urgency_group2/box06/mic/20250827_120500.WAV,20250827_120500_subject096_060,096_060,F,EtOH_Control,113854
/datastar/behavior_rooms/2CAP/2025-08-27_11-26-09_Prat_Urgency_group2/pi-data_2025-08-27_11-26-09_Prat_Urgency_group2/box06/mic/20250827_121000.WAV,20250827_121000_subject096_060,096_060,F,EtOH_Control,113854
/datastar/behavior_rooms/2CAP/2025-08-27_11-26-09_Prat_Urgency_group2/pi-data_2025-08-27_11-26-09_Prat_Urgency_group2/box06/mic/20250827_121500.WAV,20250827_121500_subject096_060,096_060,F,EtOH_Control,113854
/datastar/behavior_rooms/2CAP/2025-08-27_11-26-09_Prat_Urgency_group2/pi-data_2025-08-27_11-26-09_Prat_Urgency_group2/box06/mic/20250827_122000.WAV,20250827_122000_subject096_060,096_060,F,EtOH_Control,113854
/datastar/behavior_rooms/2CAP/2025-08-27_11-26-09_Prat_Urgency_group2/pi-data_2025-08-27_11-26-09_Prat_Urgency_group2/box06/mic/20250827_122500.WAV,20250827_122500_subject096_060,096_060,F,EtOH_Control,113854
/datastar/behavior_rooms/2CAP/2025-08-27_11-26-09_Prat_Urgency_group2/pi-data_2025-08-27_11-26-09_Prat_Urgency_group2/box06/mic/20250827_123000.WAV,20250827_123000_subject096_060,096_060,F,EtOH_Control,113854
/datastar/behavior_rooms/2CAP/2025-08-27_11-26-09_Prat_Urgency_group2/pi-data_2025-08-27_11-26-09_Prat_Urgency_group2/box06/mic/20250827_123500.WAV,20250827_123500_subject096_060,096_060,F,EtOH_Control,113854
/datastar/behavior_rooms/2CAP/2025-08-27_13-10-47_Prat_Urgency_group3/pi-data_2025-08-27_13-10-47_Prat_Urgency_group3/box02/mic/20250827_131114.WAV,20250827_131114_subject064_066,064_066,F,Control_Control,131448
/datastar/behavior_rooms/2CAP/2025-08-27_13-10-47_Prat_Urgency_group3/pi-data_2025-08-27_13-10-47_Prat_Urgency_group3/box02/mic/20250827_131500.WAV,20250827_131500_subject064_066,064_066,F,Control_Control,131448
/datastar/behavior_rooms/2CAP/2025-08-27_13-10-47_Prat_Urgency_group3/pi-data_2025-08-27_13-10-47_Prat_Urgency_group3/box02/mic/20250827_132000.WAV,20250827_132000_subject064_066,064_066,F,Control_Control,131448
/datastar/behavior_rooms/2CAP/2025-08-27_13-10-47_Prat_Urgency_group3/pi-data_2025-08-27_13-10-47_Prat_Urgency_group3/box02/mic/20250827_132500.WAV,20250827_132500_subject064_066,064_066,F,Control_Control,131448
/datastar/behavior_rooms/2CAP/2025-08-27_13-10-47_Prat_Urgency_group3/pi-data_2025-08-27_13-10-47_Prat_Urgency_group3/box02/mic/20250827_133000.WAV,20250827_133000_subject064_066,064_066,F,Control_Control,131448
/datastar/behavior_rooms/2CAP/2025-08-27_13-10-47_Prat_Urgency_group3/pi-data_2025-08-27_13-10-47_Prat_Urgency_group3/box02/mic/20250827_133500.WAV,20250827_133500_subject064_066,064_066,F,Control_Control,131448
/datastar/behavior_rooms/2CAP/2025-08-27_13-10-47_Prat_Urgency_group3/pi-data_2025-08-27_13-10-47_Prat_Urgency_group3/box02/mic/20250827_134000.WAV,20250827_134000_subject064_066,064_066,F,Control_Control,131448
/datastar/behavior_rooms/2CAP/2025-08-27_13-10-47_Prat_Urgency_group3/pi-data_2025-08-27_13-10-47_Prat_Urgency_group3/box02/mic/20250827_134500.WAV,20250827_134500_subject064_066,064_066,F,Control_Control,131448
/datastar/behavior_rooms/2CAP/2025-08-27_13-10-47_Prat_Urgency_group3/pi-data_2025-08-27_13-10-47_Prat_Urgency_group3/box02/mic/20250827_135000.WAV,20250827_135000_subject064_066,064_066,F,Control_Control,131448
/datastar/behavior_rooms/2CAP/2025-08-27_13-10-47_Prat_Urgency_group3/pi-data_2025-08-27_13-10-47_Prat_Urgency_group3/box02/mic/20250827_135500.WAV,20250827_135500_subject064_066,064_066,F,Control_Control,131448
/datastar/behavior_rooms/2CAP/2025-08-27_13-10-47_Prat_Urgency_group3/pi-data_2025-08-27_13-10-47_Prat_Urgency_group3/box02/mic/20250827_140000.WAV,20250827_140000_subject064_066,064_066,F,Control_Control,131448
/datastar/behavior_rooms/2CAP/2025-08-27_13-10-47_Prat_Urgency_group3/pi-data_2025-08-27_13-10-47_Prat_Urgency_group3/box02/mic/20250827_140500.WAV,20250827_140500_subject064_066,064_066,F,Control_Control,131448
/datastar/behavior_rooms/2CAP/2025-08-27_13-10-47_Prat_Urgency_group3/pi-data_2025-08-27_13-10-47_Prat_Urgency_group3/box02/mic/20250827_141000.WAV,20250827_141000_subject064_066,064_066,F,Control_Control,131448
/datastar/behavior_rooms/2CAP/2025-08-27_13-10-47_Prat_Urgency_group3/pi-data_2025-08-27_13-10-47_Prat_Urgency_group3/box02/mic/20250827_141500.WAV,20250827_141500_subject064_066,064_066,F,Control_Control,131448
/datastar/behavior_rooms/2CAP/2025-08-27_13-10-47_Prat_Urgency_group3/pi-data_2025-08-27_13-10-47_Prat_Urgency_group3/box01/mic/20250827_131114.WAV,20250827_131114_subject068,068,F,Control,131410
/datastar/behavior_rooms/2CAP/2025-08-27_13-10-47_Prat_Urgency_group3/pi-data_2025-08-27_13-10-47_Prat_Urgency_group3/box01/mic/20250827_131500.WAV,20250827_131500_subject068,068,F,Control,131410
/datastar/behavior_rooms/2CAP/2025-08-27_13-10-47_Prat_Urgency_group3/pi-data_2025-08-27_13-10-47_Prat_Urgency_group3/box01/mic/20250827_132000.WAV,20250827_132000_subject068,068,F,Control,131410
/datastar/behavior_rooms/2CAP/2025-08-27_13-10-47_Prat_Urgency_group3/pi-data_2025-08-27_13-10-47_Prat_Urgency_group3/box01/mic/20250827_132500.WAV,20250827_132500_subject068,068,F,Control,131410
/datastar/behavior_rooms/2CAP/2025-08-27_13-10-47_Prat_Urgency_group3/pi-data_2025-08-27_13-10-47_Prat_Urgency_group3/box01/mic/20250827_133000.WAV,20250827_133000_subject068,068,F,Control,131410
/datastar/behavior_rooms/2CAP/2025-08-27_13-10-47_Prat_Urgency_group3/pi-data_2025-08-27_13-10-47_Prat_Urgency_group3/box01/mic/20250827_133500.WAV,20250827_133500_subject068,068,F,Control,131410
/datastar/behavior_rooms/2CAP/2025-08-27_13-10-47_Prat_Urgency_group3/pi-data_2025-08-27_13-10-47_Prat_Urgency_group3/box01/mic/20250827_134000.WAV,20250827_134000_subject068,068,F,Control,131410
/datastar/behavior_rooms/2CAP/2025-08-27_13-10-47_Prat_Urgency_group3/pi-data_2025-08-27_13-10-47_Prat_Urgency_group3/box01/mic/20250827_134500.WAV,20250827_134500_subject068,068,F,Control,131410
/datastar/behavior_rooms/2CAP/2025-08-27_13-10-47_Prat_Urgency_group3/pi-data_2025-08-27_13-10-47_Prat_Urgency_group3/box01/mic/20250827_135000.WAV,20250827_135000_subject068,068,F,Control,131410
/datastar/behavior_rooms/2CAP/2025-08-27_13-10-47_Prat_Urgency_group3/pi-data_2025-08-27_13-10-47_Prat_Urgency_group3/box01/mic/20250827_135500.WAV,20250827_135500_subject068,068,F,Control,131410
/datastar/behavior_rooms/2CAP/2025-08-27_13-10-47_Prat_Urgency_group3/pi-data_2025-08-27_13-10-47_Prat_Urgency_group3/box01/mic/20250827_140000.WAV,20250827_140000_subject068,068,F,Control,131410
/datastar/behavior_rooms/2CAP/2025-08-27_13-10-47_Prat_Urgency_group3/pi-data_2025-08-27_13-10-47_Prat_Urgency_group3/box01/mic/20250827_140500.WAV,20250827_140500_subject068,068,F,Control,131410
/datastar/behavior_rooms/2CAP/2025-08-27_13-10-47_Prat_Urgency_group3/pi-data_2025-08-27_13-10-47_Prat_Urgency_group3/box01/mic/20250827_141000.WAV,20250827_141000_subject068,068,F,Control,131410
/datastar/behavior_rooms/2CAP/2025-08-27_13-10-47_Prat_Urgency_group3/pi-data_2025-08-27_13-10-47_Prat_Urgency_group3/box01/mic/20250827_141500.WAV,20250827_141500_subject068,068,F,Control,131410
/datastar/behavior_rooms/2CAP/2025-08-27_13-10-47_Prat_Urgency_group3/pi-data_2025-08-27_13-10-47_Prat_Urgency_group3/box04/mic/20250827_131114.WAV,20250827_131114_subject081,081,M,EtOH,131555
/datastar/behavior_rooms/2CAP/2025-08-27_13-10-47_Prat_Urgency_group3/pi-data_2025-08-27_13-10-47_Prat_Urgency_group3/box04/mic/20250827_131500.WAV,20250827_131500_subject081,081,M,EtOH,131555
/datastar/behavior_rooms/2CAP/2025-08-27_13-10-47_Prat_Urgency_group3/pi-data_2025-08-27_13-10-47_Prat_Urgency_group3/box04/mic/20250827_132000.WAV,20250827_132000_subject081,081,M,EtOH,131555
/datastar/behavior_rooms/2CAP/2025-08-27_13-10-47_Prat_Urgency_group3/pi-data_2025-08-27_13-10-47_Prat_Urgency_group3/box04/mic/20250827_132500.WAV,20250827_132500_subject081,081,M,EtOH,131555
/datastar/behavior_rooms/2CAP/2025-08-27_13-10-47_Prat_Urgency_group3/pi-data_2025-08-27_13-10-47_Prat_Urgency_group3/box04/mic/20250827_133000.WAV,20250827_133000_subject081,081,M,EtOH,131555
/datastar/behavior_rooms/2CAP/2025-08-27_13-10-47_Prat_Urgency_group3/pi-data_2025-08-27_13-10-47_Prat_Urgency_group3/box04/mic/20250827_133500.WAV,20250827_133500_subject081,081,M,EtOH,131555
/datastar/behavior_rooms/2CAP/2025-08-27_13-10-47_Prat_Urgency_group3/pi-data_2025-08-27_13-10-47_Prat_Urgency_group3/box04/mic/20250827_134000.WAV,20250827_134000_subject081,081,M,EtOH,131555
/datastar/behavior_rooms/2CAP/2025-08-27_13-10-47_Prat_Urgency_group3/pi-data_2025-08-27_13-10-47_Prat_Urgency_group3/box04/mic/20250827_134500.WAV,20250827_134500_subject081,081,M,EtOH,131555
/datastar/behavior_rooms/2CAP/2025-08-27_13-10-47_Prat_Urgency_group3/pi-data_2025-08-27_13-10-47_Prat_Urgency_group3/box04/mic/20250827_135000.WAV,20250827_135000_subject081,081,M,EtOH,131555
/datastar/behavior_rooms/2CAP/2025-08-27_13-10-47_Prat_Urgency_group3/pi-data_2025-08-27_13-10-47_Prat_Urgency_group3/box04/mic/20250827_135500.WAV,20250827_135500_subject081,081,M,EtOH,131555
/datastar/behavior_rooms/2CAP/2025-08-27_13-10-47_Prat_Urgency_group3/pi-data_2025-08-27_13-10-47_Prat_Urgency_group3/box04/mic/20250827_140000.WAV,20250827_140000_subject081,081,M,EtOH,131555
/datastar/behavior_rooms/2CAP/2025-08-27_13-10-47_Prat_Urgency_group3/pi-data_2025-08-27_13-10-47_Prat_Urgency_group3/box04/mic/20250827_140500.WAV,20250827_140500_subject081,081,M,EtOH,131555
/datastar/behavior_rooms/2CAP/2025-08-27_13-10-47_Prat_Urgency_group3/pi-data_2025-08-27_13-10-47_Prat_Urgency_group3/box04/mic/20250827_141000.WAV,20250827_141000_subject081,081,M,EtOH,131555
/datastar/behavior_rooms/2CAP/2025-08-27_13-10-47_Prat_Urgency_group3/pi-data_2025-08-27_13-10-47_Prat_Urgency_group3/box04/mic/20250827_141500.WAV,20250827_141500_subject081,081,M,EtOH,131555
/datastar/behavior_rooms/2CAP/2025-08-27_13-10-47_Prat_Urgency_group3/pi-data_2025-08-27_13-10-47_Prat_Urgency_group3/box03/mic/20250827_131113.WAV,20250827_131113_subject083_063,083_063,M,EtOH_Control,131532
/datastar/behavior_rooms/2CAP/2025-08-27_13-10-47_Prat_Urgency_group3/pi-data_2025-08-27_13-10-47_Prat_Urgency_group3/box03/mic/20250827_131500.WAV,20250827_131500_subject083_063,083_063,M,EtOH_Control,131532
/datastar/behavior_rooms/2CAP/2025-08-27_13-10-47_Prat_Urgency_group3/pi-data_2025-08-27_13-10-47_Prat_Urgency_group3/box03/mic/20250827_132000.WAV,20250827_132000_subject083_063,083_063,M,EtOH_Control,131532
/datastar/behavior_rooms/2CAP/2025-08-27_13-10-47_Prat_Urgency_group3/pi-data_2025-08-27_13-10-47_Prat_Urgency_group3/box03/mic/20250827_132500.WAV,20250827_132500_subject083_063,083_063,M,EtOH_Control,131532
/datastar/behavior_rooms/2CAP/2025-08-27_13-10-47_Prat_Urgency_group3/pi-data_2025-08-27_13-10-47_Prat_Urgency_group3/box03/mic/20250827_133000.WAV,20250827_133000_subject083_063,083_063,M,EtOH_Control,131532
/datastar/behavior_rooms/2CAP/2025-08-27_13-10-47_Prat_Urgency_group3/pi-data_2025-08-27_13-10-47_Prat_Urgency_group3/box03/mic/20250827_133500.WAV,20250827_133500_subject083_063,083_063,M,EtOH_Control,131532
/datastar/behavior_rooms/2CAP/2025-08-27_13-10-47_Prat_Urgency_group3/pi-data_2025-08-27_13-10-47_Prat_Urgency_group3/box03/mic/20250827_134000.WAV,20250827_134000_subject083_063,083_063,M,EtOH_Control,131532
/datastar/behavior_rooms/2CAP/2025-08-27_13-10-47_Prat_Urgency_group3/pi-data_2025-08-27_13-10-47_Prat_Urgency_group3/box03/mic/20250827_134500.WAV,20250827_134500_subject083_063,083_063,M,EtOH_Control,131532
/datastar/behavior_rooms/2CAP/2025-08-27_13-10-47_Prat_Urgency_group3/pi-data_2025-08-27_13-10-47_Prat_Urgency_group3/box03/mic/20250827_135000.WAV,20250827_135000_subject083_063,083_063,M,EtOH_Control,131532
/datastar/behavior_rooms/2CAP/2025-08-27_13-10-47_Prat_Urgency_group3/pi-data_2025-08-27_13-10-47_Prat_Urgency_group3/box03/mic/20250827_135500.WAV,20250827_135500_subject083_063,083_063,M,EtOH_Control,131532
/datastar/behavior_rooms/2CAP/2025-08-27_13-10-47_Prat_Urgency_group3/pi-data_2025-08-27_13-10-47_Prat_Urgency_group3/box03/mic/20250827_140000.WAV,20250827_140000_subject083_063,083_063,M,EtOH_Control,131532
/datastar/behavior_rooms/2CAP/2025-08-27_13-10-47_Prat_Urgency_group3/pi-data_2025-08-27_13-10-47_Prat_Urgency_group3/box03/mic/20250827_140500.WAV,20250827_140500_subject083_063,083_063,M,EtOH_Control,131532
/datastar/behavior_rooms/2CAP/2025-08-27_13-10-47_Prat_Urgency_group3/pi-data_2025-08-27_13-10-47_Prat_Urgency_group3/box03/mic/20250827_141000.WAV,20250827_141000_subject083_063,083_063,M,EtOH_Control,131532
/datastar/behavior_rooms/2CAP/2025-08-27_13-10-47_Prat_Urgency_group3/pi-data_2025-08-27_13-10-47_Prat_Urgency_group3/box03/mic/20250827_141500.WAV,20250827_141500_subject083_063,083_063,M,EtOH_Control,131532
/datastar/behavior_rooms/2CAP/2025-08-27_13-10-47_Prat_Urgency_group3/pi-data_2025-08-27_13-10-47_Prat_Urgency_group3/box05/mic/20250827_131114.WAV,20250827_131114_subject094_070,094_070,F,EtOH_Control,131638
/datastar/behavior_rooms/2CAP/2025-08-27_13-10-47_Prat_Urgency_group3/pi-data_2025-08-27_13-10-47_Prat_Urgency_group3/box05/mic/20250827_131500.WAV,20250827_131500_subject094_070,094_070,F,EtOH_Control,131638
/datastar/behavior_rooms/2CAP/2025-08-27_13-10-47_Prat_Urgency_group3/pi-data_2025-08-27_13-10-47_Prat_Urgency_group3/box05/mic/20250827_132000.WAV,20250827_132000_subject094_070,094_070,F,EtOH_Control,131638
/datastar/behavior_rooms/2CAP/2025-08-27_13-10-47_Prat_Urgency_group3/pi-data_2025-08-27_13-10-47_Prat_Urgency_group3/box05/mic/20250827_132500.WAV,20250827_132500_subject094_070,094_070,F,EtOH_Control,131638
/datastar/behavior_rooms/2CAP/2025-08-27_13-10-47_Prat_Urgency_group3/pi-data_2025-08-27_13-10-47_Prat_Urgency_group3/box05/mic/20250827_133000.WAV,20250827_133000_subject094_070,094_070,F,EtOH_Control,131638
/datastar/behavior_rooms/2CAP/2025-08-27_13-10-47_Prat_Urgency_group3/pi-data_2025-08-27_13-10-47_Prat_Urgency_group3/box05/mic/20250827_133500.WAV,20250827_133500_subject094_070,094_070,F,EtOH_Control,131638
/datastar/behavior_rooms/2CAP/2025-08-27_13-10-47_Prat_Urgency_group3/pi-data_2025-08-27_13-10-47_Prat_Urgency_group3/box05/mic/20250827_134000.WAV,20250827_134000_subject094_070,094_070,F,EtOH_Control,131638
/datastar/behavior_rooms/2CAP/2025-08-27_13-10-47_Prat_Urgency_group3/pi-data_2025-08-27_13-10-47_Prat_Urgency_group3/box05/mic/20250827_134500.WAV,20250827_134500_subject094_070,094_070,F,EtOH_Control,131638
/datastar/behavior_rooms/2CAP/2025-08-27_13-10-47_Prat_Urgency_group3/pi-data_2025-08-27_13-10-47_Prat_Urgency_group3/box05/mic/20250827_135000.WAV,20250827_135000_subject094_070,094_070,F,EtOH_Control,131638
/datastar/behavior_rooms/2CAP/2025-08-27_13-10-47_Prat_Urgency_group3/pi-data_2025-08-27_13-10-47_Prat_Urgency_group3/box05/mic/20250827_135500.WAV,20250827_135500_subject094_070,094_070,F,EtOH_Control,131638
/datastar/behavior_rooms/2CAP/2025-08-27_13-10-47_Prat_Urgency_group3/pi-data_2025-08-27_13-10-47_Prat_Urgency_group3/box05/mic/20250827_140000.WAV,20250827_140000_subject094_070,094_070,F,EtOH_Control,131638
/datastar/behavior_rooms/2CAP/2025-08-27_13-10-47_Prat_Urgency_group3/pi-data_2025-08-27_13-10-47_Prat_Urgency_group3/box05/mic/20250827_140500.WAV,20250827_140500_subject094_070,094_070,F,EtOH_Control,131638
/datastar/behavior_rooms/2CAP/2025-08-27_13-10-47_Prat_Urgency_group3/pi-data_2025-08-27_13-10-47_Prat_Urgency_group3/box05/mic/20250827_141000.WAV,20250827_141000_subject094_070,094_070,F,EtOH_Control,131638
/datastar/behavior_rooms/2CAP/2025-08-27_13-10-47_Prat_Urgency_group3/pi-data_2025-08-27_13-10-47_Prat_Urgency_group3/box05/mic/20250827_141500.WAV,20250827_141500_subject094_070,094_070,F,EtOH_Control,131638
/datastar/behavior_rooms/2CAP/2025-08-27_13-10-47_Prat_Urgency_group3/pi-data_2025-08-27_13-10-47_Prat_Urgency_group3/box06/mic/20250827_131114.WAV,20250827_131114_subject095_087,095_087,M,EtOH_EtOH,131710
/datastar/behavior_rooms/2CAP/2025-08-27_13-10-47_Prat_Urgency_group3/pi-data_2025-08-27_13-10-47_Prat_Urgency_group3/box06/mic/20250827_131500.WAV,20250827_131500_subject095_087,095_087,M,EtOH_EtOH,131710
/datastar/behavior_rooms/2CAP/2025-08-27_13-10-47_Prat_Urgency_group3/pi-data_2025-08-27_13-10-47_Prat_Urgency_group3/box06/mic/20250827_132000.WAV,20250827_132000_subject095_087,095_087,M,EtOH_EtOH,131710
/datastar/behavior_rooms/2CAP/2025-08-27_13-10-47_Prat_Urgency_group3/pi-data_2025-08-27_13-10-47_Prat_Urgency_group3/box06/mic/20250827_132500.WAV,20250827_132500_subject095_087,095_087,M,EtOH_EtOH,131710
/datastar/behavior_rooms/2CAP/2025-08-27_13-10-47_Prat_Urgency_group3/pi-data_2025-08-27_13-10-47_Prat_Urgency_group3/box06/mic/20250827_133000.WAV,20250827_133000_subject095_087,095_087,M,EtOH_EtOH,131710
/datastar/behavior_rooms/2CAP/2025-08-27_13-10-47_Prat_Urgency_group3/pi-data_2025-08-27_13-10-47_Prat_Urgency_group3/box06/mic/20250827_133500.WAV,20250827_133500_subject095_087,095_087,M,EtOH_EtOH,131710
/datastar/behavior_rooms/2CAP/2025-08-27_13-10-47_Prat_Urgency_group3/pi-data_2025-08-27_13-10-47_Prat_Urgency_group3/box06/mic/20250827_134000.WAV,20250827_134000_subject095_087,095_087,M,EtOH_EtOH,131710
/datastar/behavior_rooms/2CAP/2025-08-27_13-10-47_Prat_Urgency_group3/pi-data_2025-08-27_13-10-47_Prat_Urgency_group3/box06/mic/20250827_134500.WAV,20250827_134500_subject095_087,095_087,M,EtOH_EtOH,131710
/datastar/behavior_rooms/2CAP/2025-08-27_13-10-47_Prat_Urgency_group3/pi-data_2025-08-27_13-10-47_Prat_Urgency_group3/box06/mic/20250827_135000.WAV,20250827_135000_subject095_087,095_087,M,EtOH_EtOH,131710
/datastar/behavior_rooms/2CAP/2025-08-27_13-10-47_Prat_Urgency_group3/pi-data_2025-08-27_13-10-47_Prat_Urgency_group3/box06/mic/20250827_135500.WAV,20250827_135500_subject095_087,095_087,M,EtOH_EtOH,131710
/datastar/behavior_rooms/2CAP/2025-08-27_13-10-47_Prat_Urgency_group3/pi-data_2025-08-27_13-10-47_Prat_Urgency_group3/box06/mic/20250827_140000.WAV,20250827_140000_subject095_087,095_087,M,EtOH_EtOH,131710
/datastar/behavior_rooms/2CAP/2025-08-27_13-10-47_Prat_Urgency_group3/pi-data_2025-08-27_13-10-47_Prat_Urgency_group3/box06/mic/20250827_140500.WAV,20250827_140500_subject095_087,095_087,M,EtOH_EtOH,131710
/datastar/behavior_rooms/2CAP/2025-08-27_13-10-47_Prat_Urgency_group3/pi-data_2025-08-27_13-10-47_Prat_Urgency_group3/box06/mic/20250827_141000.WAV,20250827_141000_subject095_087,095_087,M,EtOH_EtOH,131710
/datastar/behavior_rooms/2CAP/2025-08-27_13-10-47_Prat_Urgency_group3/pi-data_2025-08-27_13-10-47_Prat_Urgency_group3/box06/mic/20250827_141500.WAV,20250827_141500_subject095_087,095_087,M,EtOH_EtOH,131710
/datastar/behavior_rooms/2CAP/2025-08-27_14-41-09_Prat_Urgency_group4/pi-data_2025-08-27_14-41-09_Prat_Urgency_group4/box04/mic/20250827_145035.WAV,20250827_145035_subject074_088,074_088,F,Control_EtOH,145420
/datastar/behavior_rooms/2CAP/2025-08-27_14-41-09_Prat_Urgency_group4/pi-data_2025-08-27_14-41-09_Prat_Urgency_group4/box04/mic/20250827_145500.WAV,20250827_145500_subject074_088,074_088,F,Control_EtOH,145420
/datastar/behavior_rooms/2CAP/2025-08-27_14-41-09_Prat_Urgency_group4/pi-data_2025-08-27_14-41-09_Prat_Urgency_group4/box04/mic/20250827_150000.WAV,20250827_150000_subject074_088,074_088,F,Control_EtOH,145420
/datastar/behavior_rooms/2CAP/2025-08-27_14-41-09_Prat_Urgency_group4/pi-data_2025-08-27_14-41-09_Prat_Urgency_group4/box04/mic/20250827_150500.WAV,20250827_150500_subject074_088,074_088,F,Control_EtOH,145420
/datastar/behavior_rooms/2CAP/2025-08-27_14-41-09_Prat_Urgency_group4/pi-data_2025-08-27_14-41-09_Prat_Urgency_group4/box04/mic/20250827_151000.WAV,20250827_151000_subject074_088,074_088,F,Control_EtOH,145420
/datastar/behavior_rooms/2CAP/2025-08-27_14-41-09_Prat_Urgency_group4/pi-data_2025-08-27_14-41-09_Prat_Urgency_group4/box04/mic/20250827_151500.WAV,20250827_151500_subject074_088,074_088,F,Control_EtOH,145420
/datastar/behavior_rooms/2CAP/2025-08-27_14-41-09_Prat_Urgency_group4/pi-data_2025-08-27_14-41-09_Prat_Urgency_group4/box04/mic/20250827_152000.WAV,20250827_152000_subject074_088,074_088,F,Control_EtOH,145420
/datastar/behavior_rooms/2CAP/2025-08-27_14-41-09_Prat_Urgency_group4/pi-data_2025-08-27_14-41-09_Prat_Urgency_group4/box04/mic/20250827_152500.WAV,20250827_152500_subject074_088,074_088,F,Control_EtOH,145420
/datastar/behavior_rooms/2CAP/2025-08-27_14-41-09_Prat_Urgency_group4/pi-data_2025-08-27_14-41-09_Prat_Urgency_group4/box04/mic/20250827_153000.WAV,20250827_153000_subject074_088,074_088,F,Control_EtOH,145420
/datastar/behavior_rooms/2CAP/2025-08-27_14-41-09_Prat_Urgency_group4/pi-data_2025-08-27_14-41-09_Prat_Urgency_group4/box04/mic/20250827_153500.WAV,20250827_153500_subject074_088,074_088,F,Control_EtOH,145420
/datastar/behavior_rooms/2CAP/2025-08-27_14-41-09_Prat_Urgency_group4/pi-data_2025-08-27_14-41-09_Prat_Urgency_group4/box04/mic/20250827_154000.WAV,20250827_154000_subject074_088,074_088,F,Control_EtOH,145420
/datastar/behavior_rooms/2CAP/2025-08-27_14-41-09_Prat_Urgency_group4/pi-data_2025-08-27_14-41-09_Prat_Urgency_group4/box04/mic/20250827_154500.WAV,20250827_154500_subject074_088,074_088,F,Control_EtOH,145420
/datastar/behavior_rooms/2CAP/2025-08-27_14-41-09_Prat_Urgency_group4/pi-data_2025-08-27_14-41-09_Prat_Urgency_group4/box04/mic/20250827_155000.WAV,20250827_155000_subject074_088,074_088,F,Control_EtOH,145420
/datastar/behavior_rooms/2CAP/2025-08-27_14-41-09_Prat_Urgency_group4/pi-data_2025-08-27_14-41-09_Prat_Urgency_group4/box04/mic/20250827_155500.WAV,20250827_155500_subject074_088,074_088,F,Control_EtOH,145420
/datastar/behavior_rooms/2CAP/2025-08-27_14-41-09_Prat_Urgency_group4/pi-data_2025-08-27_14-41-09_Prat_Urgency_group4/box02/mic/20250827_145035.WAV,20250827_145035_subject077_097,077_097,M,Control_EtOH,145307
/datastar/behavior_rooms/2CAP/2025-08-27_14-41-09_Prat_Urgency_group4/pi-data_2025-08-27_14-41-09_Prat_Urgency_group4/box02/mic/20250827_145500.WAV,20250827_145500_subject077_097,077_097,M,Control_EtOH,145307
/datastar/behavior_rooms/2CAP/2025-08-27_14-41-09_Prat_Urgency_group4/pi-data_2025-08-27_14-41-09_Prat_Urgency_group4/box02/mic/20250827_150000.WAV,20250827_150000_subject077_097,077_097,M,Control_EtOH,145307
/datastar/behavior_rooms/2CAP/2025-08-27_14-41-09_Prat_Urgency_group4/pi-data_2025-08-27_14-41-09_Prat_Urgency_group4/box02/mic/20250827_150500.WAV,20250827_150500_subject077_097,077_097,M,Control_EtOH,145307
/datastar/behavior_rooms/2CAP/2025-08-27_14-41-09_Prat_Urgency_group4/pi-data_2025-08-27_14-41-09_Prat_Urgency_group4/box02/mic/20250827_151000.WAV,20250827_151000_subject077_097,077_097,M,Control_EtOH,145307
/datastar/behavior_rooms/2CAP/2025-08-27_14-41-09_Prat_Urgency_group4/pi-data_2025-08-27_14-41-09_Prat_Urgency_group4/box02/mic/20250827_151500.WAV,20250827_151500_subject077_097,077_097,M,Control_EtOH,145307
/datastar/behavior_rooms/2CAP/2025-08-27_14-41-09_Prat_Urgency_group4/pi-data_2025-08-27_14-41-09_Prat_Urgency_group4/box02/mic/20250827_152000.WAV,20250827_152000_subject077_097,077_097,M,Control_EtOH,145307
/datastar/behavior_rooms/2CAP/2025-08-27_14-41-09_Prat_Urgency_group4/pi-data_2025-08-27_14-41-09_Prat_Urgency_group4/box02/mic/20250827_152500.WAV,20250827_152500_subject077_097,077_097,M,Control_EtOH,145307
/datastar/behavior_rooms/2CAP/2025-08-27_14-41-09_Prat_Urgency_group4/pi-data_2025-08-27_14-41-09_Prat_Urgency_group4/box02/mic/20250827_153000.WAV,20250827_153000_subject077_097,077_097,M,Control_EtOH,145307
/datastar/behavior_rooms/2CAP/2025-08-27_14-41-09_Prat_Urgency_group4/pi-data_2025-08-27_14-41-09_Prat_Urgency_group4/box02/mic/20250827_153500.WAV,20250827_153500_subject077_097,077_097,M,Control_EtOH,145307
/datastar/behavior_rooms/2CAP/2025-08-27_14-41-09_Prat_Urgency_group4/pi-data_2025-08-27_14-41-09_Prat_Urgency_group4/box02/mic/20250827_154000.WAV,20250827_154000_subject077_097,077_097,M,Control_EtOH,145307
/datastar/behavior_rooms/2CAP/2025-08-27_14-41-09_Prat_Urgency_group4/pi-data_2025-08-27_14-41-09_Prat_Urgency_group4/box02/mic/20250827_154500.WAV,20250827_154500_subject077_097,077_097,M,Control_EtOH,145307
/datastar/behavior_rooms/2CAP/2025-08-27_14-41-09_Prat_Urgency_group4/pi-data_2025-08-27_14-41-09_Prat_Urgency_group4/box02/mic/20250827_155000.WAV,20250827_155000_subject077_097,077_097,M,Control_EtOH,145307
/datastar/behavior_rooms/2CAP/2025-08-27_14-41-09_Prat_Urgency_group4/pi-data_2025-08-27_14-41-09_Prat_Urgency_group4/box02/mic/20250827_155500.WAV,20250827_155500_subject077_097,077_097,M,Control_EtOH,145307
/datastar/behavior_rooms/2CAP/2025-08-27_14-41-09_Prat_Urgency_group4/pi-data_2025-08-27_14-41-09_Prat_Urgency_group4/box03/mic/20250827_145035.WAV,20250827_145035_subject078,078,F,Control,145329
/datastar/behavior_rooms/2CAP/2025-08-27_14-41-09_Prat_Urgency_group4/pi-data_2025-08-27_14-41-09_Prat_Urgency_group4/box03/mic/20250827_145500.WAV,20250827_145500_subject078,078,F,Control,145329
/datastar/behavior_rooms/2CAP/2025-08-27_14-41-09_Prat_Urgency_group4/pi-data_2025-08-27_14-41-09_Prat_Urgency_group4/box03/mic/20250827_150000.WAV,20250827_150000_subject078,078,F,Control,145329
/datastar/behavior_rooms/2CAP/2025-08-27_14-41-09_Prat_Urgency_group4/pi-data_2025-08-27_14-41-09_Prat_Urgency_group4/box03/mic/20250827_150500.WAV,20250827_150500_subject078,078,F,Control,145329
/datastar/behavior_rooms/2CAP/2025-08-27_14-41-09_Prat_Urgency_group4/pi-data_2025-08-27_14-41-09_Prat_Urgency_group4/box03/mic/20250827_151000.WAV,20250827_151000_subject078,078,F,Control,145329
/datastar/behavior_rooms/2CAP/2025-08-27_14-41-09_Prat_Urgency_group4/pi-data_2025-08-27_14-41-09_Prat_Urgency_group4/box03/mic/20250827_151500.WAV,20250827_151500_subject078,078,F,Control,145329
/datastar/behavior_rooms/2CAP/2025-08-27_14-41-09_Prat_Urgency_group4/pi-data_2025-08-27_14-41-09_Prat_Urgency_group4/box03/mic/20250827_152000.WAV,20250827_152000_subject078,078,F,Control,145329
/datastar/behavior_rooms/2CAP/2025-08-27_14-41-09_Prat_Urgency_group4/pi-data_2025-08-27_14-41-09_Prat_Urgency_group4/box03/mic/20250827_152500.WAV,20250827_152500_subject078,078,F,Control,145329
/datastar/behavior_rooms/2CAP/2025-08-27_14-41-09_Prat_Urgency_group4/pi-data_2025-08-27_14-41-09_Prat_Urgency_group4/box03/mic/20250827_153000.WAV,20250827_153000_subject078,078,F,Control,145329
/datastar/behavior_rooms/2CAP/2025-08-27_14-41-09_Prat_Urgency_group4/pi-data_2025-08-27_14-41-09_Prat_Urgency_group4/box03/mic/20250827_153500.WAV,20250827_153500_subject078,078,F,Control,145329
/datastar/behavior_rooms/2CAP/2025-08-27_14-41-09_Prat_Urgency_group4/pi-data_2025-08-27_14-41-09_Prat_Urgency_group4/box03/mic/20250827_154000.WAV,20250827_154000_subject078,078,F,Control,145329
/datastar/behavior_rooms/2CAP/2025-08-27_14-41-09_Prat_Urgency_group4/pi-data_2025-08-27_14-41-09_Prat_Urgency_group4/box03/mic/20250827_154500.WAV,20250827_154500_subject078,078,F,Control,145329
/datastar/behavior_rooms/2CAP/2025-08-27_14-41-09_Prat_Urgency_group4/pi-data_2025-08-27_14-41-09_Prat_Urgency_group4/box03/mic/20250827_155000.WAV,20250827_155000_subject078,078,F,Control,145329
/datastar/behavior_rooms/2CAP/2025-08-27_14-41-09_Prat_Urgency_group4/pi-data_2025-08-27_14-41-09_Prat_Urgency_group4/box03/mic/20250827_155500.WAV,20250827_155500_subject078,078,F,Control,145329
/datastar/behavior_rooms/2CAP/2025-08-27_14-41-09_Prat_Urgency_group4/pi-data_2025-08-27_14-41-09_Prat_Urgency_group4/box01/mic/20250827_145035.WAV,20250827_145035_subject093_079,093_079,M,EtOH_EtOH,145233
/datastar/behavior_rooms/2CAP/2025-08-27_14-41-09_Prat_Urgency_group4/pi-data_2025-08-27_14-41-09_Prat_Urgency_group4/box01/mic/20250827_145500.WAV,20250827_145500_subject093_079,093_079,M,EtOH_EtOH,145233
/datastar/behavior_rooms/2CAP/2025-08-27_14-41-09_Prat_Urgency_group4/pi-data_2025-08-27_14-41-09_Prat_Urgency_group4/box01/mic/20250827_150000.WAV,20250827_150000_subject093_079,093_079,M,EtOH_EtOH,145233
/datastar/behavior_rooms/2CAP/2025-08-27_14-41-09_Prat_Urgency_group4/pi-data_2025-08-27_14-41-09_Prat_Urgency_group4/box01/mic/20250827_150500.WAV,20250827_150500_subject093_079,093_079,M,EtOH_EtOH,145233
/datastar/behavior_rooms/2CAP/2025-08-27_14-41-09_Prat_Urgency_group4/pi-data_2025-08-27_14-41-09_Prat_Urgency_group4/box01/mic/20250827_151000.WAV,20250827_151000_subject093_079,093_079,M,EtOH_EtOH,145233
/datastar/behavior_rooms/2CAP/2025-08-27_14-41-09_Prat_Urgency_group4/pi-data_2025-08-27_14-41-09_Prat_Urgency_group4/box01/mic/20250827_151500.WAV,20250827_151500_subject093_079,093_079,M,EtOH_EtOH,145233
/datastar/behavior_rooms/2CAP/2025-08-27_14-41-09_Prat_Urgency_group4/pi-data_2025-08-27_14-41-09_Prat_Urgency_group4/box01/mic/20250827_152000.WAV,20250827_152000_subject093_079,093_079,M,EtOH_EtOH,145233
/datastar/behavior_rooms/2CAP/2025-08-27_14-41-09_Prat_Urgency_group4/pi-data_2025-08-27_14-41-09_Prat_Urgency_group4/box01/mic/20250827_152500.WAV,20250827_152500_subject093_079,093_079,M,EtOH_EtOH,145233
/datastar/behavior_rooms/2CAP/2025-08-27_14-41-09_Prat_Urgency_group4/pi-data_2025-08-27_14-41-09_Prat_Urgency_group4/box01/mic/20250827_153000.WAV,20250827_153000_subject093_079,093_079,M,EtOH_EtOH,145233
/datastar/behavior_rooms/2CAP/2025-08-27_14-41-09_Prat_Urgency_group4/pi-data_2025-08-27_14-41-09_Prat_Urgency_group4/box01/mic/20250827_153500.WAV,20250827_153500_subject093_079,093_079,M,EtOH_EtOH,145233
/datastar/behavior_rooms/2CAP/2025-08-27_14-41-09_Prat_Urgency_group4/pi-data_2025-08-27_14-41-09_Prat_Urgency_group4/box01/mic/20250827_154000.WAV,20250827_154000_subject093_079,093_079,M,EtOH_EtOH,145233
/datastar/behavior_rooms/2CAP/2025-08-27_14-41-09_Prat_Urgency_group4/pi-data_2025-08-27_14-41-09_Prat_Urgency_group4/box01/mic/20250827_154500.WAV,20250827_154500_subject093_079,093_079,M,EtOH_EtOH,145233
/datastar/behavior_rooms/2CAP/2025-08-27_14-41-09_Prat_Urgency_group4/pi-data_2025-08-27_14-41-09_Prat_Urgency_group4/box01/mic/20250827_155000.WAV,20250827_155000_subject093_079,093_079,M,EtOH_EtOH,145233
/datastar/behavior_rooms/2CAP/2025-08-27_14-41-09_Prat_Urgency_group4/pi-data_2025-08-27_14-41-09_Prat_Urgency_group4/box01/mic/20250827_155500.WAV,20250827_155500_subject093_079,093_079,M,EtOH_EtOH,145233
/datastar/behavior_rooms/2CAP/2025-08-27_14-41-09_Prat_Urgency_group4/pi-data_2025-08-27_14-41-09_Prat_Urgency_group4/box06/mic/20250827_145035.WAV,20250827_145035_subject098,098,F,EtOH,145459
/datastar/behavior_rooms/2CAP/2025-08-27_14-41-09_Prat_Urgency_group4/pi-data_2025-08-27_14-41-09_Prat_Urgency_group4/box06/mic/20250827_145500.WAV,20250827_145500_subject098,098,F,EtOH,145459
/datastar/behavior_rooms/2CAP/2025-08-27_14-41-09_Prat_Urgency_group4/pi-data_2025-08-27_14-41-09_Prat_Urgency_group4/box06/mic/20250827_150000.WAV,20250827_150000_subject098,098,F,EtOH,145459
/datastar/behavior_rooms/2CAP/2025-08-27_14-41-09_Prat_Urgency_group4/pi-data_2025-08-27_14-41-09_Prat_Urgency_group4/box06/mic/20250827_150500.WAV,20250827_150500_subject098,098,F,EtOH,145459
/datastar/behavior_rooms/2CAP/2025-08-27_14-41-09_Prat_Urgency_group4/pi-data_2025-08-27_14-41-09_Prat_Urgency_group4/box06/mic/20250827_151000.WAV,20250827_151000_subject098,098,F,EtOH,145459
/datastar/behavior_rooms/2CAP/2025-08-27_14-41-09_Prat_Urgency_group4/pi-data_2025-08-27_14-41-09_Prat_Urgency_group4/box06/mic/20250827_151500.WAV,20250827_151500_subject098,098,F,EtOH,145459
/datastar/behavior_rooms/2CAP/2025-08-27_14-41-09_Prat_Urgency_group4/pi-data_2025-08-27_14-41-09_Prat_Urgency_group4/box06/mic/20250827_152000.WAV,20250827_152000_subject098,098,F,EtOH,145459
/datastar/behavior_rooms/2CAP/2025-08-27_14-41-09_Prat_Urgency_group4/pi-data_2025-08-27_14-41-09_Prat_Urgency_group4/box06/mic/20250827_152500.WAV,20250827_152500_subject098,098,F,EtOH,145459
/datastar/behavior_rooms/2CAP/2025-08-27_14-41-09_Prat_Urgency_group4/pi-data_2025-08-27_14-41-09_Prat_Urgency_group4/box06/mic/20250827_153000.WAV,20250827_153000_subject098,098,F,EtOH,145459
/datastar/behavior_rooms/2CAP/2025-08-27_14-41-09_Prat_Urgency_group4/pi-data_2025-08-27_14-41-09_Prat_Urgency_group4/box06/mic/20250827_153500.WAV,20250827_153500_subject098,098,F,EtOH,145459
/datastar/behavior_rooms/2CAP/2025-08-27_14-41-09_Prat_Urgency_group4/pi-data_2025-08-27_14-41-09_Prat_Urgency_group4/box06/mic/20250827_154000.WAV,20250827_154000_subject098,098,F,EtOH,145459
/datastar/behavior_rooms/2CAP/2025-08-27_14-41-09_Prat_Urgency_group4/pi-data_2025-08-27_14-41-09_Prat_Urgency_group4/box06/mic/20250827_154500.WAV,20250827_154500_subject098,098,F,EtOH,145459
/datastar/behavior_rooms/2CAP/2025-08-27_14-41-09_Prat_Urgency_group4/pi-data_2025-08-27_14-41-09_Prat_Urgency_group4/box06/mic/20250827_155000.WAV,20250827_155000_subject098,098,F,EtOH,145459
/datastar/behavior_rooms/2CAP/2025-08-27_14-41-09_Prat_Urgency_group4/pi-data_2025-08-27_14-41-09_Prat_Urgency_group4/box06/mic/20250827_155500.WAV,20250827_155500_subject098,098,F,EtOH,145459
/datastar/behavior_rooms/2CAP/2025-08-27_14-41-09_Prat_Urgency_group4/pi-data_2025-08-27_14-41-09_Prat_Urgency_group4/box05/mic/20250827_145035.WAV,20250827_145035_subject075_071,075_071,M,Control_Control,145439
/datastar/behavior_rooms/2CAP/2025-08-27_14-41-09_Prat_Urgency_group4/pi-data_2025-08-27_14-41-09_Prat_Urgency_group4/box05/mic/20250827_145500.WAV,20250827_145500_subject075_071,075_071,M,Control_Control,145439
/datastar/behavior_rooms/2CAP/2025-08-27_14-41-09_Prat_Urgency_group4/pi-data_2025-08-27_14-41-09_Prat_Urgency_group4/box05/mic/20250827_150000.WAV,20250827_150000_subject075_071,075_071,M,Control_Control,145439
/datastar/behavior_rooms/2CAP/2025-08-27_14-41-09_Prat_Urgency_group4/pi-data_2025-08-27_14-41-09_Prat_Urgency_group4/box05/mic/20250827_150500.WAV,20250827_150500_subject075_071,075_071,M,Control_Control,145439
/datastar/behavior_rooms/2CAP/2025-08-27_14-41-09_Prat_Urgency_group4/pi-data_2025-08-27_14-41-09_Prat_Urgency_group4/box05/mic/20250827_151000.WAV,20250827_151000_subject075_071,075_071,M,Control_Control,145439
/datastar/behavior_rooms/2CAP/2025-08-27_14-41-09_Prat_Urgency_group4/pi-data_2025-08-27_14-41-09_Prat_Urgency_group4/box05/mic/20250827_151500.WAV,20250827_151500_subject075_071,075_071,M,Control_Control,145439
/datastar/behavior_rooms/2CAP/2025-08-27_14-41-09_Prat_Urgency_group4/pi-data_2025-08-27_14-41-09_Prat_Urgency_group4/box05/mic/20250827_152000.WAV,20250827_152000_subject075_071,075_071,M,Control_Control,145439
/datastar/behavior_rooms/2CAP/2025-08-27_14-41-09_Prat_Urgency_group4/pi-data_2025-08-27_14-41-09_Prat_Urgency_group4/box05/mic/20250827_152500.WAV,20250827_152500_subject075_071,075_071,M,Control_Control,145439
/datastar/behavior_rooms/2CAP/2025-08-27_14-41-09_Prat_Urgency_group4/pi-data_2025-08-27_14-41-09_Prat_Urgency_group4/box05/mic/20250827_153000.WAV,20250827_153000_subject075_071,075_071,M,Control_Control,145439
/datastar/behavior_rooms/2CAP/2025-08-27_14-41-09_Prat_Urgency_group4/pi-data_2025-08-27_14-41-09_Prat_Urgency_group4/box05/mic/20250827_153500.WAV,20250827_153500_subject075_071,075_071,M,Control_Control,145439
/datastar/behavior_rooms/2CAP/2025-08-27_14-41-09_Prat_Urgency_group4/pi-data_2025-08-27_14-41-09_Prat_Urgency_group4/box05/mic/20250827_154000.WAV,20250827_154000_subject075_071,075_071,M,Control_Control,145439
/datastar/behavior_rooms/2CAP/2025-08-27_14-41-09_Prat_Urgency_group4/pi-data_2025-08-27_14-41-09_Prat_Urgency_group4/box05/mic/20250827_154500.WAV,20250827_154500_subject075_071,075_071,M,Control_Control,145439
/datastar/behavior_rooms/2CAP/2025-08-27_14-41-09_Prat_Urgency_group4/pi-data_2025-08-27_14-41-09_Prat_Urgency_group4/box05/mic/20250827_155000.WAV,20250827_155000_subject075_071,075_071,M,Control_Control,145439
/datastar/behavior_rooms/2CAP/2025-08-27_14-41-09_Prat_Urgency_group4/pi-data_2025-08-27_14-41-09_Prat_Urgency_group4/box05/mic/20250827_155500.WAV,20250827_155500_subject075_071,075_071,M,Control_Control,145439
/datastar/behavior_rooms/2CAP/2025-08-28_09-52-56_Prat_Urgency_group1/pi-data_2025-08-28_09-52-56_Prat_Urgency_group1/box04/mic/20250828_101358.WAV,20250828_101358_subject069_067,069_067,M,Control_Control,101654
/datastar/behavior_rooms/2CAP/2025-08-28_09-52-56_Prat_Urgency_group1/pi-data_2025-08-28_09-52-56_Prat_Urgency_group1/box04/mic/20250828_101500.WAV,20250828_101500_subject069_067,069_067,M,Control_Control,101654
/datastar/behavior_rooms/2CAP/2025-08-28_09-52-56_Prat_Urgency_group1/pi-data_2025-08-28_09-52-56_Prat_Urgency_group1/box04/mic/20250828_102000.WAV,20250828_102000_subject069_067,069_067,M,Control_Control,101654
/datastar/behavior_rooms/2CAP/2025-08-28_09-52-56_Prat_Urgency_group1/pi-data_2025-08-28_09-52-56_Prat_Urgency_group1/box04/mic/20250828_102500.WAV,20250828_102500_subject069_067,069_067,M,Control_Control,101654
/datastar/behavior_rooms/2CAP/2025-08-28_09-52-56_Prat_Urgency_group1/pi-data_2025-08-28_09-52-56_Prat_Urgency_group1/box04/mic/20250828_103000.WAV,20250828_103000_subject069_067,069_067,M,Control_Control,101654
/datastar/behavior_rooms/2CAP/2025-08-28_09-52-56_Prat_Urgency_group1/pi-data_2025-08-28_09-52-56_Prat_Urgency_group1/box04/mic/20250828_103500.WAV,20250828_103500_subject069_067,069_067,M,Control_Control,101654
/datastar/behavior_rooms/2CAP/2025-08-28_09-52-56_Prat_Urgency_group1/pi-data_2025-08-28_09-52-56_Prat_Urgency_group1/box04/mic/20250828_104000.WAV,20250828_104000_subject069_067,069_067,M,Control_Control,101654
/datastar/behavior_rooms/2CAP/2025-08-28_09-52-56_Prat_Urgency_group1/pi-data_2025-08-28_09-52-56_Prat_Urgency_group1/box04/mic/20250828_104500.WAV,20250828_104500_subject069_067,069_067,M,Control_Control,101654
/datastar/behavior_rooms/2CAP/2025-08-28_09-52-56_Prat_Urgency_group1/pi-data_2025-08-28_09-52-56_Prat_Urgency_group1/box04/mic/20250828_105000.WAV,20250828_105000_subject069_067,069_067,M,Control_Control,101654
/datastar/behavior_rooms/2CAP/2025-08-28_09-52-56_Prat_Urgency_group1/pi-data_2025-08-28_09-52-56_Prat_Urgency_group1/box04/mic/20250828_105500.WAV,20250828_105500_subject069_067,069_067,M,Control_Control,101654
/datastar/behavior_rooms/2CAP/2025-08-28_09-52-56_Prat_Urgency_group1/pi-data_2025-08-28_09-52-56_Prat_Urgency_group1/box04/mic/20250828_110000.WAV,20250828_110000_subject069_067,069_067,M,Control_Control,101654
/datastar/behavior_rooms/2CAP/2025-08-28_09-52-56_Prat_Urgency_group1/pi-data_2025-08-28_09-52-56_Prat_Urgency_group1/box04/mic/20250828_110500.WAV,20250828_110500_subject069_067,069_067,M,Control_Control,101654
/datastar/behavior_rooms/2CAP/2025-08-28_09-52-56_Prat_Urgency_group1/pi-data_2025-08-28_09-52-56_Prat_Urgency_group1/box04/mic/20250828_111000.WAV,20250828_111000_subject069_067,069_067,M,Control_Control,101654
/datastar/behavior_rooms/2CAP/2025-08-28_09-52-56_Prat_Urgency_group1/pi-data_2025-08-28_09-52-56_Prat_Urgency_group1/box04/mic/20250828_111500.WAV,20250828_111500_subject069_067,069_067,M,Control_Control,101654
/datastar/behavior_rooms/2CAP/2025-08-28_09-52-56_Prat_Urgency_group1/pi-data_2025-08-28_09-52-56_Prat_Urgency_group1/box02/mic/20250828_101358.WAV,20250828_101358_subject073,073,M,Control,101550
/datastar/behavior_rooms/2CAP/2025-08-28_09-52-56_Prat_Urgency_group1/pi-data_2025-08-28_09-52-56_Prat_Urgency_group1/box02/mic/20250828_101500.WAV,20250828_101500_subject073,073,M,Control,101550
/datastar/behavior_rooms/2CAP/2025-08-28_09-52-56_Prat_Urgency_group1/pi-data_2025-08-28_09-52-56_Prat_Urgency_group1/box02/mic/20250828_102000.WAV,20250828_102000_subject073,073,M,Control,101550
/datastar/behavior_rooms/2CAP/2025-08-28_09-52-56_Prat_Urgency_group1/pi-data_2025-08-28_09-52-56_Prat_Urgency_group1/box02/mic/20250828_102500.WAV,20250828_102500_subject073,073,M,Control,101550
/datastar/behavior_rooms/2CAP/2025-08-28_09-52-56_Prat_Urgency_group1/pi-data_2025-08-28_09-52-56_Prat_Urgency_group1/box02/mic/20250828_103000.WAV,20250828_103000_subject073,073,M,Control,101550
/datastar/behavior_rooms/2CAP/2025-08-28_09-52-56_Prat_Urgency_group1/pi-data_2025-08-28_09-52-56_Prat_Urgency_group1/box02/mic/20250828_103500.WAV,20250828_103500_subject073,073,M,Control,101550
/datastar/behavior_rooms/2CAP/2025-08-28_09-52-56_Prat_Urgency_group1/pi-data_2025-08-28_09-52-56_Prat_Urgency_group1/box02/mic/20250828_104000.WAV,20250828_104000_subject073,073,M,Control,101550
/datastar/behavior_rooms/2CAP/2025-08-28_09-52-56_Prat_Urgency_group1/pi-data_2025-08-28_09-52-56_Prat_Urgency_group1/box02/mic/20250828_104500.WAV,20250828_104500_subject073,073,M,Control,101550
/datastar/behavior_rooms/2CAP/2025-08-28_09-52-56_Prat_Urgency_group1/pi-data_2025-08-28_09-52-56_Prat_Urgency_group1/box02/mic/20250828_105000.WAV,20250828_105000_subject073,073,M,Control,101550
/datastar/behavior_rooms/2CAP/2025-08-28_09-52-56_Prat_Urgency_group1/pi-data_2025-08-28_09-52-56_Prat_Urgency_group1/box02/mic/20250828_105500.WAV,20250828_105500_subject073,073,M,Control,101550
/datastar/behavior_rooms/2CAP/2025-08-28_09-52-56_Prat_Urgency_group1/pi-data_2025-08-28_09-52-56_Prat_Urgency_group1/box02/mic/20250828_110000.WAV,20250828_110000_subject073,073,M,Control,101550
/datastar/behavior_rooms/2CAP/2025-08-28_09-52-56_Prat_Urgency_group1/pi-data_2025-08-28_09-52-56_Prat_Urgency_group1/box02/mic/20250828_110500.WAV,20250828_110500_subject073,073,M,Control,101550
/datastar/behavior_rooms/2CAP/2025-08-28_09-52-56_Prat_Urgency_group1/pi-data_2025-08-28_09-52-56_Prat_Urgency_group1/box02/mic/20250828_111000.WAV,20250828_111000_subject073,073,M,Control,101550
/datastar/behavior_rooms/2CAP/2025-08-28_09-52-56_Prat_Urgency_group1/pi-data_2025-08-28_09-52-56_Prat_Urgency_group1/box02/mic/20250828_111500.WAV,20250828_111500_subject073,073,M,Control,101550
/datastar/behavior_rooms/2CAP/2025-08-28_09-52-56_Prat_Urgency_group1/pi-data_2025-08-28_09-52-56_Prat_Urgency_group1/box01/mic/20250828_101358.WAV,20250828_101358_subject084_062,084_062,F,EtOH_Control,101525
/datastar/behavior_rooms/2CAP/2025-08-28_09-52-56_Prat_Urgency_group1/pi-data_2025-08-28_09-52-56_Prat_Urgency_group1/box01/mic/20250828_101500.WAV,20250828_101500_subject084_062,084_062,F,EtOH_Control,101525
/datastar/behavior_rooms/2CAP/2025-08-28_09-52-56_Prat_Urgency_group1/pi-data_2025-08-28_09-52-56_Prat_Urgency_group1/box01/mic/20250828_102000.WAV,20250828_102000_subject084_062,084_062,F,EtOH_Control,101525
/datastar/behavior_rooms/2CAP/2025-08-28_09-52-56_Prat_Urgency_group1/pi-data_2025-08-28_09-52-56_Prat_Urgency_group1/box01/mic/20250828_102500.WAV,20250828_102500_subject084_062,084_062,F,EtOH_Control,101525
/datastar/behavior_rooms/2CAP/2025-08-28_09-52-56_Prat_Urgency_group1/pi-data_2025-08-28_09-52-56_Prat_Urgency_group1/box01/mic/20250828_103000.WAV,20250828_103000_subject084_062,084_062,F,EtOH_Control,101525
/datastar/behavior_rooms/2CAP/2025-08-28_09-52-56_Prat_Urgency_group1/pi-data_2025-08-28_09-52-56_Prat_Urgency_group1/box01/mic/20250828_103500.WAV,20250828_103500_subject084_062,084_062,F,EtOH_Control,101525
/datastar/behavior_rooms/2CAP/2025-08-28_09-52-56_Prat_Urgency_group1/pi-data_2025-08-28_09-52-56_Prat_Urgency_group1/box01/mic/20250828_104000.WAV,20250828_104000_subject084_062,084_062,F,EtOH_Control,101525
/datastar/behavior_rooms/2CAP/2025-08-28_09-52-56_Prat_Urgency_group1/pi-data_2025-08-28_09-52-56_Prat_Urgency_group1/box01/mic/20250828_104500.WAV,20250828_104500_subject084_062,084_062,F,EtOH_Control,101525
/datastar/behavior_rooms/2CAP/2025-08-28_09-52-56_Prat_Urgency_group1/pi-data_2025-08-28_09-52-56_Prat_Urgency_group1/box01/mic/20250828_105000.WAV,20250828_105000_subject084_062,084_062,F,EtOH_Control,101525
/datastar/behavior_rooms/2CAP/2025-08-28_09-52-56_Prat_Urgency_group1/pi-data_2025-08-28_09-52-56_Prat_Urgency_group1/box01/mic/20250828_105500.WAV,20250828_105500_subject084_062,084_062,F,EtOH_Control,101525
/datastar/behavior_rooms/2CAP/2025-08-28_09-52-56_Prat_Urgency_group1/pi-data_2025-08-28_09-52-56_Prat_Urgency_group1/box01/mic/20250828_110000.WAV,20250828_110000_subject084_062,084_062,F,EtOH_Control,101525
/datastar/behavior_rooms/2CAP/2025-08-28_09-52-56_Prat_Urgency_group1/pi-data_2025-08-28_09-52-56_Prat_Urgency_group1/box01/mic/20250828_110500.WAV,20250828_110500_subject084_062,084_062,F,EtOH_Control,101525
/datastar/behavior_rooms/2CAP/2025-08-28_09-52-56_Prat_Urgency_group1/pi-data_2025-08-28_09-52-56_Prat_Urgency_group1/box01/mic/20250828_111000.WAV,20250828_111000_subject084_062,084_062,F,EtOH_Control,101525
/datastar/behavior_rooms/2CAP/2025-08-28_09-52-56_Prat_Urgency_group1/pi-data_2025-08-28_09-52-56_Prat_Urgency_group1/box01/mic/20250828_111500.WAV,20250828_111500_subject084_062,084_062,F,EtOH_Control,101525
/datastar/behavior_rooms/2CAP/2025-08-28_09-52-56_Prat_Urgency_group1/pi-data_2025-08-28_09-52-56_Prat_Urgency_group1/box03/mic/20250828_101358.WAV,20250828_101358_subject091,091,M,EtOH,101616
/datastar/behavior_rooms/2CAP/2025-08-28_09-52-56_Prat_Urgency_group1/pi-data_2025-08-28_09-52-56_Prat_Urgency_group1/box03/mic/20250828_101500.WAV,20250828_101500_subject091,091,M,EtOH,101616
/datastar/behavior_rooms/2CAP/2025-08-28_09-52-56_Prat_Urgency_group1/pi-data_2025-08-28_09-52-56_Prat_Urgency_group1/box03/mic/20250828_102000.WAV,20250828_102000_subject091,091,M,EtOH,101616
/datastar/behavior_rooms/2CAP/2025-08-28_09-52-56_Prat_Urgency_group1/pi-data_2025-08-28_09-52-56_Prat_Urgency_group1/box03/mic/20250828_102500.WAV,20250828_102500_subject091,091,M,EtOH,101616
/datastar/behavior_rooms/2CAP/2025-08-28_09-52-56_Prat_Urgency_group1/pi-data_2025-08-28_09-52-56_Prat_Urgency_group1/box03/mic/20250828_103000.WAV,20250828_103000_subject091,091,M,EtOH,101616
/datastar/behavior_rooms/2CAP/2025-08-28_09-52-56_Prat_Urgency_group1/pi-data_2025-08-28_09-52-56_Prat_Urgency_group1/box03/mic/20250828_103500.WAV,20250828_103500_subject091,091,M,EtOH,101616
/datastar/behavior_rooms/2CAP/2025-08-28_09-52-56_Prat_Urgency_group1/pi-data_2025-08-28_09-52-56_Prat_Urgency_group1/box03/mic/20250828_104000.WAV,20250828_104000_subject091,091,M,EtOH,101616
/datastar/behavior_rooms/2CAP/2025-08-28_09-52-56_Prat_Urgency_group1/pi-data_2025-08-28_09-52-56_Prat_Urgency_group1/box03/mic/20250828_104500.WAV,20250828_104500_subject091,091,M,EtOH,101616
/datastar/behavior_rooms/2CAP/2025-08-28_09-52-56_Prat_Urgency_group1/pi-data_2025-08-28_09-52-56_Prat_Urgency_group1/box03/mic/20250828_105000.WAV,20250828_105000_subject091,091,M,EtOH,101616
/datastar/behavior_rooms/2CAP/2025-08-28_09-52-56_Prat_Urgency_group1/pi-data_2025-08-28_09-52-56_Prat_Urgency_group1/box03/mic/20250828_105500.WAV,20250828_105500_subject091,091,M,EtOH,101616
/datastar/behavior_rooms/2CAP/2025-08-28_09-52-56_Prat_Urgency_group1/pi-data_2025-08-28_09-52-56_Prat_Urgency_group1/box03/mic/20250828_110000.WAV,20250828_110000_subject091,091,M,EtOH,101616
/datastar/behavior_rooms/2CAP/2025-08-28_09-52-56_Prat_Urgency_group1/pi-data_2025-08-28_09-52-56_Prat_Urgency_group1/box03/mic/20250828_110500.WAV,20250828_110500_subject091,091,M,EtOH,101616
/datastar/behavior_rooms/2CAP/2025-08-28_09-52-56_Prat_Urgency_group1/pi-data_2025-08-28_09-52-56_Prat_Urgency_group1/box03/mic/20250828_111000.WAV,20250828_111000_subject091,091,M,EtOH,101616
/datastar/behavior_rooms/2CAP/2025-08-28_09-52-56_Prat_Urgency_group1/pi-data_2025-08-28_09-52-56_Prat_Urgency_group1/box03/mic/20250828_111500.WAV,20250828_111500_subject091,091,M,EtOH,101616
/datastar/behavior_rooms/2CAP/2025-08-28_09-52-56_Prat_Urgency_group1/pi-data_2025-08-28_09-52-56_Prat_Urgency_group1/box05/mic/20250828_101358.WAV,20250828_101358_subject092_086,092_086,F,EtOH_EtOH,101732
/datastar/behavior_rooms/2CAP/2025-08-28_09-52-56_Prat_Urgency_group1/pi-data_2025-08-28_09-52-56_Prat_Urgency_group1/box05/mic/20250828_101500.WAV,20250828_101500_subject092_086,092_086,F,EtOH_EtOH,101732
/datastar/behavior_rooms/2CAP/2025-08-28_09-52-56_Prat_Urgency_group1/pi-data_2025-08-28_09-52-56_Prat_Urgency_group1/box05/mic/20250828_102000.WAV,20250828_102000_subject092_086,092_086,F,EtOH_EtOH,101732
/datastar/behavior_rooms/2CAP/2025-08-28_09-52-56_Prat_Urgency_group1/pi-data_2025-08-28_09-52-56_Prat_Urgency_group1/box05/mic/20250828_102500.WAV,20250828_102500_subject092_086,092_086,F,EtOH_EtOH,101732
/datastar/behavior_rooms/2CAP/2025-08-28_09-52-56_Prat_Urgency_group1/pi-data_2025-08-28_09-52-56_Prat_Urgency_group1/box05/mic/20250828_103000.WAV,20250828_103000_subject092_086,092_086,F,EtOH_EtOH,101732
/datastar/behavior_rooms/2CAP/2025-08-28_09-52-56_Prat_Urgency_group1/pi-data_2025-08-28_09-52-56_Prat_Urgency_group1/box05/mic/20250828_103500.WAV,20250828_103500_subject092_086,092_086,F,EtOH_EtOH,101732
/datastar/behavior_rooms/2CAP/2025-08-28_09-52-56_Prat_Urgency_group1/pi-data_2025-08-28_09-52-56_Prat_Urgency_group1/box05/mic/20250828_104000.WAV,20250828_104000_subject092_086,092_086,F,EtOH_EtOH,101732
/datastar/behavior_rooms/2CAP/2025-08-28_09-52-56_Prat_Urgency_group1/pi-data_2025-08-28_09-52-56_Prat_Urgency_group1/box05/mic/20250828_104500.WAV,20250828_104500_subject092_086,092_086,F,EtOH_EtOH,101732
/datastar/behavior_rooms/2CAP/2025-08-28_09-52-56_Prat_Urgency_group1/pi-data_2025-08-28_09-52-56_Prat_Urgency_group1/box05/mic/20250828_105000.WAV,20250828_105000_subject092_086,092_086,F,EtOH_EtOH,101732
/datastar/behavior_rooms/2CAP/2025-08-28_09-52-56_Prat_Urgency_group1/pi-data_2025-08-28_09-52-56_Prat_Urgency_group1/box05/mic/20250828_105500.WAV,20250828_105500_subject092_086,092_086,F,EtOH_EtOH,101732
/datastar/behavior_rooms/2CAP/2025-08-28_09-52-56_Prat_Urgency_group1/pi-data_2025-08-28_09-52-56_Prat_Urgency_group1/box05/mic/20250828_110000.WAV,20250828_110000_subject092_086,092_086,F,EtOH_EtOH,101732
/datastar/behavior_rooms/2CAP/2025-08-28_09-52-56_Prat_Urgency_group1/pi-data_2025-08-28_09-52-56_Prat_Urgency_group1/box05/mic/20250828_110500.WAV,20250828_110500_subject092_086,092_086,F,EtOH_EtOH,101732
/datastar/behavior_rooms/2CAP/2025-08-28_09-52-56_Prat_Urgency_group1/pi-data_2025-08-28_09-52-56_Prat_Urgency_group1/box05/mic/20250828_111000.WAV,20250828_111000_subject092_086,092_086,F,EtOH_EtOH,101732
/datastar/behavior_rooms/2CAP/2025-08-28_09-52-56_Prat_Urgency_group1/pi-data_2025-08-28_09-52-56_Prat_Urgency_group1/box05/mic/20250828_111500.WAV,20250828_111500_subject092_086,092_086,F,EtOH_EtOH,101732
/datastar/behavior_rooms/2CAP/2025-08-28_09-52-56_Prat_Urgency_group1/pi-data_2025-08-28_09-52-56_Prat_Urgency_group1/box06/mic/20250828_101358.WAV,20250828_101358_subject096_060,096_060,F,EtOH_Control,101708
/datastar/behavior_rooms/2CAP/2025-08-28_09-52-56_Prat_Urgency_group1/pi-data_2025-08-28_09-52-56_Prat_Urgency_group1/box06/mic/20250828_101500.WAV,20250828_101500_subject096_060,096_060,F,EtOH_Control,101708
/datastar/behavior_rooms/2CAP/2025-08-28_09-52-56_Prat_Urgency_group1/pi-data_2025-08-28_09-52-56_Prat_Urgency_group1/box06/mic/20250828_102000.WAV,20250828_102000_subject096_060,096_060,F,EtOH_Control,101708
/datastar/behavior_rooms/2CAP/2025-08-28_09-52-56_Prat_Urgency_group1/pi-data_2025-08-28_09-52-56_Prat_Urgency_group1/box06/mic/20250828_102500.WAV,20250828_102500_subject096_060,096_060,F,EtOH_Control,101708
/datastar/behavior_rooms/2CAP/2025-08-28_09-52-56_Prat_Urgency_group1/pi-data_2025-08-28_09-52-56_Prat_Urgency_group1/box06/mic/20250828_103000.WAV,20250828_103000_subject096_060,096_060,F,EtOH_Control,101708
/datastar/behavior_rooms/2CAP/2025-08-28_09-52-56_Prat_Urgency_group1/pi-data_2025-08-28_09-52-56_Prat_Urgency_group1/box06/mic/20250828_103500.WAV,20250828_103500_subject096_060,096_060,F,EtOH_Control,101708
/datastar/behavior_rooms/2CAP/2025-08-28_09-52-56_Prat_Urgency_group1/pi-data_2025-08-28_09-52-56_Prat_Urgency_group1/box06/mic/20250828_104000.WAV,20250828_104000_subject096_060,096_060,F,EtOH_Control,101708
/datastar/behavior_rooms/2CAP/2025-08-28_09-52-56_Prat_Urgency_group1/pi-data_2025-08-28_09-52-56_Prat_Urgency_group1/box06/mic/20250828_104500.WAV,20250828_104500_subject096_060,096_060,F,EtOH_Control,101708
/datastar/behavior_rooms/2CAP/2025-08-28_09-52-56_Prat_Urgency_group1/pi-data_2025-08-28_09-52-56_Prat_Urgency_group1/box06/mic/20250828_105000.WAV,20250828_105000_subject096_060,096_060,F,EtOH_Control,101708
/datastar/behavior_rooms/2CAP/2025-08-28_09-52-56_Prat_Urgency_group1/pi-data_2025-08-28_09-52-56_Prat_Urgency_group1/box06/mic/20250828_105500.WAV,20250828_105500_subject096_060,096_060,F,EtOH_Control,101708
/datastar/behavior_rooms/2CAP/2025-08-28_09-52-56_Prat_Urgency_group1/pi-data_2025-08-28_09-52-56_Prat_Urgency_group1/box06/mic/20250828_110000.WAV,20250828_110000_subject096_060,096_060,F,EtOH_Control,101708
/datastar/behavior_rooms/2CAP/2025-08-28_09-52-56_Prat_Urgency_group1/pi-data_2025-08-28_09-52-56_Prat_Urgency_group1/box06/mic/20250828_110500.WAV,20250828_110500_subject096_060,096_060,F,EtOH_Control,101708
/datastar/behavior_rooms/2CAP/2025-08-28_09-52-56_Prat_Urgency_group1/pi-data_2025-08-28_09-52-56_Prat_Urgency_group1/box06/mic/20250828_111000.WAV,20250828_111000_subject096_060,096_060,F,EtOH_Control,101708
/datastar/behavior_rooms/2CAP/2025-08-28_09-52-56_Prat_Urgency_group1/pi-data_2025-08-28_09-52-56_Prat_Urgency_group1/box06/mic/20250828_111500.WAV,20250828_111500_subject096_060,096_060,F,EtOH_Control,101708
/datastar/behavior_rooms/2CAP/2025-08-28_11-33-10_Prat_Urgency_group2/pi-data_2025-08-28_11-33-10_Prat_Urgency_group2/box06/mic/20250828_114127.WAV,20250828_114127_subject063_087,063_087,M,Control_EtOH,114519
/datastar/behavior_rooms/2CAP/2025-08-28_11-33-10_Prat_Urgency_group2/pi-data_2025-08-28_11-33-10_Prat_Urgency_group2/box06/mic/20250828_114500.WAV,20250828_114500_subject063_087,063_087,M,Control_EtOH,114519
/datastar/behavior_rooms/2CAP/2025-08-28_11-33-10_Prat_Urgency_group2/pi-data_2025-08-28_11-33-10_Prat_Urgency_group2/box06/mic/20250828_115000.WAV,20250828_115000_subject063_087,063_087,M,Control_EtOH,114519
/datastar/behavior_rooms/2CAP/2025-08-28_11-33-10_Prat_Urgency_group2/pi-data_2025-08-28_11-33-10_Prat_Urgency_group2/box06/mic/20250828_115500.WAV,20250828_115500_subject063_087,063_087,M,Control_EtOH,114519
/datastar/behavior_rooms/2CAP/2025-08-28_11-33-10_Prat_Urgency_group2/pi-data_2025-08-28_11-33-10_Prat_Urgency_group2/box06/mic/20250828_120000.WAV,20250828_120000_subject063_087,063_087,M,Control_EtOH,114519
/datastar/behavior_rooms/2CAP/2025-08-28_11-33-10_Prat_Urgency_group2/pi-data_2025-08-28_11-33-10_Prat_Urgency_group2/box06/mic/20250828_120500.WAV,20250828_120500_subject063_087,063_087,M,Control_EtOH,114519
/datastar/behavior_rooms/2CAP/2025-08-28_11-33-10_Prat_Urgency_group2/pi-data_2025-08-28_11-33-10_Prat_Urgency_group2/box06/mic/20250828_121000.WAV,20250828_121000_subject063_087,063_087,M,Control_EtOH,114519
/datastar/behavior_rooms/2CAP/2025-08-28_11-33-10_Prat_Urgency_group2/pi-data_2025-08-28_11-33-10_Prat_Urgency_group2/box06/mic/20250828_121500.WAV,20250828_121500_subject063_087,063_087,M,Control_EtOH,114519
/datastar/behavior_rooms/2CAP/2025-08-28_11-33-10_Prat_Urgency_group2/pi-data_2025-08-28_11-33-10_Prat_Urgency_group2/box06/mic/20250828_122000.WAV,20250828_122000_subject063_087,063_087,M,Control_EtOH,114519
/datastar/behavior_rooms/2CAP/2025-08-28_11-33-10_Prat_Urgency_group2/pi-data_2025-08-28_11-33-10_Prat_Urgency_group2/box06/mic/20250828_122500.WAV,20250828_122500_subject063_087,063_087,M,Control_EtOH,114519
/datastar/behavior_rooms/2CAP/2025-08-28_11-33-10_Prat_Urgency_group2/pi-data_2025-08-28_11-33-10_Prat_Urgency_group2/box06/mic/20250828_123000.WAV,20250828_123000_subject063_087,063_087,M,Control_EtOH,114519
/datastar/behavior_rooms/2CAP/2025-08-28_11-33-10_Prat_Urgency_group2/pi-data_2025-08-28_11-33-10_Prat_Urgency_group2/box06/mic/20250828_123500.WAV,20250828_123500_subject063_087,063_087,M,Control_EtOH,114519
/datastar/behavior_rooms/2CAP/2025-08-28_11-33-10_Prat_Urgency_group2/pi-data_2025-08-28_11-33-10_Prat_Urgency_group2/box06/mic/20250828_124000.WAV,20250828_124000_subject063_087,063_087,M,Control_EtOH,114519
/datastar/behavior_rooms/2CAP/2025-08-28_11-33-10_Prat_Urgency_group2/pi-data_2025-08-28_11-33-10_Prat_Urgency_group2/box06/mic/20250828_124500.WAV,20250828_124500_subject063_087,063_087,M,Control_EtOH,114519
/datastar/behavior_rooms/2CAP/2025-08-28_11-33-10_Prat_Urgency_group2/pi-data_2025-08-28_11-33-10_Prat_Urgency_group2/box04/mic/20250828_114126.WAV,20250828_114126_subject066_064,066_064,F,Control_Control,114415
/datastar/behavior_rooms/2CAP/2025-08-28_11-33-10_Prat_Urgency_group2/pi-data_2025-08-28_11-33-10_Prat_Urgency_group2/box04/mic/20250828_114500.WAV,20250828_114500_subject066_064,066_064,F,Control_Control,114415
/datastar/behavior_rooms/2CAP/2025-08-28_11-33-10_Prat_Urgency_group2/pi-data_2025-08-28_11-33-10_Prat_Urgency_group2/box04/mic/20250828_115000.WAV,20250828_115000_subject066_064,066_064,F,Control_Control,114415
/datastar/behavior_rooms/2CAP/2025-08-28_11-33-10_Prat_Urgency_group2/pi-data_2025-08-28_11-33-10_Prat_Urgency_group2/box04/mic/20250828_115500.WAV,20250828_115500_subject066_064,066_064,F,Control_Control,114415
/datastar/behavior_rooms/2CAP/2025-08-28_11-33-10_Prat_Urgency_group2/pi-data_2025-08-28_11-33-10_Prat_Urgency_group2/box04/mic/20250828_120000.WAV,20250828_120000_subject066_064,066_064,F,Control_Control,114415
/datastar/behavior_rooms/2CAP/2025-08-28_11-33-10_Prat_Urgency_group2/pi-data_2025-08-28_11-33-10_Prat_Urgency_group2/box04/mic/20250828_120500.WAV,20250828_120500_subject066_064,066_064,F,Control_Control,114415
/datastar/behavior_rooms/2CAP/2025-08-28_11-33-10_Prat_Urgency_group2/pi-data_2025-08-28_11-33-10_Prat_Urgency_group2/box04/mic/20250828_121000.WAV,20250828_121000_subject066_064,066_064,F,Control_Control,114415
/datastar/behavior_rooms/2CAP/2025-08-28_11-33-10_Prat_Urgency_group2/pi-data_2025-08-28_11-33-10_Prat_Urgency_group2/box04/mic/20250828_121500.WAV,20250828_121500_subject066_064,066_064,F,Control_Control,114415
/datastar/behavior_rooms/2CAP/2025-08-28_11-33-10_Prat_Urgency_group2/pi-data_2025-08-28_11-33-10_Prat_Urgency_group2/box04/mic/20250828_122000.WAV,20250828_122000_subject066_064,066_064,F,Control_Control,114415
/datastar/behavior_rooms/2CAP/2025-08-28_11-33-10_Prat_Urgency_group2/pi-data_2025-08-28_11-33-10_Prat_Urgency_group2/box04/mic/20250828_122500.WAV,20250828_122500_subject066_064,066_064,F,Control_Control,114415
/datastar/behavior_rooms/2CAP/2025-08-28_11-33-10_Prat_Urgency_group2/pi-data_2025-08-28_11-33-10_Prat_Urgency_group2/box04/mic/20250828_123000.WAV,20250828_123000_subject066_064,066_064,F,Control_Control,114415
/datastar/behavior_rooms/2CAP/2025-08-28_11-33-10_Prat_Urgency_group2/pi-data_2025-08-28_11-33-10_Prat_Urgency_group2/box04/mic/20250828_123500.WAV,20250828_123500_subject066_064,066_064,F,Control_Control,114415
/datastar/behavior_rooms/2CAP/2025-08-28_11-33-10_Prat_Urgency_group2/pi-data_2025-08-28_11-33-10_Prat_Urgency_group2/box04/mic/20250828_124000.WAV,20250828_124000_subject066_064,066_064,F,Control_Control,114415
/datastar/behavior_rooms/2CAP/2025-08-28_11-33-10_Prat_Urgency_group2/pi-data_2025-08-28_11-33-10_Prat_Urgency_group2/box04/mic/20250828_124500.WAV,20250828_124500_subject066_064,066_064,F,Control_Control,114415
/datastar/behavior_rooms/2CAP/2025-08-28_11-33-10_Prat_Urgency_group2/pi-data_2025-08-28_11-33-10_Prat_Urgency_group2/box02/mic/20250828_114126.WAV,20250828_114126_subject070_068,070_068,F,Control_Control,114316
/datastar/behavior_rooms/2CAP/2025-08-28_11-33-10_Prat_Urgency_group2/pi-data_2025-08-28_11-33-10_Prat_Urgency_group2/box02/mic/20250828_114500.WAV,20250828_114500_subject070_068,070_068,F,Control_Control,114316
/datastar/behavior_rooms/2CAP/2025-08-28_11-33-10_Prat_Urgency_group2/pi-data_2025-08-28_11-33-10_Prat_Urgency_group2/box02/mic/20250828_115000.WAV,20250828_115000_subject070_068,070_068,F,Control_Control,114316
/datastar/behavior_rooms/2CAP/2025-08-28_11-33-10_Prat_Urgency_group2/pi-data_2025-08-28_11-33-10_Prat_Urgency_group2/box02/mic/20250828_115500.WAV,20250828_115500_subject070_068,070_068,F,Control_Control,114316
/datastar/behavior_rooms/2CAP/2025-08-28_11-33-10_Prat_Urgency_group2/pi-data_2025-08-28_11-33-10_Prat_Urgency_group2/box02/mic/20250828_120000.WAV,20250828_120000_subject070_068,070_068,F,Control_Control,114316
/datastar/behavior_rooms/2CAP/2025-08-28_11-33-10_Prat_Urgency_group2/pi-data_2025-08-28_11-33-10_Prat_Urgency_group2/box02/mic/20250828_120500.WAV,20250828_120500_subject070_068,070_068,F,Control_Control,114316
/datastar/behavior_rooms/2CAP/2025-08-28_11-33-10_Prat_Urgency_group2/pi-data_2025-08-28_11-33-10_Prat_Urgency_group2/box02/mic/20250828_121000.WAV,20250828_121000_subject070_068,070_068,F,Control_Control,114316
/datastar/behavior_rooms/2CAP/2025-08-28_11-33-10_Prat_Urgency_group2/pi-data_2025-08-28_11-33-10_Prat_Urgency_group2/box02/mic/20250828_121500.WAV,20250828_121500_subject070_068,070_068,F,Control_Control,114316
/datastar/behavior_rooms/2CAP/2025-08-28_11-33-10_Prat_Urgency_group2/pi-data_2025-08-28_11-33-10_Prat_Urgency_group2/box02/mic/20250828_122000.WAV,20250828_122000_subject070_068,070_068,F,Control_Control,114316
/datastar/behavior_rooms/2CAP/2025-08-28_11-33-10_Prat_Urgency_group2/pi-data_2025-08-28_11-33-10_Prat_Urgency_group2/box02/mic/20250828_122500.WAV,20250828_122500_subject070_068,070_068,F,Control_Control,114316
/datastar/behavior_rooms/2CAP/2025-08-28_11-33-10_Prat_Urgency_group2/pi-data_2025-08-28_11-33-10_Prat_Urgency_group2/box02/mic/20250828_123000.WAV,20250828_123000_subject070_068,070_068,F,Control_Control,114316
/datastar/behavior_rooms/2CAP/2025-08-28_11-33-10_Prat_Urgency_group2/pi-data_2025-08-28_11-33-10_Prat_Urgency_group2/box02/mic/20250828_123500.WAV,20250828_123500_subject070_068,070_068,F,Control_Control,114316
/datastar/behavior_rooms/2CAP/2025-08-28_11-33-10_Prat_Urgency_group2/pi-data_2025-08-28_11-33-10_Prat_Urgency_group2/box02/mic/20250828_124000.WAV,20250828_124000_subject070_068,070_068,F,Control_Control,114316
/datastar/behavior_rooms/2CAP/2025-08-28_11-33-10_Prat_Urgency_group2/pi-data_2025-08-28_11-33-10_Prat_Urgency_group2/box02/mic/20250828_124500.WAV,20250828_124500_subject070_068,070_068,F,Control_Control,114316
/datastar/behavior_rooms/2CAP/2025-08-28_11-33-10_Prat_Urgency_group2/pi-data_2025-08-28_11-33-10_Prat_Urgency_group2/box05/mic/20250828_114126.WAV,20250828_114126_subject081,081,M,EtOH,114437
/datastar/behavior_rooms/2CAP/2025-08-28_11-33-10_Prat_Urgency_group2/pi-data_2025-08-28_11-33-10_Prat_Urgency_group2/box05/mic/20250828_114500.WAV,20250828_114500_subject081,081,M,EtOH,114437
/datastar/behavior_rooms/2CAP/2025-08-28_11-33-10_Prat_Urgency_group2/pi-data_2025-08-28_11-33-10_Prat_Urgency_group2/box05/mic/20250828_115000.WAV,20250828_115000_subject081,081,M,EtOH,114437
/datastar/behavior_rooms/2CAP/2025-08-28_11-33-10_Prat_Urgency_group2/pi-data_2025-08-28_11-33-10_Prat_Urgency_group2/box05/mic/20250828_115500.WAV,20250828_115500_subject081,081,M,EtOH,114437
/datastar/behavior_rooms/2CAP/2025-08-28_11-33-10_Prat_Urgency_group2/pi-data_2025-08-28_11-33-10_Prat_Urgency_group2/box05/mic/20250828_120000.WAV,20250828_120000_subject081,081,M,EtOH,114437
/datastar/behavior_rooms/2CAP/2025-08-28_11-33-10_Prat_Urgency_group2/pi-data_2025-08-28_11-33-10_Prat_Urgency_group2/box05/mic/20250828_120500.WAV,20250828_120500_subject081,081,M,EtOH,114437
/datastar/behavior_rooms/2CAP/2025-08-28_11-33-10_Prat_Urgency_group2/pi-data_2025-08-28_11-33-10_Prat_Urgency_group2/box05/mic/20250828_121000.WAV,20250828_121000_subject081,081,M,EtOH,114437
/datastar/behavior_rooms/2CAP/2025-08-28_11-33-10_Prat_Urgency_group2/pi-data_2025-08-28_11-33-10_Prat_Urgency_group2/box05/mic/20250828_121500.WAV,20250828_121500_subject081,081,M,EtOH,114437
/datastar/behavior_rooms/2CAP/2025-08-28_11-33-10_Prat_Urgency_group2/pi-data_2025-08-28_11-33-10_Prat_Urgency_group2/box05/mic/20250828_122000.WAV,20250828_122000_subject081,081,M,EtOH,114437
/datastar/behavior_rooms/2CAP/2025-08-28_11-33-10_Prat_Urgency_group2/pi-data_2025-08-28_11-33-10_Prat_Urgency_group2/box05/mic/20250828_122500.WAV,20250828_122500_subject081,081,M,EtOH,114437
/datastar/behavior_rooms/2CAP/2025-08-28_11-33-10_Prat_Urgency_group2/pi-data_2025-08-28_11-33-10_Prat_Urgency_group2/box05/mic/20250828_123000.WAV,20250828_123000_subject081,081,M,EtOH,114437
/datastar/behavior_rooms/2CAP/2025-08-28_11-33-10_Prat_Urgency_group2/pi-data_2025-08-28_11-33-10_Prat_Urgency_group2/box05/mic/20250828_123500.WAV,20250828_123500_subject081,081,M,EtOH,114437
/datastar/behavior_rooms/2CAP/2025-08-28_11-33-10_Prat_Urgency_group2/pi-data_2025-08-28_11-33-10_Prat_Urgency_group2/box05/mic/20250828_124000.WAV,20250828_124000_subject081,081,M,EtOH,114437
/datastar/behavior_rooms/2CAP/2025-08-28_11-33-10_Prat_Urgency_group2/pi-data_2025-08-28_11-33-10_Prat_Urgency_group2/box05/mic/20250828_124500.WAV,20250828_124500_subject081,081,M,EtOH,114437
/datastar/behavior_rooms/2CAP/2025-08-28_11-33-10_Prat_Urgency_group2/pi-data_2025-08-28_11-33-10_Prat_Urgency_group2/box03/mic/20250828_114126.WAV,20250828_114126_subject094,094,F,EtOH,114341
/datastar/behavior_rooms/2CAP/2025-08-28_11-33-10_Prat_Urgency_group2/pi-data_2025-08-28_11-33-10_Prat_Urgency_group2/box03/mic/20250828_114500.WAV,20250828_114500_subject094,094,F,EtOH,114341
/datastar/behavior_rooms/2CAP/2025-08-28_11-33-10_Prat_Urgency_group2/pi-data_2025-08-28_11-33-10_Prat_Urgency_group2/box03/mic/20250828_115000.WAV,20250828_115000_subject094,094,F,EtOH,114341
/datastar/behavior_rooms/2CAP/2025-08-28_11-33-10_Prat_Urgency_group2/pi-data_2025-08-28_11-33-10_Prat_Urgency_group2/box03/mic/20250828_115500.WAV,20250828_115500_subject094,094,F,EtOH,114341
/datastar/behavior_rooms/2CAP/2025-08-28_11-33-10_Prat_Urgency_group2/pi-data_2025-08-28_11-33-10_Prat_Urgency_group2/box03/mic/20250828_120000.WAV,20250828_120000_subject094,094,F,EtOH,114341
/datastar/behavior_rooms/2CAP/2025-08-28_11-33-10_Prat_Urgency_group2/pi-data_2025-08-28_11-33-10_Prat_Urgency_group2/box03/mic/20250828_120500.WAV,20250828_120500_subject094,094,F,EtOH,114341
/datastar/behavior_rooms/2CAP/2025-08-28_11-33-10_Prat_Urgency_group2/pi-data_2025-08-28_11-33-10_Prat_Urgency_group2/box03/mic/20250828_121000.WAV,20250828_121000_subject094,094,F,EtOH,114341
/datastar/behavior_rooms/2CAP/2025-08-28_11-33-10_Prat_Urgency_group2/pi-data_2025-08-28_11-33-10_Prat_Urgency_group2/box03/mic/20250828_121500.WAV,20250828_121500_subject094,094,F,EtOH,114341
/datastar/behavior_rooms/2CAP/2025-08-28_11-33-10_Prat_Urgency_group2/pi-data_2025-08-28_11-33-10_Prat_Urgency_group2/box03/mic/20250828_122000.WAV,20250828_122000_subject094,094,F,EtOH,114341
/datastar/behavior_rooms/2CAP/2025-08-28_11-33-10_Prat_Urgency_group2/pi-data_2025-08-28_11-33-10_Prat_Urgency_group2/box03/mic/20250828_122500.WAV,20250828_122500_subject094,094,F,EtOH,114341
/datastar/behavior_rooms/2CAP/2025-08-28_11-33-10_Prat_Urgency_group2/pi-data_2025-08-28_11-33-10_Prat_Urgency_group2/box03/mic/20250828_123000.WAV,20250828_123000_subject094,094,F,EtOH,114341
/datastar/behavior_rooms/2CAP/2025-08-28_11-33-10_Prat_Urgency_group2/pi-data_2025-08-28_11-33-10_Prat_Urgency_group2/box03/mic/20250828_123500.WAV,20250828_123500_subject094,094,F,EtOH,114341
/datastar/behavior_rooms/2CAP/2025-08-28_11-33-10_Prat_Urgency_group2/pi-data_2025-08-28_11-33-10_Prat_Urgency_group2/box03/mic/20250828_124000.WAV,20250828_124000_subject094,094,F,EtOH,114341
/datastar/behavior_rooms/2CAP/2025-08-28_11-33-10_Prat_Urgency_group2/pi-data_2025-08-28_11-33-10_Prat_Urgency_group2/box03/mic/20250828_124500.WAV,20250828_124500_subject094,094,F,EtOH,114341
/datastar/behavior_rooms/2CAP/2025-08-28_11-33-10_Prat_Urgency_group2/pi-data_2025-08-28_11-33-10_Prat_Urgency_group2/box01/mic/20250828_114126.WAV,20250828_114126_subject095_083,095_083,M,EtOH_EtOH,114238
/datastar/behavior_rooms/2CAP/2025-08-28_11-33-10_Prat_Urgency_group2/pi-data_2025-08-28_11-33-10_Prat_Urgency_group2/box01/mic/20250828_114500.WAV,20250828_114500_subject095_083,095_083,M,EtOH_EtOH,114238
/datastar/behavior_rooms/2CAP/2025-08-28_11-33-10_Prat_Urgency_group2/pi-data_2025-08-28_11-33-10_Prat_Urgency_group2/box01/mic/20250828_115000.WAV,20250828_115000_subject095_083,095_083,M,EtOH_EtOH,114238
/datastar/behavior_rooms/2CAP/2025-08-28_11-33-10_Prat_Urgency_group2/pi-data_2025-08-28_11-33-10_Prat_Urgency_group2/box01/mic/20250828_115500.WAV,20250828_115500_subject095_083,095_083,M,EtOH_EtOH,114238
/datastar/behavior_rooms/2CAP/2025-08-28_11-33-10_Prat_Urgency_group2/pi-data_2025-08-28_11-33-10_Prat_Urgency_group2/box01/mic/20250828_120000.WAV,20250828_120000_subject095_083,095_083,M,EtOH_EtOH,114238
/datastar/behavior_rooms/2CAP/2025-08-28_11-33-10_Prat_Urgency_group2/pi-data_2025-08-28_11-33-10_Prat_Urgency_group2/box01/mic/20250828_120500.WAV,20250828_120500_subject095_083,095_083,M,EtOH_EtOH,114238
/datastar/behavior_rooms/2CAP/2025-08-28_11-33-10_Prat_Urgency_group2/pi-data_2025-08-28_11-33-10_Prat_Urgency_group2/box01/mic/20250828_121000.WAV,20250828_121000_subject095_083,095_083,M,EtOH_EtOH,114238
/datastar/behavior_rooms/2CAP/2025-08-28_11-33-10_Prat_Urgency_group2/pi-data_2025-08-28_11-33-10_Prat_Urgency_group2/box01/mic/20250828_121500.WAV,20250828_121500_subject095_083,095_083,M,EtOH_EtOH,114238
/datastar/behavior_rooms/2CAP/2025-08-28_11-33-10_Prat_Urgency_group2/pi-data_2025-08-28_11-33-10_Prat_Urgency_group2/box01/mic/20250828_122000.WAV,20250828_122000_subject095_083,095_083,M,EtOH_EtOH,114238
/datastar/behavior_rooms/2CAP/2025-08-28_11-33-10_Prat_Urgency_group2/pi-data_2025-08-28_11-33-10_Prat_Urgency_group2/box01/mic/20250828_122500.WAV,20250828_122500_subject095_083,095_083,M,EtOH_EtOH,114238
/datastar/behavior_rooms/2CAP/2025-08-28_11-33-10_Prat_Urgency_group2/pi-data_2025-08-28_11-33-10_Prat_Urgency_group2/box01/mic/20250828_123000.WAV,20250828_123000_subject095_083,095_083,M,EtOH_EtOH,114238
/datastar/behavior_rooms/2CAP/2025-08-28_11-33-10_Prat_Urgency_group2/pi-data_2025-08-28_11-33-10_Prat_Urgency_group2/box01/mic/20250828_123500.WAV,20250828_123500_subject095_083,095_083,M,EtOH_EtOH,114238
/datastar/behavior_rooms/2CAP/2025-08-28_11-33-10_Prat_Urgency_group2/pi-data_2025-08-28_11-33-10_Prat_Urgency_group2/box01/mic/20250828_124000.WAV,20250828_124000_subject095_083,095_083,M,EtOH_EtOH,114238
/datastar/behavior_rooms/2CAP/2025-08-28_11-33-10_Prat_Urgency_group2/pi-data_2025-08-28_11-33-10_Prat_Urgency_group2/box01/mic/20250828_124500.WAV,20250828_124500_subject095_083,095_083,M,EtOH_EtOH,114238
/datastar/behavior_rooms/2CAP/2025-08-28_12-59-12_Prat_Urgency_group3/pi-data_2025-08-28_12-59-12_Prat_Urgency_group3/box03/mic/20250828_130948.WAV,20250828_130948_subject071,071,M,Control,131220
/datastar/behavior_rooms/2CAP/2025-08-28_12-59-12_Prat_Urgency_group3/pi-data_2025-08-28_12-59-12_Prat_Urgency_group3/box03/mic/20250828_131000.WAV,20250828_131000_subject071,071,M,Control,131220
/datastar/behavior_rooms/2CAP/2025-08-28_12-59-12_Prat_Urgency_group3/pi-data_2025-08-28_12-59-12_Prat_Urgency_group3/box03/mic/20250828_131500.WAV,20250828_131500_subject071,071,M,Control,131220
/datastar/behavior_rooms/2CAP/2025-08-28_12-59-12_Prat_Urgency_group3/pi-data_2025-08-28_12-59-12_Prat_Urgency_group3/box03/mic/20250828_132000.WAV,20250828_132000_subject071,071,M,Control,131220
/datastar/behavior_rooms/2CAP/2025-08-28_12-59-12_Prat_Urgency_group3/pi-data_2025-08-28_12-59-12_Prat_Urgency_group3/box03/mic/20250828_132500.WAV,20250828_132500_subject071,071,M,Control,131220
/datastar/behavior_rooms/2CAP/2025-08-28_12-59-12_Prat_Urgency_group3/pi-data_2025-08-28_12-59-12_Prat_Urgency_group3/box03/mic/20250828_133000.WAV,20250828_133000_subject071,071,M,Control,131220
/datastar/behavior_rooms/2CAP/2025-08-28_12-59-12_Prat_Urgency_group3/pi-data_2025-08-28_12-59-12_Prat_Urgency_group3/box03/mic/20250828_133500.WAV,20250828_133500_subject071,071,M,Control,131220
/datastar/behavior_rooms/2CAP/2025-08-28_12-59-12_Prat_Urgency_group3/pi-data_2025-08-28_12-59-12_Prat_Urgency_group3/box03/mic/20250828_134000.WAV,20250828_134000_subject071,071,M,Control,131220
/datastar/behavior_rooms/2CAP/2025-08-28_12-59-12_Prat_Urgency_group3/pi-data_2025-08-28_12-59-12_Prat_Urgency_group3/box03/mic/20250828_134500.WAV,20250828_134500_subject071,071,M,Control,131220
/datastar/behavior_rooms/2CAP/2025-08-28_12-59-12_Prat_Urgency_group3/pi-data_2025-08-28_12-59-12_Prat_Urgency_group3/box03/mic/20250828_135000.WAV,20250828_135000_subject071,071,M,Control,131220
/datastar/behavior_rooms/2CAP/2025-08-28_12-59-12_Prat_Urgency_group3/pi-data_2025-08-28_12-59-12_Prat_Urgency_group3/box03/mic/20250828_135500.WAV,20250828_135500_subject071,071,M,Control,131220
/datastar/behavior_rooms/2CAP/2025-08-28_12-59-12_Prat_Urgency_group3/pi-data_2025-08-28_12-59-12_Prat_Urgency_group3/box03/mic/20250828_140000.WAV,20250828_140000_subject071,071,M,Control,131220
/datastar/behavior_rooms/2CAP/2025-08-28_12-59-12_Prat_Urgency_group3/pi-data_2025-08-28_12-59-12_Prat_Urgency_group3/box03/mic/20250828_140500.WAV,20250828_140500_subject071,071,M,Control,131220
/datastar/behavior_rooms/2CAP/2025-08-28_12-59-12_Prat_Urgency_group3/pi-data_2025-08-28_12-59-12_Prat_Urgency_group3/box03/mic/20250828_141000.WAV,20250828_141000_subject071,071,M,Control,131220
/datastar/behavior_rooms/2CAP/2025-08-28_12-59-12_Prat_Urgency_group3/pi-data_2025-08-28_12-59-12_Prat_Urgency_group3/box06/mic/20250828_130949.WAV,20250828_130949_subject074_088,074_088,F,Control_EtOH,131359
/datastar/behavior_rooms/2CAP/2025-08-28_12-59-12_Prat_Urgency_group3/pi-data_2025-08-28_12-59-12_Prat_Urgency_group3/box06/mic/20250828_131000.WAV,20250828_131000_subject074_088,074_088,F,Control_EtOH,131359
/datastar/behavior_rooms/2CAP/2025-08-28_12-59-12_Prat_Urgency_group3/pi-data_2025-08-28_12-59-12_Prat_Urgency_group3/box06/mic/20250828_131500.WAV,20250828_131500_subject074_088,074_088,F,Control_EtOH,131359
/datastar/behavior_rooms/2CAP/2025-08-28_12-59-12_Prat_Urgency_group3/pi-data_2025-08-28_12-59-12_Prat_Urgency_group3/box06/mic/20250828_132000.WAV,20250828_132000_subject074_088,074_088,F,Control_EtOH,131359
/datastar/behavior_rooms/2CAP/2025-08-28_12-59-12_Prat_Urgency_group3/pi-data_2025-08-28_12-59-12_Prat_Urgency_group3/box06/mic/20250828_132500.WAV,20250828_132500_subject074_088,074_088,F,Control_EtOH,131359
/datastar/behavior_rooms/2CAP/2025-08-28_12-59-12_Prat_Urgency_group3/pi-data_2025-08-28_12-59-12_Prat_Urgency_group3/box06/mic/20250828_133000.WAV,20250828_133000_subject074_088,074_088,F,Control_EtOH,131359
/datastar/behavior_rooms/2CAP/2025-08-28_12-59-12_Prat_Urgency_group3/pi-data_2025-08-28_12-59-12_Prat_Urgency_group3/box06/mic/20250828_133500.WAV,20250828_133500_subject074_088,074_088,F,Control_EtOH,131359
/datastar/behavior_rooms/2CAP/2025-08-28_12-59-12_Prat_Urgency_group3/pi-data_2025-08-28_12-59-12_Prat_Urgency_group3/box06/mic/20250828_134000.WAV,20250828_134000_subject074_088,074_088,F,Control_EtOH,131359
/datastar/behavior_rooms/2CAP/2025-08-28_12-59-12_Prat_Urgency_group3/pi-data_2025-08-28_12-59-12_Prat_Urgency_group3/box06/mic/20250828_134500.WAV,20250828_134500_subject074_088,074_088,F,Control_EtOH,131359
/datastar/behavior_rooms/2CAP/2025-08-28_12-59-12_Prat_Urgency_group3/pi-data_2025-08-28_12-59-12_Prat_Urgency_group3/box06/mic/20250828_135000.WAV,20250828_135000_subject074_088,074_088,F,Control_EtOH,131359
/datastar/behavior_rooms/2CAP/2025-08-28_12-59-12_Prat_Urgency_group3/pi-data_2025-08-28_12-59-12_Prat_Urgency_group3/box06/mic/20250828_135500.WAV,20250828_135500_subject074_088,074_088,F,Control_EtOH,131359
/datastar/behavior_rooms/2CAP/2025-08-28_12-59-12_Prat_Urgency_group3/pi-data_2025-08-28_12-59-12_Prat_Urgency_group3/box06/mic/20250828_140000.WAV,20250828_140000_subject074_088,074_088,F,Control_EtOH,131359
/datastar/behavior_rooms/2CAP/2025-08-28_12-59-12_Prat_Urgency_group3/pi-data_2025-08-28_12-59-12_Prat_Urgency_group3/box06/mic/20250828_140500.WAV,20250828_140500_subject074_088,074_088,F,Control_EtOH,131359
/datastar/behavior_rooms/2CAP/2025-08-28_12-59-12_Prat_Urgency_group3/pi-data_2025-08-28_12-59-12_Prat_Urgency_group3/box06/mic/20250828_141000.WAV,20250828_141000_subject074_088,074_088,F,Control_EtOH,131359
/datastar/behavior_rooms/2CAP/2025-08-28_12-59-12_Prat_Urgency_group3/pi-data_2025-08-28_12-59-12_Prat_Urgency_group3/box04/mic/20250828_130948.WAV,20250828_130948_subject075_097,075_097,M,Control_EtOH,131302
/datastar/behavior_rooms/2CAP/2025-08-28_12-59-12_Prat_Urgency_group3/pi-data_2025-08-28_12-59-12_Prat_Urgency_group3/box04/mic/20250828_131000.WAV,20250828_131000_subject075_097,075_097,M,Control_EtOH,131302
/datastar/behavior_rooms/2CAP/2025-08-28_12-59-12_Prat_Urgency_group3/pi-data_2025-08-28_12-59-12_Prat_Urgency_group3/box04/mic/20250828_131500.WAV,20250828_131500_subject075_097,075_097,M,Control_EtOH,131302
/datastar/behavior_rooms/2CAP/2025-08-28_12-59-12_Prat_Urgency_group3/pi-data_2025-08-28_12-59-12_Prat_Urgency_group3/box04/mic/20250828_132000.WAV,20250828_132000_subject075_097,075_097,M,Control_EtOH,131302
/datastar/behavior_rooms/2CAP/2025-08-28_12-59-12_Prat_Urgency_group3/pi-data_2025-08-28_12-59-12_Prat_Urgency_group3/box04/mic/20250828_132500.WAV,20250828_132500_subject075_097,075_097,M,Control_EtOH,131302
/datastar/behavior_rooms/2CAP/2025-08-28_12-59-12_Prat_Urgency_group3/pi-data_2025-08-28_12-59-12_Prat_Urgency_group3/box04/mic/20250828_133000.WAV,20250828_133000_subject075_097,075_097,M,Control_EtOH,131302
/datastar/behavior_rooms/2CAP/2025-08-28_12-59-12_Prat_Urgency_group3/pi-data_2025-08-28_12-59-12_Prat_Urgency_group3/box04/mic/20250828_133500.WAV,20250828_133500_subject075_097,075_097,M,Control_EtOH,131302
/datastar/behavior_rooms/2CAP/2025-08-28_12-59-12_Prat_Urgency_group3/pi-data_2025-08-28_12-59-12_Prat_Urgency_group3/box04/mic/20250828_134000.WAV,20250828_134000_subject075_097,075_097,M,Control_EtOH,131302
/datastar/behavior_rooms/2CAP/2025-08-28_12-59-12_Prat_Urgency_group3/pi-data_2025-08-28_12-59-12_Prat_Urgency_group3/box04/mic/20250828_134500.WAV,20250828_134500_subject075_097,075_097,M,Control_EtOH,131302
/datastar/behavior_rooms/2CAP/2025-08-28_12-59-12_Prat_Urgency_group3/pi-data_2025-08-28_12-59-12_Prat_Urgency_group3/box04/mic/20250828_135000.WAV,20250828_135000_subject075_097,075_097,M,Control_EtOH,131302
/datastar/behavior_rooms/2CAP/2025-08-28_12-59-12_Prat_Urgency_group3/pi-data_2025-08-28_12-59-12_Prat_Urgency_group3/box04/mic/20250828_135500.WAV,20250828_135500_subject075_097,075_097,M,Control_EtOH,131302
/datastar/behavior_rooms/2CAP/2025-08-28_12-59-12_Prat_Urgency_group3/pi-data_2025-08-28_12-59-12_Prat_Urgency_group3/box04/mic/20250828_140000.WAV,20250828_140000_subject075_097,075_097,M,Control_EtOH,131302
/datastar/behavior_rooms/2CAP/2025-08-28_12-59-12_Prat_Urgency_group3/pi-data_2025-08-28_12-59-12_Prat_Urgency_group3/box04/mic/20250828_140500.WAV,20250828_140500_subject075_097,075_097,M,Control_EtOH,131302
/datastar/behavior_rooms/2CAP/2025-08-28_12-59-12_Prat_Urgency_group3/pi-data_2025-08-28_12-59-12_Prat_Urgency_group3/box04/mic/20250828_141000.WAV,20250828_141000_subject075_097,075_097,M,Control_EtOH,131302
/datastar/behavior_rooms/2CAP/2025-08-28_12-59-12_Prat_Urgency_group3/pi-data_2025-08-28_12-59-12_Prat_Urgency_group3/box01/mic/20250828_130948.WAV,20250828_130948_subject078_098,078_098,F,Control_EtOH,131105
/datastar/behavior_rooms/2CAP/2025-08-28_12-59-12_Prat_Urgency_group3/pi-data_2025-08-28_12-59-12_Prat_Urgency_group3/box01/mic/20250828_131000.WAV,20250828_131000_subject078_098,078_098,F,Control_EtOH,131105
/datastar/behavior_rooms/2CAP/2025-08-28_12-59-12_Prat_Urgency_group3/pi-data_2025-08-28_12-59-12_Prat_Urgency_group3/box01/mic/20250828_131500.WAV,20250828_131500_subject078_098,078_098,F,Control_EtOH,131105
/datastar/behavior_rooms/2CAP/2025-08-28_12-59-12_Prat_Urgency_group3/pi-data_2025-08-28_12-59-12_Prat_Urgency_group3/box01/mic/20250828_132000.WAV,20250828_132000_subject078_098,078_098,F,Control_EtOH,131105
/datastar/behavior_rooms/2CAP/2025-08-28_12-59-12_Prat_Urgency_group3/pi-data_2025-08-28_12-59-12_Prat_Urgency_group3/box01/mic/20250828_132500.WAV,20250828_132500_subject078_098,078_098,F,Control_EtOH,131105
/datastar/behavior_rooms/2CAP/2025-08-28_12-59-12_Prat_Urgency_group3/pi-data_2025-08-28_12-59-12_Prat_Urgency_group3/box01/mic/20250828_133000.WAV,20250828_133000_subject078_098,078_098,F,Control_EtOH,131105
/datastar/behavior_rooms/2CAP/2025-08-28_12-59-12_Prat_Urgency_group3/pi-data_2025-08-28_12-59-12_Prat_Urgency_group3/box01/mic/20250828_133500.WAV,20250828_133500_subject078_098,078_098,F,Control_EtOH,131105
/datastar/behavior_rooms/2CAP/2025-08-28_12-59-12_Prat_Urgency_group3/pi-data_2025-08-28_12-59-12_Prat_Urgency_group3/box01/mic/20250828_134000.WAV,20250828_134000_subject078_098,078_098,F,Control_EtOH,131105
/datastar/behavior_rooms/2CAP/2025-08-28_12-59-12_Prat_Urgency_group3/pi-data_2025-08-28_12-59-12_Prat_Urgency_group3/box01/mic/20250828_134500.WAV,20250828_134500_subject078_098,078_098,F,Control_EtOH,131105
/datastar/behavior_rooms/2CAP/2025-08-28_12-59-12_Prat_Urgency_group3/pi-data_2025-08-28_12-59-12_Prat_Urgency_group3/box01/mic/20250828_135000.WAV,20250828_135000_subject078_098,078_098,F,Control_EtOH,131105
/datastar/behavior_rooms/2CAP/2025-08-28_12-59-12_Prat_Urgency_group3/pi-data_2025-08-28_12-59-12_Prat_Urgency_group3/box01/mic/20250828_135500.WAV,20250828_135500_subject078_098,078_098,F,Control_EtOH,131105
/datastar/behavior_rooms/2CAP/2025-08-28_12-59-12_Prat_Urgency_group3/pi-data_2025-08-28_12-59-12_Prat_Urgency_group3/box01/mic/20250828_140000.WAV,20250828_140000_subject078_098,078_098,F,Control_EtOH,131105
/datastar/behavior_rooms/2CAP/2025-08-28_12-59-12_Prat_Urgency_group3/pi-data_2025-08-28_12-59-12_Prat_Urgency_group3/box01/mic/20250828_140500.WAV,20250828_140500_subject078_098,078_098,F,Control_EtOH,131105
/datastar/behavior_rooms/2CAP/2025-08-28_12-59-12_Prat_Urgency_group3/pi-data_2025-08-28_12-59-12_Prat_Urgency_group3/box01/mic/20250828_141000.WAV,20250828_141000_subject078_098,078_098,F,Control_EtOH,131105
/datastar/behavior_rooms/2CAP/2025-08-28_12-59-12_Prat_Urgency_group3/pi-data_2025-08-28_12-59-12_Prat_Urgency_group3/box02/mic/20250828_130949.WAV,20250828_130949_subject079_077,079_077,M,EtOH_Control,131149
/datastar/behavior_rooms/2CAP/2025-08-28_12-59-12_Prat_Urgency_group3/pi-data_2025-08-28_12-59-12_Prat_Urgency_group3/box02/mic/20250828_131000.WAV,20250828_131000_subject079_077,079_077,M,EtOH_Control,131149
/datastar/behavior_rooms/2CAP/2025-08-28_12-59-12_Prat_Urgency_group3/pi-data_2025-08-28_12-59-12_Prat_Urgency_group3/box02/mic/20250828_131500.WAV,20250828_131500_subject079_077,079_077,M,EtOH_Control,131149
/datastar/behavior_rooms/2CAP/2025-08-28_12-59-12_Prat_Urgency_group3/pi-data_2025-08-28_12-59-12_Prat_Urgency_group3/box02/mic/20250828_132000.WAV,20250828_132000_subject079_077,079_077,M,EtOH_Control,131149
/datastar/behavior_rooms/2CAP/2025-08-28_12-59-12_Prat_Urgency_group3/pi-data_2025-08-28_12-59-12_Prat_Urgency_group3/box02/mic/20250828_132500.WAV,20250828_132500_subject079_077,079_077,M,EtOH_Control,131149
/datastar/behavior_rooms/2CAP/2025-08-28_12-59-12_Prat_Urgency_group3/pi-data_2025-08-28_12-59-12_Prat_Urgency_group3/box02/mic/20250828_133000.WAV,20250828_133000_subject079_077,079_077,M,EtOH_Control,131149
/datastar/behavior_rooms/2CAP/2025-08-28_12-59-12_Prat_Urgency_group3/pi-data_2025-08-28_12-59-12_Prat_Urgency_group3/box02/mic/20250828_133500.WAV,20250828_133500_subject079_077,079_077,M,EtOH_Control,131149
/datastar/behavior_rooms/2CAP/2025-08-28_12-59-12_Prat_Urgency_group3/pi-data_2025-08-28_12-59-12_Prat_Urgency_group3/box02/mic/20250828_134000.WAV,20250828_134000_subject079_077,079_077,M,EtOH_Control,131149
/datastar/behavior_rooms/2CAP/2025-08-28_12-59-12_Prat_Urgency_group3/pi-data_2025-08-28_12-59-12_Prat_Urgency_group3/box02/mic/20250828_134500.WAV,20250828_134500_subject079_077,079_077,M,EtOH_Control,131149
/datastar/behavior_rooms/2CAP/2025-08-28_12-59-12_Prat_Urgency_group3/pi-data_2025-08-28_12-59-12_Prat_Urgency_group3/box02/mic/20250828_135000.WAV,20250828_135000_subject079_077,079_077,M,EtOH_Control,131149
/datastar/behavior_rooms/2CAP/2025-08-28_12-59-12_Prat_Urgency_group3/pi-data_2025-08-28_12-59-12_Prat_Urgency_group3/box02/mic/20250828_135500.WAV,20250828_135500_subject079_077,079_077,M,EtOH_Control,131149
/datastar/behavior_rooms/2CAP/2025-08-28_12-59-12_Prat_Urgency_group3/pi-data_2025-08-28_12-59-12_Prat_Urgency_group3/box02/mic/20250828_140000.WAV,20250828_140000_subject079_077,079_077,M,EtOH_Control,131149
/datastar/behavior_rooms/2CAP/2025-08-28_12-59-12_Prat_Urgency_group3/pi-data_2025-08-28_12-59-12_Prat_Urgency_group3/box02/mic/20250828_140500.WAV,20250828_140500_subject079_077,079_077,M,EtOH_Control,131149
/datastar/behavior_rooms/2CAP/2025-08-28_12-59-12_Prat_Urgency_group3/pi-data_2025-08-28_12-59-12_Prat_Urgency_group3/box02/mic/20250828_141000.WAV,20250828_141000_subject079_077,079_077,M,EtOH_Control,131149
/datastar/behavior_rooms/2CAP/2025-08-28_12-59-12_Prat_Urgency_group3/pi-data_2025-08-28_12-59-12_Prat_Urgency_group3/box05/mic/20250828_130948.WAV,20250828_130948_subject093,093,M,EtOH,131324
/datastar/behavior_rooms/2CAP/2025-08-28_12-59-12_Prat_Urgency_group3/pi-data_2025-08-28_12-59-12_Prat_Urgency_group3/box05/mic/20250828_131000.WAV,20250828_131000_subject093,093,M,EtOH,131324
/datastar/behavior_rooms/2CAP/2025-08-28_12-59-12_Prat_Urgency_group3/pi-data_2025-08-28_12-59-12_Prat_Urgency_group3/box05/mic/20250828_131500.WAV,20250828_131500_subject093,093,M,EtOH,131324
/datastar/behavior_rooms/2CAP/2025-08-28_12-59-12_Prat_Urgency_group3/pi-data_2025-08-28_12-59-12_Prat_Urgency_group3/box05/mic/20250828_132000.WAV,20250828_132000_subject093,093,M,EtOH,131324
/datastar/behavior_rooms/2CAP/2025-08-28_12-59-12_Prat_Urgency_group3/pi-data_2025-08-28_12-59-12_Prat_Urgency_group3/box05/mic/20250828_132500.WAV,20250828_132500_subject093,093,M,EtOH,131324
/datastar/behavior_rooms/2CAP/2025-08-28_12-59-12_Prat_Urgency_group3/pi-data_2025-08-28_12-59-12_Prat_Urgency_group3/box05/mic/20250828_133000.WAV,20250828_133000_subject093,093,M,EtOH,131324
/datastar/behavior_rooms/2CAP/2025-08-28_12-59-12_Prat_Urgency_group3/pi-data_2025-08-28_12-59-12_Prat_Urgency_group3/box05/mic/20250828_133500.WAV,20250828_133500_subject093,093,M,EtOH,131324
/datastar/behavior_rooms/2CAP/2025-08-28_12-59-12_Prat_Urgency_group3/pi-data_2025-08-28_12-59-12_Prat_Urgency_group3/box05/mic/20250828_134000.WAV,20250828_134000_subject093,093,M,EtOH,131324
/datastar/behavior_rooms/2CAP/2025-08-28_12-59-12_Prat_Urgency_group3/pi-data_2025-08-28_12-59-12_Prat_Urgency_group3/box05/mic/20250828_134500.WAV,20250828_134500_subject093,093,M,EtOH,131324
/datastar/behavior_rooms/2CAP/2025-08-28_12-59-12_Prat_Urgency_group3/pi-data_2025-08-28_12-59-12_Prat_Urgency_group3/box05/mic/20250828_135000.WAV,20250828_135000_subject093,093,M,EtOH,131324
/datastar/behavior_rooms/2CAP/2025-08-28_12-59-12_Prat_Urgency_group3/pi-data_2025-08-28_12-59-12_Prat_Urgency_group3/box05/mic/20250828_135500.WAV,20250828_135500_subject093,093,M,EtOH,131324
/datastar/behavior_rooms/2CAP/2025-08-28_12-59-12_Prat_Urgency_group3/pi-data_2025-08-28_12-59-12_Prat_Urgency_group3/box05/mic/20250828_140000.WAV,20250828_140000_subject093,093,M,EtOH,131324
/datastar/behavior_rooms/2CAP/2025-08-28_12-59-12_Prat_Urgency_group3/pi-data_2025-08-28_12-59-12_Prat_Urgency_group3/box05/mic/20250828_140500.WAV,20250828_140500_subject093,093,M,EtOH,131324
/datastar/behavior_rooms/2CAP/2025-08-28_12-59-12_Prat_Urgency_group3/pi-data_2025-08-28_12-59-12_Prat_Urgency_group3/box05/mic/20250828_141000.WAV,20250828_141000_subject093,093,M,EtOH,131324
/datastar/behavior_rooms/2CAP/2025-08-28_14-27-40_Prat_Urgency_group4/pi-data_2025-08-28_14-27-40_Prat_Urgency_group4/box06/mic/20250828_143706.WAV,20250828_143706_subject059_061,059_061,M,Control_Control,144058
/datastar/behavior_rooms/2CAP/2025-08-28_14-27-40_Prat_Urgency_group4/pi-data_2025-08-28_14-27-40_Prat_Urgency_group4/box06/mic/20250828_144000.WAV,20250828_144000_subject059_061,059_061,M,Control_Control,144058
/datastar/behavior_rooms/2CAP/2025-08-28_14-27-40_Prat_Urgency_group4/pi-data_2025-08-28_14-27-40_Prat_Urgency_group4/box06/mic/20250828_144500.WAV,20250828_144500_subject059_061,059_061,M,Control_Control,144058
/datastar/behavior_rooms/2CAP/2025-08-28_14-27-40_Prat_Urgency_group4/pi-data_2025-08-28_14-27-40_Prat_Urgency_group4/box06/mic/20250828_145000.WAV,20250828_145000_subject059_061,059_061,M,Control_Control,144058
/datastar/behavior_rooms/2CAP/2025-08-28_14-27-40_Prat_Urgency_group4/pi-data_2025-08-28_14-27-40_Prat_Urgency_group4/box06/mic/20250828_145500.WAV,20250828_145500_subject059_061,059_061,M,Control_Control,144058
/datastar/behavior_rooms/2CAP/2025-08-28_14-27-40_Prat_Urgency_group4/pi-data_2025-08-28_14-27-40_Prat_Urgency_group4/box06/mic/20250828_150000.WAV,20250828_150000_subject059_061,059_061,M,Control_Control,144058
/datastar/behavior_rooms/2CAP/2025-08-28_14-27-40_Prat_Urgency_group4/pi-data_2025-08-28_14-27-40_Prat_Urgency_group4/box06/mic/20250828_150500.WAV,20250828_150500_subject059_061,059_061,M,Control_Control,144058
/datastar/behavior_rooms/2CAP/2025-08-28_14-27-40_Prat_Urgency_group4/pi-data_2025-08-28_14-27-40_Prat_Urgency_group4/box06/mic/20250828_151000.WAV,20250828_151000_subject059_061,059_061,M,Control_Control,144058
/datastar/behavior_rooms/2CAP/2025-08-28_14-27-40_Prat_Urgency_group4/pi-data_2025-08-28_14-27-40_Prat_Urgency_group4/box06/mic/20250828_151500.WAV,20250828_151500_subject059_061,059_061,M,Control_Control,144058
/datastar/behavior_rooms/2CAP/2025-08-28_14-27-40_Prat_Urgency_group4/pi-data_2025-08-28_14-27-40_Prat_Urgency_group4/box06/mic/20250828_152000.WAV,20250828_152000_subject059_061,059_061,M,Control_Control,144058
/datastar/behavior_rooms/2CAP/2025-08-28_14-27-40_Prat_Urgency_group4/pi-data_2025-08-28_14-27-40_Prat_Urgency_group4/box06/mic/20250828_152500.WAV,20250828_152500_subject059_061,059_061,M,Control_Control,144058
/datastar/behavior_rooms/2CAP/2025-08-28_14-27-40_Prat_Urgency_group4/pi-data_2025-08-28_14-27-40_Prat_Urgency_group4/box06/mic/20250828_153000.WAV,20250828_153000_subject059_061,059_061,M,Control_Control,144058
/datastar/behavior_rooms/2CAP/2025-08-28_14-27-40_Prat_Urgency_group4/pi-data_2025-08-28_14-27-40_Prat_Urgency_group4/box06/mic/20250828_153500.WAV,20250828_153500_subject059_061,059_061,M,Control_Control,144058
/datastar/behavior_rooms/2CAP/2025-08-28_14-27-40_Prat_Urgency_group4/pi-data_2025-08-28_14-27-40_Prat_Urgency_group4/box06/mic/20250828_154000.WAV,20250828_154000_subject059_061,059_061,M,Control_Control,144058
/datastar/behavior_rooms/2CAP/2025-08-28_14-27-40_Prat_Urgency_group4/pi-data_2025-08-28_14-27-40_Prat_Urgency_group4/box03/mic/20250828_143706.WAV,20250828_143706_subject072_090,072_090,F,Control_EtOH,143916
/datastar/behavior_rooms/2CAP/2025-08-28_14-27-40_Prat_Urgency_group4/pi-data_2025-08-28_14-27-40_Prat_Urgency_group4/box03/mic/20250828_144000.WAV,20250828_144000_subject072_090,072_090,F,Control_EtOH,143916
/datastar/behavior_rooms/2CAP/2025-08-28_14-27-40_Prat_Urgency_group4/pi-data_2025-08-28_14-27-40_Prat_Urgency_group4/box03/mic/20250828_144500.WAV,20250828_144500_subject072_090,072_090,F,Control_EtOH,143916
/datastar/behavior_rooms/2CAP/2025-08-28_14-27-40_Prat_Urgency_group4/pi-data_2025-08-28_14-27-40_Prat_Urgency_group4/box03/mic/20250828_145000.WAV,20250828_145000_subject072_090,072_090,F,Control_EtOH,143916
/datastar/behavior_rooms/2CAP/2025-08-28_14-27-40_Prat_Urgency_group4/pi-data_2025-08-28_14-27-40_Prat_Urgency_group4/box03/mic/20250828_145500.WAV,20250828_145500_subject072_090,072_090,F,Control_EtOH,143916
/datastar/behavior_rooms/2CAP/2025-08-28_14-27-40_Prat_Urgency_group4/pi-data_2025-08-28_14-27-40_Prat_Urgency_group4/box03/mic/20250828_150000.WAV,20250828_150000_subject072_090,072_090,F,Control_EtOH,143916
/datastar/behavior_rooms/2CAP/2025-08-28_14-27-40_Prat_Urgency_group4/pi-data_2025-08-28_14-27-40_Prat_Urgency_group4/box03/mic/20250828_150500.WAV,20250828_150500_subject072_090,072_090,F,Control_EtOH,143916
/datastar/behavior_rooms/2CAP/2025-08-28_14-27-40_Prat_Urgency_group4/pi-data_2025-08-28_14-27-40_Prat_Urgency_group4/box03/mic/20250828_151000.WAV,20250828_151000_subject072_090,072_090,F,Control_EtOH,143916
/datastar/behavior_rooms/2CAP/2025-08-28_14-27-40_Prat_Urgency_group4/pi-data_2025-08-28_14-27-40_Prat_Urgency_group4/box03/mic/20250828_151500.WAV,20250828_151500_subject072_090,072_090,F,Control_EtOH,143916
/datastar/behavior_rooms/2CAP/2025-08-28_14-27-40_Prat_Urgency_group4/pi-data_2025-08-28_14-27-40_Prat_Urgency_group4/box03/mic/20250828_152000.WAV,20250828_152000_subject072_090,072_090,F,Control_EtOH,143916
/datastar/behavior_rooms/2CAP/2025-08-28_14-27-40_Prat_Urgency_group4/pi-data_2025-08-28_14-27-40_Prat_Urgency_group4/box03/mic/20250828_152500.WAV,20250828_152500_subject072_090,072_090,F,Control_EtOH,143916
/datastar/behavior_rooms/2CAP/2025-08-28_14-27-40_Prat_Urgency_group4/pi-data_2025-08-28_14-27-40_Prat_Urgency_group4/box03/mic/20250828_153000.WAV,20250828_153000_subject072_090,072_090,F,Control_EtOH,143916
/datastar/behavior_rooms/2CAP/2025-08-28_14-27-40_Prat_Urgency_group4/pi-data_2025-08-28_14-27-40_Prat_Urgency_group4/box03/mic/20250828_153500.WAV,20250828_153500_subject072_090,072_090,F,Control_EtOH,143916
/datastar/behavior_rooms/2CAP/2025-08-28_14-27-40_Prat_Urgency_group4/pi-data_2025-08-28_14-27-40_Prat_Urgency_group4/box03/mic/20250828_154000.WAV,20250828_154000_subject072_090,072_090,F,Control_EtOH,143916
/datastar/behavior_rooms/2CAP/2025-08-28_14-27-40_Prat_Urgency_group4/pi-data_2025-08-28_14-27-40_Prat_Urgency_group4/box02/mic/20250828_143706.WAV,20250828_143706_subject076,076,F,Control,143840
/datastar/behavior_rooms/2CAP/2025-08-28_14-27-40_Prat_Urgency_group4/pi-data_2025-08-28_14-27-40_Prat_Urgency_group4/box02/mic/20250828_144000.WAV,20250828_144000_subject076,076,F,Control,143840
/datastar/behavior_rooms/2CAP/2025-08-28_14-27-40_Prat_Urgency_group4/pi-data_2025-08-28_14-27-40_Prat_Urgency_group4/box02/mic/20250828_144500.WAV,20250828_144500_subject076,076,F,Control,143840
/datastar/behavior_rooms/2CAP/2025-08-28_14-27-40_Prat_Urgency_group4/pi-data_2025-08-28_14-27-40_Prat_Urgency_group4/box02/mic/20250828_145000.WAV,20250828_145000_subject076,076,F,Control,143840
/datastar/behavior_rooms/2CAP/2025-08-28_14-27-40_Prat_Urgency_group4/pi-data_2025-08-28_14-27-40_Prat_Urgency_group4/box02/mic/20250828_145500.WAV,20250828_145500_subject076,076,F,Control,143840
/datastar/behavior_rooms/2CAP/2025-08-28_14-27-40_Prat_Urgency_group4/pi-data_2025-08-28_14-27-40_Prat_Urgency_group4/box02/mic/20250828_150000.WAV,20250828_150000_subject076,076,F,Control,143840
/datastar/behavior_rooms/2CAP/2025-08-28_14-27-40_Prat_Urgency_group4/pi-data_2025-08-28_14-27-40_Prat_Urgency_group4/box02/mic/20250828_150500.WAV,20250828_150500_subject076,076,F,Control,143840
/datastar/behavior_rooms/2CAP/2025-08-28_14-27-40_Prat_Urgency_group4/pi-data_2025-08-28_14-27-40_Prat_Urgency_group4/box02/mic/20250828_151000.WAV,20250828_151000_subject076,076,F,Control,143840
/datastar/behavior_rooms/2CAP/2025-08-28_14-27-40_Prat_Urgency_group4/pi-data_2025-08-28_14-27-40_Prat_Urgency_group4/box02/mic/20250828_151500.WAV,20250828_151500_subject076,076,F,Control,143840
/datastar/behavior_rooms/2CAP/2025-08-28_14-27-40_Prat_Urgency_group4/pi-data_2025-08-28_14-27-40_Prat_Urgency_group4/box02/mic/20250828_152000.WAV,20250828_152000_subject076,076,F,Control,143840
/datastar/behavior_rooms/2CAP/2025-08-28_14-27-40_Prat_Urgency_group4/pi-data_2025-08-28_14-27-40_Prat_Urgency_group4/box02/mic/20250828_152500.WAV,20250828_152500_subject076,076,F,Control,143840
/datastar/behavior_rooms/2CAP/2025-08-28_14-27-40_Prat_Urgency_group4/pi-data_2025-08-28_14-27-40_Prat_Urgency_group4/box02/mic/20250828_153000.WAV,20250828_153000_subject076,076,F,Control,143840
/datastar/behavior_rooms/2CAP/2025-08-28_14-27-40_Prat_Urgency_group4/pi-data_2025-08-28_14-27-40_Prat_Urgency_group4/box02/mic/20250828_153500.WAV,20250828_153500_subject076,076,F,Control,143840
/datastar/behavior_rooms/2CAP/2025-08-28_14-27-40_Prat_Urgency_group4/pi-data_2025-08-28_14-27-40_Prat_Urgency_group4/box02/mic/20250828_154000.WAV,20250828_154000_subject076,076,F,Control,143840
/datastar/behavior_rooms/2CAP/2025-08-28_14-27-40_Prat_Urgency_group4/pi-data_2025-08-28_14-27-40_Prat_Urgency_group4/box04/mic/20250828_143706.WAV,20250828_143706_subject082_080,082_080,F,EtOH_EtOH,143954
/datastar/behavior_rooms/2CAP/2025-08-28_14-27-40_Prat_Urgency_group4/pi-data_2025-08-28_14-27-40_Prat_Urgency_group4/box04/mic/20250828_144000.WAV,20250828_144000_subject082_080,082_080,F,EtOH_EtOH,143954
/datastar/behavior_rooms/2CAP/2025-08-28_14-27-40_Prat_Urgency_group4/pi-data_2025-08-28_14-27-40_Prat_Urgency_group4/box04/mic/20250828_144500.WAV,20250828_144500_subject082_080,082_080,F,EtOH_EtOH,143954
/datastar/behavior_rooms/2CAP/2025-08-28_14-27-40_Prat_Urgency_group4/pi-data_2025-08-28_14-27-40_Prat_Urgency_group4/box04/mic/20250828_145000.WAV,20250828_145000_subject082_080,082_080,F,EtOH_EtOH,143954
/datastar/behavior_rooms/2CAP/2025-08-28_14-27-40_Prat_Urgency_group4/pi-data_2025-08-28_14-27-40_Prat_Urgency_group4/box04/mic/20250828_145500.WAV,20250828_145500_subject082_080,082_080,F,EtOH_EtOH,143954
/datastar/behavior_rooms/2CAP/2025-08-28_14-27-40_Prat_Urgency_group4/pi-data_2025-08-28_14-27-40_Prat_Urgency_group4/box04/mic/20250828_150000.WAV,20250828_150000_subject082_080,082_080,F,EtOH_EtOH,143954
/datastar/behavior_rooms/2CAP/2025-08-28_14-27-40_Prat_Urgency_group4/pi-data_2025-08-28_14-27-40_Prat_Urgency_group4/box04/mic/20250828_150500.WAV,20250828_150500_subject082_080,082_080,F,EtOH_EtOH,143954
/datastar/behavior_rooms/2CAP/2025-08-28_14-27-40_Prat_Urgency_group4/pi-data_2025-08-28_14-27-40_Prat_Urgency_group4/box04/mic/20250828_151000.WAV,20250828_151000_subject082_080,082_080,F,EtOH_EtOH,143954
/datastar/behavior_rooms/2CAP/2025-08-28_14-27-40_Prat_Urgency_group4/pi-data_2025-08-28_14-27-40_Prat_Urgency_group4/box04/mic/20250828_151500.WAV,20250828_151500_subject082_080,082_080,F,EtOH_EtOH,143954
/datastar/behavior_rooms/2CAP/2025-08-28_14-27-40_Prat_Urgency_group4/pi-data_2025-08-28_14-27-40_Prat_Urgency_group4/box04/mic/20250828_152000.WAV,20250828_152000_subject082_080,082_080,F,EtOH_EtOH,143954
/datastar/behavior_rooms/2CAP/2025-08-28_14-27-40_Prat_Urgency_group4/pi-data_2025-08-28_14-27-40_Prat_Urgency_group4/box04/mic/20250828_152500.WAV,20250828_152500_subject082_080,082_080,F,EtOH_EtOH,143954
/datastar/behavior_rooms/2CAP/2025-08-28_14-27-40_Prat_Urgency_group4/pi-data_2025-08-28_14-27-40_Prat_Urgency_group4/box04/mic/20250828_153000.WAV,20250828_153000_subject082_080,082_080,F,EtOH_EtOH,143954
/datastar/behavior_rooms/2CAP/2025-08-28_14-27-40_Prat_Urgency_group4/pi-data_2025-08-28_14-27-40_Prat_Urgency_group4/box04/mic/20250828_153500.WAV,20250828_153500_subject082_080,082_080,F,EtOH_EtOH,143954
/datastar/behavior_rooms/2CAP/2025-08-28_14-27-40_Prat_Urgency_group4/pi-data_2025-08-28_14-27-40_Prat_Urgency_group4/box04/mic/20250828_154000.WAV,20250828_154000_subject082_080,082_080,F,EtOH_EtOH,143954
/datastar/behavior_rooms/2CAP/2025-08-28_14-27-40_Prat_Urgency_group4/pi-data_2025-08-28_14-27-40_Prat_Urgency_group4/box01/mic/20250828_143706.WAV,20250828_143706_subject085_065,085_065,M,EtOH_Control,143819
/datastar/behavior_rooms/2CAP/2025-08-28_14-27-40_Prat_Urgency_group4/pi-data_2025-08-28_14-27-40_Prat_Urgency_group4/box01/mic/20250828_144000.WAV,20250828_144000_subject085_065,085_065,M,EtOH_Control,143819
/datastar/behavior_rooms/2CAP/2025-08-28_14-27-40_Prat_Urgency_group4/pi-data_2025-08-28_14-27-40_Prat_Urgency_group4/box01/mic/20250828_144500.WAV,20250828_144500_subject085_065,085_065,M,EtOH_Control,143819
/datastar/behavior_rooms/2CAP/2025-08-28_14-27-40_Prat_Urgency_group4/pi-data_2025-08-28_14-27-40_Prat_Urgency_group4/box01/mic/20250828_145000.WAV,20250828_145000_subject085_065,085_065,M,EtOH_Control,143819
/datastar/behavior_rooms/2CAP/2025-08-28_14-27-40_Prat_Urgency_group4/pi-data_2025-08-28_14-27-40_Prat_Urgency_group4/box01/mic/20250828_145500.WAV,20250828_145500_subject085_065,085_065,M,EtOH_Control,143819
/datastar/behavior_rooms/2CAP/2025-08-28_14-27-40_Prat_Urgency_group4/pi-data_2025-08-28_14-27-40_Prat_Urgency_group4/box01/mic/20250828_150000.WAV,20250828_150000_subject085_065,085_065,M,EtOH_Control,143819
/datastar/behavior_rooms/2CAP/2025-08-28_14-27-40_Prat_Urgency_group4/pi-data_2025-08-28_14-27-40_Prat_Urgency_group4/box01/mic/20250828_150500.WAV,20250828_150500_subject085_065,085_065,M,EtOH_Control,143819
/datastar/behavior_rooms/2CAP/2025-08-28_14-27-40_Prat_Urgency_group4/pi-data_2025-08-28_14-27-40_Prat_Urgency_group4/box01/mic/20250828_151000.WAV,20250828_151000_subject085_065,085_065,M,EtOH_Control,143819
/datastar/behavior_rooms/2CAP/2025-08-28_14-27-40_Prat_Urgency_group4/pi-data_2025-08-28_14-27-40_Prat_Urgency_group4/box01/mic/20250828_151500.WAV,20250828_151500_subject085_065,085_065,M,EtOH_Control,143819
/datastar/behavior_rooms/2CAP/2025-08-28_14-27-40_Prat_Urgency_group4/pi-data_2025-08-28_14-27-40_Prat_Urgency_group4/box01/mic/20250828_152000.WAV,20250828_152000_subject085_065,085_065,M,EtOH_Control,143819
/datastar/behavior_rooms/2CAP/2025-08-28_14-27-40_Prat_Urgency_group4/pi-data_2025-08-28_14-27-40_Prat_Urgency_group4/box01/mic/20250828_152500.WAV,20250828_152500_subject085_065,085_065,M,EtOH_Control,143819
/datastar/behavior_rooms/2CAP/2025-08-28_14-27-40_Prat_Urgency_group4/pi-data_2025-08-28_14-27-40_Prat_Urgency_group4/box01/mic/20250828_153000.WAV,20250828_153000_subject085_065,085_065,M,EtOH_Control,143819
/datastar/behavior_rooms/2CAP/2025-08-28_14-27-40_Prat_Urgency_group4/pi-data_2025-08-28_14-27-40_Prat_Urgency_group4/box01/mic/20250828_153500.WAV,20250828_153500_subject085_065,085_065,M,EtOH_Control,143819
/datastar/behavior_rooms/2CAP/2025-08-28_14-27-40_Prat_Urgency_group4/pi-data_2025-08-28_14-27-40_Prat_Urgency_group4/box01/mic/20250828_154000.WAV,20250828_154000_subject085_065,085_065,M,EtOH_Control,143819
/datastar/behavior_rooms/2CAP/2025-08-28_14-27-40_Prat_Urgency_group4/pi-data_2025-08-28_14-27-40_Prat_Urgency_group4/box05/mic/20250828_143706.WAV,20250828_143706_subject089,089,M,EtOH,144017
/datastar/behavior_rooms/2CAP/2025-08-28_14-27-40_Prat_Urgency_group4/pi-data_2025-08-28_14-27-40_Prat_Urgency_group4/box05/mic/20250828_144000.WAV,20250828_144000_subject089,089,M,EtOH,144017
/datastar/behavior_rooms/2CAP/2025-08-28_14-27-40_Prat_Urgency_group4/pi-data_2025-08-28_14-27-40_Prat_Urgency_group4/box05/mic/20250828_144500.WAV,20250828_144500_subject089,089,M,EtOH,144017
/datastar/behavior_rooms/2CAP/2025-08-28_14-27-40_Prat_Urgency_group4/pi-data_2025-08-28_14-27-40_Prat_Urgency_group4/box05/mic/20250828_145000.WAV,20250828_145000_subject089,089,M,EtOH,144017
/datastar/behavior_rooms/2CAP/2025-08-28_14-27-40_Prat_Urgency_group4/pi-data_2025-08-28_14-27-40_Prat_Urgency_group4/box05/mic/20250828_145500.WAV,20250828_145500_subject089,089,M,EtOH,144017
/datastar/behavior_rooms/2CAP/2025-08-28_14-27-40_Prat_Urgency_group4/pi-data_2025-08-28_14-27-40_Prat_Urgency_group4/box05/mic/20250828_150000.WAV,20250828_150000_subject089,089,M,EtOH,144017
/datastar/behavior_rooms/2CAP/2025-08-28_14-27-40_Prat_Urgency_group4/pi-data_2025-08-28_14-27-40_Prat_Urgency_group4/box05/mic/20250828_150500.WAV,20250828_150500_subject089,089,M,EtOH,144017
/datastar/behavior_rooms/2CAP/2025-08-28_14-27-40_Prat_Urgency_group4/pi-data_2025-08-28_14-27-40_Prat_Urgency_group4/box05/mic/20250828_151000.WAV,20250828_151000_subject089,089,M,EtOH,144017
/datastar/behavior_rooms/2CAP/2025-08-28_14-27-40_Prat_Urgency_group4/pi-data_2025-08-28_14-27-40_Prat_Urgency_group4/box05/mic/20250828_151500.WAV,20250828_151500_subject089,089,M,EtOH,144017
/datastar/behavior_rooms/2CAP/2025-08-28_14-27-40_Prat_Urgency_group4/pi-data_2025-08-28_14-27-40_Prat_Urgency_group4/box05/mic/20250828_152000.WAV,20250828_152000_subject089,089,M,EtOH,144017
/datastar/behavior_rooms/2CAP/2025-08-28_14-27-40_Prat_Urgency_group4/pi-data_2025-08-28_14-27-40_Prat_Urgency_group4/box05/mic/20250828_152500.WAV,20250828_152500_subject089,089,M,EtOH,144017
/datastar/behavior_rooms/2CAP/2025-08-28_14-27-40_Prat_Urgency_group4/pi-data_2025-08-28_14-27-40_Prat_Urgency_group4/box05/mic/20250828_153000.WAV,20250828_153000_subject089,089,M,EtOH,144017
/datastar/behavior_rooms/2CAP/2025-08-28_14-27-40_Prat_Urgency_group4/pi-data_2025-08-28_14-27-40_Prat_Urgency_group4/box05/mic/20250828_153500.WAV,20250828_153500_subject089,089,M,EtOH,144017
/datastar/behavior_rooms/2CAP/2025-08-28_14-27-40_Prat_Urgency_group4/pi-data_2025-08-28_14-27-40_Prat_Urgency_group4/box05/mic/20250828_154000.WAV,20250828_154000_subject089,089,M,EtOH,144017
/datastar/behavior_rooms/2CAP/2025-08-29_10-06-57_Prat_Urgency_group1/pi-data_2025-08-29_10-06-57_Prat_Urgency_group1/box01/mic/20250829_101215.WAV,20250829_101215_subject063_087,063_087,M,Control_EtOH,101353
/datastar/behavior_rooms/2CAP/2025-08-29_10-06-57_Prat_Urgency_group1/pi-data_2025-08-29_10-06-57_Prat_Urgency_group1/box01/mic/20250829_101500.WAV,20250829_101500_subject063_087,063_087,M,Control_EtOH,101353
/datastar/behavior_rooms/2CAP/2025-08-29_10-06-57_Prat_Urgency_group1/pi-data_2025-08-29_10-06-57_Prat_Urgency_group1/box01/mic/20250829_102000.WAV,20250829_102000_subject063_087,063_087,M,Control_EtOH,101353
/datastar/behavior_rooms/2CAP/2025-08-29_10-06-57_Prat_Urgency_group1/pi-data_2025-08-29_10-06-57_Prat_Urgency_group1/box01/mic/20250829_102500.WAV,20250829_102500_subject063_087,063_087,M,Control_EtOH,101353
/datastar/behavior_rooms/2CAP/2025-08-29_10-06-57_Prat_Urgency_group1/pi-data_2025-08-29_10-06-57_Prat_Urgency_group1/box01/mic/20250829_103000.WAV,20250829_103000_subject063_087,063_087,M,Control_EtOH,101353
/datastar/behavior_rooms/2CAP/2025-08-29_10-06-57_Prat_Urgency_group1/pi-data_2025-08-29_10-06-57_Prat_Urgency_group1/box01/mic/20250829_103500.WAV,20250829_103500_subject063_087,063_087,M,Control_EtOH,101353
/datastar/behavior_rooms/2CAP/2025-08-29_10-06-57_Prat_Urgency_group1/pi-data_2025-08-29_10-06-57_Prat_Urgency_group1/box01/mic/20250829_104000.WAV,20250829_104000_subject063_087,063_087,M,Control_EtOH,101353
/datastar/behavior_rooms/2CAP/2025-08-29_10-06-57_Prat_Urgency_group1/pi-data_2025-08-29_10-06-57_Prat_Urgency_group1/box01/mic/20250829_104500.WAV,20250829_104500_subject063_087,063_087,M,Control_EtOH,101353
/datastar/behavior_rooms/2CAP/2025-08-29_10-06-57_Prat_Urgency_group1/pi-data_2025-08-29_10-06-57_Prat_Urgency_group1/box01/mic/20250829_105000.WAV,20250829_105000_subject063_087,063_087,M,Control_EtOH,101353
/datastar/behavior_rooms/2CAP/2025-08-29_10-06-57_Prat_Urgency_group1/pi-data_2025-08-29_10-06-57_Prat_Urgency_group1/box01/mic/20250829_105500.WAV,20250829_105500_subject063_087,063_087,M,Control_EtOH,101353
/datastar/behavior_rooms/2CAP/2025-08-29_10-06-57_Prat_Urgency_group1/pi-data_2025-08-29_10-06-57_Prat_Urgency_group1/box01/mic/20250829_110000.WAV,20250829_110000_subject063_087,063_087,M,Control_EtOH,101353
/datastar/behavior_rooms/2CAP/2025-08-29_10-06-57_Prat_Urgency_group1/pi-data_2025-08-29_10-06-57_Prat_Urgency_group1/box01/mic/20250829_110500.WAV,20250829_110500_subject063_087,063_087,M,Control_EtOH,101353
/datastar/behavior_rooms/2CAP/2025-08-29_10-06-57_Prat_Urgency_group1/pi-data_2025-08-29_10-06-57_Prat_Urgency_group1/box01/mic/20250829_111000.WAV,20250829_111000_subject063_087,063_087,M,Control_EtOH,101353
/datastar/behavior_rooms/2CAP/2025-08-29_10-06-57_Prat_Urgency_group1/pi-data_2025-08-29_10-06-57_Prat_Urgency_group1/box01/mic/20250829_111500.WAV,20250829_111500_subject063_087,063_087,M,Control_EtOH,101353
/datastar/behavior_rooms/2CAP/2025-08-29_10-06-57_Prat_Urgency_group1/pi-data_2025-08-29_10-06-57_Prat_Urgency_group1/box01/mic/20250829_112000.WAV,20250829_112000_subject063_087,063_087,M,Control_EtOH,101353
/datastar/behavior_rooms/2CAP/2025-08-29_10-06-57_Prat_Urgency_group1/pi-data_2025-08-29_10-06-57_Prat_Urgency_group1/box01/mic/20250829_112500.WAV,20250829_112500_subject063_087,063_087,M,Control_EtOH,101353
/datastar/behavior_rooms/2CAP/2025-08-29_10-06-57_Prat_Urgency_group1/pi-data_2025-08-29_10-06-57_Prat_Urgency_group1/box01/mic/20250829_113000.WAV,20250829_113000_subject063_087,063_087,M,Control_EtOH,101353
/datastar/behavior_rooms/2CAP/2025-08-29_10-06-57_Prat_Urgency_group1/pi-data_2025-08-29_10-06-57_Prat_Urgency_group1/box04/mic/20250829_101215.WAV,20250829_101215_subject066,066,F,Control,101529
/datastar/behavior_rooms/2CAP/2025-08-29_10-06-57_Prat_Urgency_group1/pi-data_2025-08-29_10-06-57_Prat_Urgency_group1/box04/mic/20250829_101500.WAV,20250829_101500_subject066,066,F,Control,101529
/datastar/behavior_rooms/2CAP/2025-08-29_10-06-57_Prat_Urgency_group1/pi-data_2025-08-29_10-06-57_Prat_Urgency_group1/box04/mic/20250829_102000.WAV,20250829_102000_subject066,066,F,Control,101529
/datastar/behavior_rooms/2CAP/2025-08-29_10-06-57_Prat_Urgency_group1/pi-data_2025-08-29_10-06-57_Prat_Urgency_group1/box04/mic/20250829_102500.WAV,20250829_102500_subject066,066,F,Control,101529
/datastar/behavior_rooms/2CAP/2025-08-29_10-06-57_Prat_Urgency_group1/pi-data_2025-08-29_10-06-57_Prat_Urgency_group1/box04/mic/20250829_103000.WAV,20250829_103000_subject066,066,F,Control,101529
/datastar/behavior_rooms/2CAP/2025-08-29_10-06-57_Prat_Urgency_group1/pi-data_2025-08-29_10-06-57_Prat_Urgency_group1/box04/mic/20250829_103500.WAV,20250829_103500_subject066,066,F,Control,101529
/datastar/behavior_rooms/2CAP/2025-08-29_10-06-57_Prat_Urgency_group1/pi-data_2025-08-29_10-06-57_Prat_Urgency_group1/box04/mic/20250829_104000.WAV,20250829_104000_subject066,066,F,Control,101529
/datastar/behavior_rooms/2CAP/2025-08-29_10-06-57_Prat_Urgency_group1/pi-data_2025-08-29_10-06-57_Prat_Urgency_group1/box04/mic/20250829_104500.WAV,20250829_104500_subject066,066,F,Control,101529
/datastar/behavior_rooms/2CAP/2025-08-29_10-06-57_Prat_Urgency_group1/pi-data_2025-08-29_10-06-57_Prat_Urgency_group1/box04/mic/20250829_105000.WAV,20250829_105000_subject066,066,F,Control,101529
/datastar/behavior_rooms/2CAP/2025-08-29_10-06-57_Prat_Urgency_group1/pi-data_2025-08-29_10-06-57_Prat_Urgency_group1/box04/mic/20250829_105500.WAV,20250829_105500_subject066,066,F,Control,101529
/datastar/behavior_rooms/2CAP/2025-08-29_10-06-57_Prat_Urgency_group1/pi-data_2025-08-29_10-06-57_Prat_Urgency_group1/box04/mic/20250829_110000.WAV,20250829_110000_subject066,066,F,Control,101529
/datastar/behavior_rooms/2CAP/2025-08-29_10-06-57_Prat_Urgency_group1/pi-data_2025-08-29_10-06-57_Prat_Urgency_group1/box04/mic/20250829_110500.WAV,20250829_110500_subject066,066,F,Control,101529
/datastar/behavior_rooms/2CAP/2025-08-29_10-06-57_Prat_Urgency_group1/pi-data_2025-08-29_10-06-57_Prat_Urgency_group1/box04/mic/20250829_111000.WAV,20250829_111000_subject066,066,F,Control,101529
/datastar/behavior_rooms/2CAP/2025-08-29_10-06-57_Prat_Urgency_group1/pi-data_2025-08-29_10-06-57_Prat_Urgency_group1/box04/mic/20250829_111500.WAV,20250829_111500_subject066,066,F,Control,101529
/datastar/behavior_rooms/2CAP/2025-08-29_10-06-57_Prat_Urgency_group1/pi-data_2025-08-29_10-06-57_Prat_Urgency_group1/box04/mic/20250829_112000.WAV,20250829_112000_subject066,066,F,Control,101529
/datastar/behavior_rooms/2CAP/2025-08-29_10-06-57_Prat_Urgency_group1/pi-data_2025-08-29_10-06-57_Prat_Urgency_group1/box04/mic/20250829_112500.WAV,20250829_112500_subject066,066,F,Control,101529
/datastar/behavior_rooms/2CAP/2025-08-29_10-06-57_Prat_Urgency_group1/pi-data_2025-08-29_10-06-57_Prat_Urgency_group1/box04/mic/20250829_113000.WAV,20250829_113000_subject066,066,F,Control,101529
/datastar/behavior_rooms/2CAP/2025-08-29_10-06-57_Prat_Urgency_group1/pi-data_2025-08-29_10-06-57_Prat_Urgency_group1/box03/mic/20250829_101215.WAV,20250829_101215_subject070_068,070_068,F,Control_Control,101404
/datastar/behavior_rooms/2CAP/2025-08-29_10-06-57_Prat_Urgency_group1/pi-data_2025-08-29_10-06-57_Prat_Urgency_group1/box03/mic/20250829_101500.WAV,20250829_101500_subject070_068,070_068,F,Control_Control,101404
/datastar/behavior_rooms/2CAP/2025-08-29_10-06-57_Prat_Urgency_group1/pi-data_2025-08-29_10-06-57_Prat_Urgency_group1/box03/mic/20250829_102000.WAV,20250829_102000_subject070_068,070_068,F,Control_Control,101404
/datastar/behavior_rooms/2CAP/2025-08-29_10-06-57_Prat_Urgency_group1/pi-data_2025-08-29_10-06-57_Prat_Urgency_group1/box03/mic/20250829_102500.WAV,20250829_102500_subject070_068,070_068,F,Control_Control,101404
/datastar/behavior_rooms/2CAP/2025-08-29_10-06-57_Prat_Urgency_group1/pi-data_2025-08-29_10-06-57_Prat_Urgency_group1/box03/mic/20250829_103000.WAV,20250829_103000_subject070_068,070_068,F,Control_Control,101404
/datastar/behavior_rooms/2CAP/2025-08-29_10-06-57_Prat_Urgency_group1/pi-data_2025-08-29_10-06-57_Prat_Urgency_group1/box03/mic/20250829_103500.WAV,20250829_103500_subject070_068,070_068,F,Control_Control,101404
/datastar/behavior_rooms/2CAP/2025-08-29_10-06-57_Prat_Urgency_group1/pi-data_2025-08-29_10-06-57_Prat_Urgency_group1/box03/mic/20250829_104000.WAV,20250829_104000_subject070_068,070_068,F,Control_Control,101404
/datastar/behavior_rooms/2CAP/2025-08-29_10-06-57_Prat_Urgency_group1/pi-data_2025-08-29_10-06-57_Prat_Urgency_group1/box03/mic/20250829_104500.WAV,20250829_104500_subject070_068,070_068,F,Control_Control,101404
/datastar/behavior_rooms/2CAP/2025-08-29_10-06-57_Prat_Urgency_group1/pi-data_2025-08-29_10-06-57_Prat_Urgency_group1/box03/mic/20250829_105000.WAV,20250829_105000_subject070_068,070_068,F,Control_Control,101404
/datastar/behavior_rooms/2CAP/2025-08-29_10-06-57_Prat_Urgency_group1/pi-data_2025-08-29_10-06-57_Prat_Urgency_group1/box03/mic/20250829_105500.WAV,20250829_105500_subject070_068,070_068,F,Control_Control,101404
/datastar/behavior_rooms/2CAP/2025-08-29_10-06-57_Prat_Urgency_group1/pi-data_2025-08-29_10-06-57_Prat_Urgency_group1/box03/mic/20250829_110000.WAV,20250829_110000_subject070_068,070_068,F,Control_Control,101404
/datastar/behavior_rooms/2CAP/2025-08-29_10-06-57_Prat_Urgency_group1/pi-data_2025-08-29_10-06-57_Prat_Urgency_group1/box03/mic/20250829_110500.WAV,20250829_110500_subject070_068,070_068,F,Control_Control,101404
/datastar/behavior_rooms/2CAP/2025-08-29_10-06-57_Prat_Urgency_group1/pi-data_2025-08-29_10-06-57_Prat_Urgency_group1/box03/mic/20250829_111000.WAV,20250829_111000_subject070_068,070_068,F,Control_Control,101404
/datastar/behavior_rooms/2CAP/2025-08-29_10-06-57_Prat_Urgency_group1/pi-data_2025-08-29_10-06-57_Prat_Urgency_group1/box03/mic/20250829_111500.WAV,20250829_111500_subject070_068,070_068,F,Control_Control,101404
/datastar/behavior_rooms/2CAP/2025-08-29_10-06-57_Prat_Urgency_group1/pi-data_2025-08-29_10-06-57_Prat_Urgency_group1/box03/mic/20250829_112000.WAV,20250829_112000_subject070_068,070_068,F,Control_Control,101404
/datastar/behavior_rooms/2CAP/2025-08-29_10-06-57_Prat_Urgency_group1/pi-data_2025-08-29_10-06-57_Prat_Urgency_group1/box03/mic/20250829_112500.WAV,20250829_112500_subject070_068,070_068,F,Control_Control,101404
/datastar/behavior_rooms/2CAP/2025-08-29_10-06-57_Prat_Urgency_group1/pi-data_2025-08-29_10-06-57_Prat_Urgency_group1/box03/mic/20250829_113000.WAV,20250829_113000_subject070_068,070_068,F,Control_Control,101404
/datastar/behavior_rooms/2CAP/2025-08-29_10-06-57_Prat_Urgency_group1/pi-data_2025-08-29_10-06-57_Prat_Urgency_group1/box05/mic/20250829_101215.WAV,20250829_101215_subject083_081,083_081,M,EtOH_EtOH,101606
/datastar/behavior_rooms/2CAP/2025-08-29_10-06-57_Prat_Urgency_group1/pi-data_2025-08-29_10-06-57_Prat_Urgency_group1/box05/mic/20250829_101500.WAV,20250829_101500_subject083_081,083_081,M,EtOH_EtOH,101606
/datastar/behavior_rooms/2CAP/2025-08-29_10-06-57_Prat_Urgency_group1/pi-data_2025-08-29_10-06-57_Prat_Urgency_group1/box05/mic/20250829_102000.WAV,20250829_102000_subject083_081,083_081,M,EtOH_EtOH,101606
/datastar/behavior_rooms/2CAP/2025-08-29_10-06-57_Prat_Urgency_group1/pi-data_2025-08-29_10-06-57_Prat_Urgency_group1/box05/mic/20250829_102500.WAV,20250829_102500_subject083_081,083_081,M,EtOH_EtOH,101606
/datastar/behavior_rooms/2CAP/2025-08-29_10-06-57_Prat_Urgency_group1/pi-data_2025-08-29_10-06-57_Prat_Urgency_group1/box05/mic/20250829_103000.WAV,20250829_103000_subject083_081,083_081,M,EtOH_EtOH,101606
/datastar/behavior_rooms/2CAP/2025-08-29_10-06-57_Prat_Urgency_group1/pi-data_2025-08-29_10-06-57_Prat_Urgency_group1/box05/mic/20250829_103500.WAV,20250829_103500_subject083_081,083_081,M,EtOH_EtOH,101606
/datastar/behavior_rooms/2CAP/2025-08-29_10-06-57_Prat_Urgency_group1/pi-data_2025-08-29_10-06-57_Prat_Urgency_group1/box05/mic/20250829_104000.WAV,20250829_104000_subject083_081,083_081,M,EtOH_EtOH,101606
/datastar/behavior_rooms/2CAP/2025-08-29_10-06-57_Prat_Urgency_group1/pi-data_2025-08-29_10-06-57_Prat_Urgency_group1/box05/mic/20250829_104500.WAV,20250829_104500_subject083_081,083_081,M,EtOH_EtOH,101606
/datastar/behavior_rooms/2CAP/2025-08-29_10-06-57_Prat_Urgency_group1/pi-data_2025-08-29_10-06-57_Prat_Urgency_group1/box05/mic/20250829_105000.WAV,20250829_105000_subject083_081,083_081,M,EtOH_EtOH,101606
/datastar/behavior_rooms/2CAP/2025-08-29_10-06-57_Prat_Urgency_group1/pi-data_2025-08-29_10-06-57_Prat_Urgency_group1/box05/mic/20250829_105500.WAV,20250829_105500_subject083_081,083_081,M,EtOH_EtOH,101606
/datastar/behavior_rooms/2CAP/2025-08-29_10-06-57_Prat_Urgency_group1/pi-data_2025-08-29_10-06-57_Prat_Urgency_group1/box05/mic/20250829_110000.WAV,20250829_110000_subject083_081,083_081,M,EtOH_EtOH,101606
/datastar/behavior_rooms/2CAP/2025-08-29_10-06-57_Prat_Urgency_group1/pi-data_2025-08-29_10-06-57_Prat_Urgency_group1/box05/mic/20250829_110500.WAV,20250829_110500_subject083_081,083_081,M,EtOH_EtOH,101606
/datastar/behavior_rooms/2CAP/2025-08-29_10-06-57_Prat_Urgency_group1/pi-data_2025-08-29_10-06-57_Prat_Urgency_group1/box05/mic/20250829_111000.WAV,20250829_111000_subject083_081,083_081,M,EtOH_EtOH,101606
/datastar/behavior_rooms/2CAP/2025-08-29_10-06-57_Prat_Urgency_group1/pi-data_2025-08-29_10-06-57_Prat_Urgency_group1/box05/mic/20250829_111500.WAV,20250829_111500_subject083_081,083_081,M,EtOH_EtOH,101606
/datastar/behavior_rooms/2CAP/2025-08-29_10-06-57_Prat_Urgency_group1/pi-data_2025-08-29_10-06-57_Prat_Urgency_group1/box05/mic/20250829_112000.WAV,20250829_112000_subject083_081,083_081,M,EtOH_EtOH,101606
/datastar/behavior_rooms/2CAP/2025-08-29_10-06-57_Prat_Urgency_group1/pi-data_2025-08-29_10-06-57_Prat_Urgency_group1/box05/mic/20250829_112500.WAV,20250829_112500_subject083_081,083_081,M,EtOH_EtOH,101606
/datastar/behavior_rooms/2CAP/2025-08-29_10-06-57_Prat_Urgency_group1/pi-data_2025-08-29_10-06-57_Prat_Urgency_group1/box05/mic/20250829_113000.WAV,20250829_113000_subject083_081,083_081,M,EtOH_EtOH,101606
/datastar/behavior_rooms/2CAP/2025-08-29_10-06-57_Prat_Urgency_group1/pi-data_2025-08-29_10-06-57_Prat_Urgency_group1/box02/mic/20250829_101215.WAV,20250829_101215_subject094_064,094_064,F,EtOH_Control,101429
/datastar/behavior_rooms/2CAP/2025-08-29_10-06-57_Prat_Urgency_group1/pi-data_2025-08-29_10-06-57_Prat_Urgency_group1/box02/mic/20250829_101500.WAV,20250829_101500_subject094_064,094_064,F,EtOH_Control,101429
/datastar/behavior_rooms/2CAP/2025-08-29_10-06-57_Prat_Urgency_group1/pi-data_2025-08-29_10-06-57_Prat_Urgency_group1/box02/mic/20250829_102000.WAV,20250829_102000_subject094_064,094_064,F,EtOH_Control,101429
/datastar/behavior_rooms/2CAP/2025-08-29_10-06-57_Prat_Urgency_group1/pi-data_2025-08-29_10-06-57_Prat_Urgency_group1/box02/mic/20250829_102500.WAV,20250829_102500_subject094_064,094_064,F,EtOH_Control,101429
/datastar/behavior_rooms/2CAP/2025-08-29_10-06-57_Prat_Urgency_group1/pi-data_2025-08-29_10-06-57_Prat_Urgency_group1/box02/mic/20250829_103000.WAV,20250829_103000_subject094_064,094_064,F,EtOH_Control,101429
/datastar/behavior_rooms/2CAP/2025-08-29_10-06-57_Prat_Urgency_group1/pi-data_2025-08-29_10-06-57_Prat_Urgency_group1/box02/mic/20250829_103500.WAV,20250829_103500_subject094_064,094_064,F,EtOH_Control,101429
/datastar/behavior_rooms/2CAP/2025-08-29_10-06-57_Prat_Urgency_group1/pi-data_2025-08-29_10-06-57_Prat_Urgency_group1/box02/mic/20250829_104000.WAV,20250829_104000_subject094_064,094_064,F,EtOH_Control,101429
/datastar/behavior_rooms/2CAP/2025-08-29_10-06-57_Prat_Urgency_group1/pi-data_2025-08-29_10-06-57_Prat_Urgency_group1/box02/mic/20250829_104500.WAV,20250829_104500_subject094_064,094_064,F,EtOH_Control,101429
/datastar/behavior_rooms/2CAP/2025-08-29_10-06-57_Prat_Urgency_group1/pi-data_2025-08-29_10-06-57_Prat_Urgency_group1/box02/mic/20250829_105000.WAV,20250829_105000_subject094_064,094_064,F,EtOH_Control,101429
/datastar/behavior_rooms/2CAP/2025-08-29_10-06-57_Prat_Urgency_group1/pi-data_2025-08-29_10-06-57_Prat_Urgency_group1/box02/mic/20250829_105500.WAV,20250829_105500_subject094_064,094_064,F,EtOH_Control,101429
/datastar/behavior_rooms/2CAP/2025-08-29_10-06-57_Prat_Urgency_group1/pi-data_2025-08-29_10-06-57_Prat_Urgency_group1/box02/mic/20250829_110000.WAV,20250829_110000_subject094_064,094_064,F,EtOH_Control,101429
/datastar/behavior_rooms/2CAP/2025-08-29_10-06-57_Prat_Urgency_group1/pi-data_2025-08-29_10-06-57_Prat_Urgency_group1/box02/mic/20250829_110500.WAV,20250829_110500_subject094_064,094_064,F,EtOH_Control,101429
/datastar/behavior_rooms/2CAP/2025-08-29_10-06-57_Prat_Urgency_group1/pi-data_2025-08-29_10-06-57_Prat_Urgency_group1/box02/mic/20250829_111000.WAV,20250829_111000_subject094_064,094_064,F,EtOH_Control,101429
/datastar/behavior_rooms/2CAP/2025-08-29_10-06-57_Prat_Urgency_group1/pi-data_2025-08-29_10-06-57_Prat_Urgency_group1/box02/mic/20250829_111500.WAV,20250829_111500_subject094_064,094_064,F,EtOH_Control,101429
/datastar/behavior_rooms/2CAP/2025-08-29_10-06-57_Prat_Urgency_group1/pi-data_2025-08-29_10-06-57_Prat_Urgency_group1/box02/mic/20250829_112000.WAV,20250829_112000_subject094_064,094_064,F,EtOH_Control,101429
/datastar/behavior_rooms/2CAP/2025-08-29_10-06-57_Prat_Urgency_group1/pi-data_2025-08-29_10-06-57_Prat_Urgency_group1/box02/mic/20250829_112500.WAV,20250829_112500_subject094_064,094_064,F,EtOH_Control,101429
/datastar/behavior_rooms/2CAP/2025-08-29_10-06-57_Prat_Urgency_group1/pi-data_2025-08-29_10-06-57_Prat_Urgency_group1/box02/mic/20250829_113000.WAV,20250829_113000_subject094_064,094_064,F,EtOH_Control,101429
/datastar/behavior_rooms/2CAP/2025-08-29_10-06-57_Prat_Urgency_group1/pi-data_2025-08-29_10-06-57_Prat_Urgency_group1/box06/mic/20250829_101215.WAV,20250829_101215_subject095,095,M,EtOH,101625
/datastar/behavior_rooms/2CAP/2025-08-29_10-06-57_Prat_Urgency_group1/pi-data_2025-08-29_10-06-57_Prat_Urgency_group1/box06/mic/20250829_101500.WAV,20250829_101500_subject095,095,M,EtOH,101625
/datastar/behavior_rooms/2CAP/2025-08-29_10-06-57_Prat_Urgency_group1/pi-data_2025-08-29_10-06-57_Prat_Urgency_group1/box06/mic/20250829_102000.WAV,20250829_102000_subject095,095,M,EtOH,101625
/datastar/behavior_rooms/2CAP/2025-08-29_10-06-57_Prat_Urgency_group1/pi-data_2025-08-29_10-06-57_Prat_Urgency_group1/box06/mic/20250829_102500.WAV,20250829_102500_subject095,095,M,EtOH,101625
/datastar/behavior_rooms/2CAP/2025-08-29_10-06-57_Prat_Urgency_group1/pi-data_2025-08-29_10-06-57_Prat_Urgency_group1/box06/mic/20250829_103000.WAV,20250829_103000_subject095,095,M,EtOH,101625
/datastar/behavior_rooms/2CAP/2025-08-29_10-06-57_Prat_Urgency_group1/pi-data_2025-08-29_10-06-57_Prat_Urgency_group1/box06/mic/20250829_103500.WAV,20250829_103500_subject095,095,M,EtOH,101625
/datastar/behavior_rooms/2CAP/2025-08-29_10-06-57_Prat_Urgency_group1/pi-data_2025-08-29_10-06-57_Prat_Urgency_group1/box06/mic/20250829_104000.WAV,20250829_104000_subject095,095,M,EtOH,101625
/datastar/behavior_rooms/2CAP/2025-08-29_10-06-57_Prat_Urgency_group1/pi-data_2025-08-29_10-06-57_Prat_Urgency_group1/box06/mic/20250829_104500.WAV,20250829_104500_subject095,095,M,EtOH,101625
/datastar/behavior_rooms/2CAP/2025-08-29_10-06-57_Prat_Urgency_group1/pi-data_2025-08-29_10-06-57_Prat_Urgency_group1/box06/mic/20250829_105000.WAV,20250829_105000_subject095,095,M,EtOH,101625
/datastar/behavior_rooms/2CAP/2025-08-29_10-06-57_Prat_Urgency_group1/pi-data_2025-08-29_10-06-57_Prat_Urgency_group1/box06/mic/20250829_105500.WAV,20250829_105500_subject095,095,M,EtOH,101625
/datastar/behavior_rooms/2CAP/2025-08-29_10-06-57_Prat_Urgency_group1/pi-data_2025-08-29_10-06-57_Prat_Urgency_group1/box06/mic/20250829_110000.WAV,20250829_110000_subject095,095,M,EtOH,101625
/datastar/behavior_rooms/2CAP/2025-08-29_10-06-57_Prat_Urgency_group1/pi-data_2025-08-29_10-06-57_Prat_Urgency_group1/box06/mic/20250829_110500.WAV,20250829_110500_subject095,095,M,EtOH,101625
/datastar/behavior_rooms/2CAP/2025-08-29_10-06-57_Prat_Urgency_group1/pi-data_2025-08-29_10-06-57_Prat_Urgency_group1/box06/mic/20250829_111000.WAV,20250829_111000_subject095,095,M,EtOH,101625
/datastar/behavior_rooms/2CAP/2025-08-29_10-06-57_Prat_Urgency_group1/pi-data_2025-08-29_10-06-57_Prat_Urgency_group1/box06/mic/20250829_111500.WAV,20250829_111500_subject095,095,M,EtOH,101625
/datastar/behavior_rooms/2CAP/2025-08-29_10-06-57_Prat_Urgency_group1/pi-data_2025-08-29_10-06-57_Prat_Urgency_group1/box06/mic/20250829_112000.WAV,20250829_112000_subject095,095,M,EtOH,101625
/datastar/behavior_rooms/2CAP/2025-08-29_10-06-57_Prat_Urgency_group1/pi-data_2025-08-29_10-06-57_Prat_Urgency_group1/box06/mic/20250829_112500.WAV,20250829_112500_subject095,095,M,EtOH,101625
/datastar/behavior_rooms/2CAP/2025-08-29_10-06-57_Prat_Urgency_group1/pi-data_2025-08-29_10-06-57_Prat_Urgency_group1/box06/mic/20250829_113000.WAV,20250829_113000_subject095,095,M,EtOH,101625
/datastar/behavior_rooms/2CAP/2025-08-29_11-35-42_Prat_Urgency_group2/pi-data_2025-08-29_11-35-42_Prat_Urgency_group2/box04/mic/20250829_113955.WAV,20250829_113955_subject075_093,075_093,M,Control_EtOH,114312
/datastar/behavior_rooms/2CAP/2025-08-29_11-35-42_Prat_Urgency_group2/pi-data_2025-08-29_11-35-42_Prat_Urgency_group2/box04/mic/20250829_114000.WAV,20250829_114000_subject075_093,075_093,M,Control_EtOH,114312
/datastar/behavior_rooms/2CAP/2025-08-29_11-35-42_Prat_Urgency_group2/pi-data_2025-08-29_11-35-42_Prat_Urgency_group2/box04/mic/20250829_114500.WAV,20250829_114500_subject075_093,075_093,M,Control_EtOH,114312
/datastar/behavior_rooms/2CAP/2025-08-29_11-35-42_Prat_Urgency_group2/pi-data_2025-08-29_11-35-42_Prat_Urgency_group2/box04/mic/20250829_115000.WAV,20250829_115000_subject075_093,075_093,M,Control_EtOH,114312
/datastar/behavior_rooms/2CAP/2025-08-29_11-35-42_Prat_Urgency_group2/pi-data_2025-08-29_11-35-42_Prat_Urgency_group2/box04/mic/20250829_115500.WAV,20250829_115500_subject075_093,075_093,M,Control_EtOH,114312
/datastar/behavior_rooms/2CAP/2025-08-29_11-35-42_Prat_Urgency_group2/pi-data_2025-08-29_11-35-42_Prat_Urgency_group2/box04/mic/20250829_120000.WAV,20250829_120000_subject075_093,075_093,M,Control_EtOH,114312
/datastar/behavior_rooms/2CAP/2025-08-29_11-35-42_Prat_Urgency_group2/pi-data_2025-08-29_11-35-42_Prat_Urgency_group2/box04/mic/20250829_120500.WAV,20250829_120500_subject075_093,075_093,M,Control_EtOH,114312
/datastar/behavior_rooms/2CAP/2025-08-29_11-35-42_Prat_Urgency_group2/pi-data_2025-08-29_11-35-42_Prat_Urgency_group2/box04/mic/20250829_121000.WAV,20250829_121000_subject075_093,075_093,M,Control_EtOH,114312
/datastar/behavior_rooms/2CAP/2025-08-29_11-35-42_Prat_Urgency_group2/pi-data_2025-08-29_11-35-42_Prat_Urgency_group2/box04/mic/20250829_121500.WAV,20250829_121500_subject075_093,075_093,M,Control_EtOH,114312
/datastar/behavior_rooms/2CAP/2025-08-29_11-35-42_Prat_Urgency_group2/pi-data_2025-08-29_11-35-42_Prat_Urgency_group2/box04/mic/20250829_122000.WAV,20250829_122000_subject075_093,075_093,M,Control_EtOH,114312
/datastar/behavior_rooms/2CAP/2025-08-29_11-35-42_Prat_Urgency_group2/pi-data_2025-08-29_11-35-42_Prat_Urgency_group2/box04/mic/20250829_122500.WAV,20250829_122500_subject075_093,075_093,M,Control_EtOH,114312
/datastar/behavior_rooms/2CAP/2025-08-29_11-35-42_Prat_Urgency_group2/pi-data_2025-08-29_11-35-42_Prat_Urgency_group2/box04/mic/20250829_123000.WAV,20250829_123000_subject075_093,075_093,M,Control_EtOH,114312
/datastar/behavior_rooms/2CAP/2025-08-29_11-35-42_Prat_Urgency_group2/pi-data_2025-08-29_11-35-42_Prat_Urgency_group2/box04/mic/20250829_123500.WAV,20250829_123500_subject075_093,075_093,M,Control_EtOH,114312
/datastar/behavior_rooms/2CAP/2025-08-29_11-35-42_Prat_Urgency_group2/pi-data_2025-08-29_11-35-42_Prat_Urgency_group2/box04/mic/20250829_124000.WAV,20250829_124000_subject075_093,075_093,M,Control_EtOH,114312
/datastar/behavior_rooms/2CAP/2025-08-29_11-35-42_Prat_Urgency_group2/pi-data_2025-08-29_11-35-42_Prat_Urgency_group2/box04/mic/20250829_124500.WAV,20250829_124500_subject075_093,075_093,M,Control_EtOH,114312
/datastar/behavior_rooms/2CAP/2025-08-29_11-35-42_Prat_Urgency_group2/pi-data_2025-08-29_11-35-42_Prat_Urgency_group2/box05/mic/20250829_113955.WAV,20250829_113955_subject078,078,F,Control,114330
/datastar/behavior_rooms/2CAP/2025-08-29_11-35-42_Prat_Urgency_group2/pi-data_2025-08-29_11-35-42_Prat_Urgency_group2/box05/mic/20250829_114000.WAV,20250829_114000_subject078,078,F,Control,114330
/datastar/behavior_rooms/2CAP/2025-08-29_11-35-42_Prat_Urgency_group2/pi-data_2025-08-29_11-35-42_Prat_Urgency_group2/box05/mic/20250829_114500.WAV,20250829_114500_subject078,078,F,Control,114330
/datastar/behavior_rooms/2CAP/2025-08-29_11-35-42_Prat_Urgency_group2/pi-data_2025-08-29_11-35-42_Prat_Urgency_group2/box05/mic/20250829_115000.WAV,20250829_115000_subject078,078,F,Control,114330
/datastar/behavior_rooms/2CAP/2025-08-29_11-35-42_Prat_Urgency_group2/pi-data_2025-08-29_11-35-42_Prat_Urgency_group2/box05/mic/20250829_115500.WAV,20250829_115500_subject078,078,F,Control,114330
/datastar/behavior_rooms/2CAP/2025-08-29_11-35-42_Prat_Urgency_group2/pi-data_2025-08-29_11-35-42_Prat_Urgency_group2/box05/mic/20250829_120000.WAV,20250829_120000_subject078,078,F,Control,114330
/datastar/behavior_rooms/2CAP/2025-08-29_11-35-42_Prat_Urgency_group2/pi-data_2025-08-29_11-35-42_Prat_Urgency_group2/box05/mic/20250829_120500.WAV,20250829_120500_subject078,078,F,Control,114330
/datastar/behavior_rooms/2CAP/2025-08-29_11-35-42_Prat_Urgency_group2/pi-data_2025-08-29_11-35-42_Prat_Urgency_group2/box05/mic/20250829_121000.WAV,20250829_121000_subject078,078,F,Control,114330
/datastar/behavior_rooms/2CAP/2025-08-29_11-35-42_Prat_Urgency_group2/pi-data_2025-08-29_11-35-42_Prat_Urgency_group2/box05/mic/20250829_121500.WAV,20250829_121500_subject078,078,F,Control,114330
/datastar/behavior_rooms/2CAP/2025-08-29_11-35-42_Prat_Urgency_group2/pi-data_2025-08-29_11-35-42_Prat_Urgency_group2/box05/mic/20250829_122000.WAV,20250829_122000_subject078,078,F,Control,114330
/datastar/behavior_rooms/2CAP/2025-08-29_11-35-42_Prat_Urgency_group2/pi-data_2025-08-29_11-35-42_Prat_Urgency_group2/box05/mic/20250829_122500.WAV,20250829_122500_subject078,078,F,Control,114330
/datastar/behavior_rooms/2CAP/2025-08-29_11-35-42_Prat_Urgency_group2/pi-data_2025-08-29_11-35-42_Prat_Urgency_group2/box05/mic/20250829_123000.WAV,20250829_123000_subject078,078,F,Control,114330
/datastar/behavior_rooms/2CAP/2025-08-29_11-35-42_Prat_Urgency_group2/pi-data_2025-08-29_11-35-42_Prat_Urgency_group2/box05/mic/20250829_123500.WAV,20250829_123500_subject078,078,F,Control,114330
/datastar/behavior_rooms/2CAP/2025-08-29_11-35-42_Prat_Urgency_group2/pi-data_2025-08-29_11-35-42_Prat_Urgency_group2/box05/mic/20250829_124000.WAV,20250829_124000_subject078,078,F,Control,114330
/datastar/behavior_rooms/2CAP/2025-08-29_11-35-42_Prat_Urgency_group2/pi-data_2025-08-29_11-35-42_Prat_Urgency_group2/box05/mic/20250829_124500.WAV,20250829_124500_subject078,078,F,Control,114330
/datastar/behavior_rooms/2CAP/2025-08-29_11-35-42_Prat_Urgency_group2/pi-data_2025-08-29_11-35-42_Prat_Urgency_group2/box02/mic/20250829_113955.WAV,20250829_113955_subject079_071,079_071,M,EtOH_Control,114157
/datastar/behavior_rooms/2CAP/2025-08-29_11-35-42_Prat_Urgency_group2/pi-data_2025-08-29_11-35-42_Prat_Urgency_group2/box02/mic/20250829_114000.WAV,20250829_114000_subject079_071,079_071,M,EtOH_Control,114157
/datastar/behavior_rooms/2CAP/2025-08-29_11-35-42_Prat_Urgency_group2/pi-data_2025-08-29_11-35-42_Prat_Urgency_group2/box02/mic/20250829_114500.WAV,20250829_114500_subject079_071,079_071,M,EtOH_Control,114157
/datastar/behavior_rooms/2CAP/2025-08-29_11-35-42_Prat_Urgency_group2/pi-data_2025-08-29_11-35-42_Prat_Urgency_group2/box02/mic/20250829_115000.WAV,20250829_115000_subject079_071,079_071,M,EtOH_Control,114157
/datastar/behavior_rooms/2CAP/2025-08-29_11-35-42_Prat_Urgency_group2/pi-data_2025-08-29_11-35-42_Prat_Urgency_group2/box02/mic/20250829_115500.WAV,20250829_115500_subject079_071,079_071,M,EtOH_Control,114157
/datastar/behavior_rooms/2CAP/2025-08-29_11-35-42_Prat_Urgency_group2/pi-data_2025-08-29_11-35-42_Prat_Urgency_group2/box02/mic/20250829_120000.WAV,20250829_120000_subject079_071,079_071,M,EtOH_Control,114157
/datastar/behavior_rooms/2CAP/2025-08-29_11-35-42_Prat_Urgency_group2/pi-data_2025-08-29_11-35-42_Prat_Urgency_group2/box02/mic/20250829_120500.WAV,20250829_120500_subject079_071,079_071,M,EtOH_Control,114157
/datastar/behavior_rooms/2CAP/2025-08-29_11-35-42_Prat_Urgency_group2/pi-data_2025-08-29_11-35-42_Prat_Urgency_group2/box02/mic/20250829_121000.WAV,20250829_121000_subject079_071,079_071,M,EtOH_Control,114157
/datastar/behavior_rooms/2CAP/2025-08-29_11-35-42_Prat_Urgency_group2/pi-data_2025-08-29_11-35-42_Prat_Urgency_group2/box02/mic/20250829_121500.WAV,20250829_121500_subject079_071,079_071,M,EtOH_Control,114157
/datastar/behavior_rooms/2CAP/2025-08-29_11-35-42_Prat_Urgency_group2/pi-data_2025-08-29_11-35-42_Prat_Urgency_group2/box02/mic/20250829_122000.WAV,20250829_122000_subject079_071,079_071,M,EtOH_Control,114157
/datastar/behavior_rooms/2CAP/2025-08-29_11-35-42_Prat_Urgency_group2/pi-data_2025-08-29_11-35-42_Prat_Urgency_group2/box02/mic/20250829_122500.WAV,20250829_122500_subject079_071,079_071,M,EtOH_Control,114157
/datastar/behavior_rooms/2CAP/2025-08-29_11-35-42_Prat_Urgency_group2/pi-data_2025-08-29_11-35-42_Prat_Urgency_group2/box02/mic/20250829_123000.WAV,20250829_123000_subject079_071,079_071,M,EtOH_Control,114157
/datastar/behavior_rooms/2CAP/2025-08-29_11-35-42_Prat_Urgency_group2/pi-data_2025-08-29_11-35-42_Prat_Urgency_group2/box02/mic/20250829_123500.WAV,20250829_123500_subject079_071,079_071,M,EtOH_Control,114157
/datastar/behavior_rooms/2CAP/2025-08-29_11-35-42_Prat_Urgency_group2/pi-data_2025-08-29_11-35-42_Prat_Urgency_group2/box02/mic/20250829_124000.WAV,20250829_124000_subject079_071,079_071,M,EtOH_Control,114157
/datastar/behavior_rooms/2CAP/2025-08-29_11-35-42_Prat_Urgency_group2/pi-data_2025-08-29_11-35-42_Prat_Urgency_group2/box02/mic/20250829_124500.WAV,20250829_124500_subject079_071,079_071,M,EtOH_Control,114157
/datastar/behavior_rooms/2CAP/2025-08-29_11-35-42_Prat_Urgency_group2/pi-data_2025-08-29_11-35-42_Prat_Urgency_group2/box06/mic/20250829_113954.WAV,20250829_113954_subject088,088,F,EtOH,114353
/datastar/behavior_rooms/2CAP/2025-08-29_11-35-42_Prat_Urgency_group2/pi-data_2025-08-29_11-35-42_Prat_Urgency_group2/box06/mic/20250829_114000.WAV,20250829_114000_subject088,088,F,EtOH,114353
/datastar/behavior_rooms/2CAP/2025-08-29_11-35-42_Prat_Urgency_group2/pi-data_2025-08-29_11-35-42_Prat_Urgency_group2/box06/mic/20250829_114500.WAV,20250829_114500_subject088,088,F,EtOH,114353
/datastar/behavior_rooms/2CAP/2025-08-29_11-35-42_Prat_Urgency_group2/pi-data_2025-08-29_11-35-42_Prat_Urgency_group2/box06/mic/20250829_115000.WAV,20250829_115000_subject088,088,F,EtOH,114353
/datastar/behavior_rooms/2CAP/2025-08-29_11-35-42_Prat_Urgency_group2/pi-data_2025-08-29_11-35-42_Prat_Urgency_group2/box06/mic/20250829_115500.WAV,20250829_115500_subject088,088,F,EtOH,114353
/datastar/behavior_rooms/2CAP/2025-08-29_11-35-42_Prat_Urgency_group2/pi-data_2025-08-29_11-35-42_Prat_Urgency_group2/box06/mic/20250829_120000.WAV,20250829_120000_subject088,088,F,EtOH,114353
/datastar/behavior_rooms/2CAP/2025-08-29_11-35-42_Prat_Urgency_group2/pi-data_2025-08-29_11-35-42_Prat_Urgency_group2/box06/mic/20250829_120500.WAV,20250829_120500_subject088,088,F,EtOH,114353
/datastar/behavior_rooms/2CAP/2025-08-29_11-35-42_Prat_Urgency_group2/pi-data_2025-08-29_11-35-42_Prat_Urgency_group2/box06/mic/20250829_121000.WAV,20250829_121000_subject088,088,F,EtOH,114353
/datastar/behavior_rooms/2CAP/2025-08-29_11-35-42_Prat_Urgency_group2/pi-data_2025-08-29_11-35-42_Prat_Urgency_group2/box06/mic/20250829_121500.WAV,20250829_121500_subject088,088,F,EtOH,114353
/datastar/behavior_rooms/2CAP/2025-08-29_11-35-42_Prat_Urgency_group2/pi-data_2025-08-29_11-35-42_Prat_Urgency_group2/box06/mic/20250829_122000.WAV,20250829_122000_subject088,088,F,EtOH,114353
/datastar/behavior_rooms/2CAP/2025-08-29_11-35-42_Prat_Urgency_group2/pi-data_2025-08-29_11-35-42_Prat_Urgency_group2/box06/mic/20250829_122500.WAV,20250829_122500_subject088,088,F,EtOH,114353
/datastar/behavior_rooms/2CAP/2025-08-29_11-35-42_Prat_Urgency_group2/pi-data_2025-08-29_11-35-42_Prat_Urgency_group2/box06/mic/20250829_123000.WAV,20250829_123000_subject088,088,F,EtOH,114353
/datastar/behavior_rooms/2CAP/2025-08-29_11-35-42_Prat_Urgency_group2/pi-data_2025-08-29_11-35-42_Prat_Urgency_group2/box06/mic/20250829_123500.WAV,20250829_123500_subject088,088,F,EtOH,114353
/datastar/behavior_rooms/2CAP/2025-08-29_11-35-42_Prat_Urgency_group2/pi-data_2025-08-29_11-35-42_Prat_Urgency_group2/box06/mic/20250829_124000.WAV,20250829_124000_subject088,088,F,EtOH,114353
/datastar/behavior_rooms/2CAP/2025-08-29_11-35-42_Prat_Urgency_group2/pi-data_2025-08-29_11-35-42_Prat_Urgency_group2/box06/mic/20250829_124500.WAV,20250829_124500_subject088,088,F,EtOH,114353
/datastar/behavior_rooms/2CAP/2025-08-29_11-35-42_Prat_Urgency_group2/pi-data_2025-08-29_11-35-42_Prat_Urgency_group2/box03/mic/20250829_113955.WAV,20250829_113955_subject097_077,097_077,M,EtOH_Control,114234
/datastar/behavior_rooms/2CAP/2025-08-29_11-35-42_Prat_Urgency_group2/pi-data_2025-08-29_11-35-42_Prat_Urgency_group2/box03/mic/20250829_114000.WAV,20250829_114000_subject097_077,097_077,M,EtOH_Control,114234
/datastar/behavior_rooms/2CAP/2025-08-29_11-35-42_Prat_Urgency_group2/pi-data_2025-08-29_11-35-42_Prat_Urgency_group2/box03/mic/20250829_114500.WAV,20250829_114500_subject097_077,097_077,M,EtOH_Control,114234
/datastar/behavior_rooms/2CAP/2025-08-29_11-35-42_Prat_Urgency_group2/pi-data_2025-08-29_11-35-42_Prat_Urgency_group2/box03/mic/20250829_115000.WAV,20250829_115000_subject097_077,097_077,M,EtOH_Control,114234
/datastar/behavior_rooms/2CAP/2025-08-29_11-35-42_Prat_Urgency_group2/pi-data_2025-08-29_11-35-42_Prat_Urgency_group2/box03/mic/20250829_115500.WAV,20250829_115500_subject097_077,097_077,M,EtOH_Control,114234
/datastar/behavior_rooms/2CAP/2025-08-29_11-35-42_Prat_Urgency_group2/pi-data_2025-08-29_11-35-42_Prat_Urgency_group2/box03/mic/20250829_120000.WAV,20250829_120000_subject097_077,097_077,M,EtOH_Control,114234
/datastar/behavior_rooms/2CAP/2025-08-29_11-35-42_Prat_Urgency_group2/pi-data_2025-08-29_11-35-42_Prat_Urgency_group2/box03/mic/20250829_120500.WAV,20250829_120500_subject097_077,097_077,M,EtOH_Control,114234
/datastar/behavior_rooms/2CAP/2025-08-29_11-35-42_Prat_Urgency_group2/pi-data_2025-08-29_11-35-42_Prat_Urgency_group2/box03/mic/20250829_121000.WAV,20250829_121000_subject097_077,097_077,M,EtOH_Control,114234
/datastar/behavior_rooms/2CAP/2025-08-29_11-35-42_Prat_Urgency_group2/pi-data_2025-08-29_11-35-42_Prat_Urgency_group2/box03/mic/20250829_121500.WAV,20250829_121500_subject097_077,097_077,M,EtOH_Control,114234
/datastar/behavior_rooms/2CAP/2025-08-29_11-35-42_Prat_Urgency_group2/pi-data_2025-08-29_11-35-42_Prat_Urgency_group2/box03/mic/20250829_122000.WAV,20250829_122000_subject097_077,097_077,M,EtOH_Control,114234
/datastar/behavior_rooms/2CAP/2025-08-29_11-35-42_Prat_Urgency_group2/pi-data_2025-08-29_11-35-42_Prat_Urgency_group2/box03/mic/20250829_122500.WAV,20250829_122500_subject097_077,097_077,M,EtOH_Control,114234
/datastar/behavior_rooms/2CAP/2025-08-29_11-35-42_Prat_Urgency_group2/pi-data_2025-08-29_11-35-42_Prat_Urgency_group2/box03/mic/20250829_123000.WAV,20250829_123000_subject097_077,097_077,M,EtOH_Control,114234
/datastar/behavior_rooms/2CAP/2025-08-29_11-35-42_Prat_Urgency_group2/pi-data_2025-08-29_11-35-42_Prat_Urgency_group2/box03/mic/20250829_123500.WAV,20250829_123500_subject097_077,097_077,M,EtOH_Control,114234
/datastar/behavior_rooms/2CAP/2025-08-29_11-35-42_Prat_Urgency_group2/pi-data_2025-08-29_11-35-42_Prat_Urgency_group2/box03/mic/20250829_124000.WAV,20250829_124000_subject097_077,097_077,M,EtOH_Control,114234
/datastar/behavior_rooms/2CAP/2025-08-29_11-35-42_Prat_Urgency_group2/pi-data_2025-08-29_11-35-42_Prat_Urgency_group2/box03/mic/20250829_124500.WAV,20250829_124500_subject097_077,097_077,M,EtOH_Control,114234
/datastar/behavior_rooms/2CAP/2025-08-29_11-35-42_Prat_Urgency_group2/pi-data_2025-08-29_11-35-42_Prat_Urgency_group2/box01/mic/20250829_113955.WAV,20250829_113955_subject098_074,098_074,F,EtOH_Control,114120
/datastar/behavior_rooms/2CAP/2025-08-29_11-35-42_Prat_Urgency_group2/pi-data_2025-08-29_11-35-42_Prat_Urgency_group2/box01/mic/20250829_114000.WAV,20250829_114000_subject098_074,098_074,F,EtOH_Control,114120
/datastar/behavior_rooms/2CAP/2025-08-29_11-35-42_Prat_Urgency_group2/pi-data_2025-08-29_11-35-42_Prat_Urgency_group2/box01/mic/20250829_114500.WAV,20250829_114500_subject098_074,098_074,F,EtOH_Control,114120
/datastar/behavior_rooms/2CAP/2025-08-29_11-35-42_Prat_Urgency_group2/pi-data_2025-08-29_11-35-42_Prat_Urgency_group2/box01/mic/20250829_115000.WAV,20250829_115000_subject098_074,098_074,F,EtOH_Control,114120
/datastar/behavior_rooms/2CAP/2025-08-29_11-35-42_Prat_Urgency_group2/pi-data_2025-08-29_11-35-42_Prat_Urgency_group2/box01/mic/20250829_115500.WAV,20250829_115500_subject098_074,098_074,F,EtOH_Control,114120
/datastar/behavior_rooms/2CAP/2025-08-29_11-35-42_Prat_Urgency_group2/pi-data_2025-08-29_11-35-42_Prat_Urgency_group2/box01/mic/20250829_120000.WAV,20250829_120000_subject098_074,098_074,F,EtOH_Control,114120
/datastar/behavior_rooms/2CAP/2025-08-29_11-35-42_Prat_Urgency_group2/pi-data_2025-08-29_11-35-42_Prat_Urgency_group2/box01/mic/20250829_120500.WAV,20250829_120500_subject098_074,098_074,F,EtOH_Control,114120
/datastar/behavior_rooms/2CAP/2025-08-29_11-35-42_Prat_Urgency_group2/pi-data_2025-08-29_11-35-42_Prat_Urgency_group2/box01/mic/20250829_121000.WAV,20250829_121000_subject098_074,098_074,F,EtOH_Control,114120
/datastar/behavior_rooms/2CAP/2025-08-29_11-35-42_Prat_Urgency_group2/pi-data_2025-08-29_11-35-42_Prat_Urgency_group2/box01/mic/20250829_121500.WAV,20250829_121500_subject098_074,098_074,F,EtOH_Control,114120
/datastar/behavior_rooms/2CAP/2025-08-29_11-35-42_Prat_Urgency_group2/pi-data_2025-08-29_11-35-42_Prat_Urgency_group2/box01/mic/20250829_122000.WAV,20250829_122000_subject098_074,098_074,F,EtOH_Control,114120
/datastar/behavior_rooms/2CAP/2025-08-29_11-35-42_Prat_Urgency_group2/pi-data_2025-08-29_11-35-42_Prat_Urgency_group2/box01/mic/20250829_122500.WAV,20250829_122500_subject098_074,098_074,F,EtOH_Control,114120
/datastar/behavior_rooms/2CAP/2025-08-29_11-35-42_Prat_Urgency_group2/pi-data_2025-08-29_11-35-42_Prat_Urgency_group2/box01/mic/20250829_123000.WAV,20250829_123000_subject098_074,098_074,F,EtOH_Control,114120
/datastar/behavior_rooms/2CAP/2025-08-29_11-35-42_Prat_Urgency_group2/pi-data_2025-08-29_11-35-42_Prat_Urgency_group2/box01/mic/20250829_123500.WAV,20250829_123500_subject098_074,098_074,F,EtOH_Control,114120
/datastar/behavior_rooms/2CAP/2025-08-29_11-35-42_Prat_Urgency_group2/pi-data_2025-08-29_11-35-42_Prat_Urgency_group2/box01/mic/20250829_124000.WAV,20250829_124000_subject098_074,098_074,F,EtOH_Control,114120
/datastar/behavior_rooms/2CAP/2025-08-29_11-35-42_Prat_Urgency_group2/pi-data_2025-08-29_11-35-42_Prat_Urgency_group2/box01/mic/20250829_124500.WAV,20250829_124500_subject098_074,098_074,F,EtOH_Control,114120
/datastar/behavior_rooms/2CAP/2025-08-29_13-01-42_Prat_Urgency_group3/pi-data_2025-08-29_13-01-42_Prat_Urgency_group3/box01/mic/20250829_130942.WAV,20250829_130942_subject059,059,M,Control,131051
/datastar/behavior_rooms/2CAP/2025-08-29_13-01-42_Prat_Urgency_group3/pi-data_2025-08-29_13-01-42_Prat_Urgency_group3/box01/mic/20250829_131000.WAV,20250829_131000_subject059,059,M,Control,131051
/datastar/behavior_rooms/2CAP/2025-08-29_13-01-42_Prat_Urgency_group3/pi-data_2025-08-29_13-01-42_Prat_Urgency_group3/box01/mic/20250829_131500.WAV,20250829_131500_subject059,059,M,Control,131051
/datastar/behavior_rooms/2CAP/2025-08-29_13-01-42_Prat_Urgency_group3/pi-data_2025-08-29_13-01-42_Prat_Urgency_group3/box01/mic/20250829_132000.WAV,20250829_132000_subject059,059,M,Control,131051
/datastar/behavior_rooms/2CAP/2025-08-29_13-01-42_Prat_Urgency_group3/pi-data_2025-08-29_13-01-42_Prat_Urgency_group3/box01/mic/20250829_132500.WAV,20250829_132500_subject059,059,M,Control,131051
/datastar/behavior_rooms/2CAP/2025-08-29_13-01-42_Prat_Urgency_group3/pi-data_2025-08-29_13-01-42_Prat_Urgency_group3/box01/mic/20250829_133000.WAV,20250829_133000_subject059,059,M,Control,131051
/datastar/behavior_rooms/2CAP/2025-08-29_13-01-42_Prat_Urgency_group3/pi-data_2025-08-29_13-01-42_Prat_Urgency_group3/box01/mic/20250829_133500.WAV,20250829_133500_subject059,059,M,Control,131051
/datastar/behavior_rooms/2CAP/2025-08-29_13-01-42_Prat_Urgency_group3/pi-data_2025-08-29_13-01-42_Prat_Urgency_group3/box01/mic/20250829_134000.WAV,20250829_134000_subject059,059,M,Control,131051
/datastar/behavior_rooms/2CAP/2025-08-29_13-01-42_Prat_Urgency_group3/pi-data_2025-08-29_13-01-42_Prat_Urgency_group3/box01/mic/20250829_134500.WAV,20250829_134500_subject059,059,M,Control,131051
/datastar/behavior_rooms/2CAP/2025-08-29_13-01-42_Prat_Urgency_group3/pi-data_2025-08-29_13-01-42_Prat_Urgency_group3/box01/mic/20250829_135000.WAV,20250829_135000_subject059,059,M,Control,131051
/datastar/behavior_rooms/2CAP/2025-08-29_13-01-42_Prat_Urgency_group3/pi-data_2025-08-29_13-01-42_Prat_Urgency_group3/box01/mic/20250829_135500.WAV,20250829_135500_subject059,059,M,Control,131051
/datastar/behavior_rooms/2CAP/2025-08-29_13-01-42_Prat_Urgency_group3/pi-data_2025-08-29_13-01-42_Prat_Urgency_group3/box01/mic/20250829_140000.WAV,20250829_140000_subject059,059,M,Control,131051
/datastar/behavior_rooms/2CAP/2025-08-29_13-01-42_Prat_Urgency_group3/pi-data_2025-08-29_13-01-42_Prat_Urgency_group3/box01/mic/20250829_140500.WAV,20250829_140500_subject059,059,M,Control,131051
/datastar/behavior_rooms/2CAP/2025-08-29_13-01-42_Prat_Urgency_group3/pi-data_2025-08-29_13-01-42_Prat_Urgency_group3/box01/mic/20250829_141000.WAV,20250829_141000_subject059,059,M,Control,131051
/datastar/behavior_rooms/2CAP/2025-08-29_13-01-42_Prat_Urgency_group3/pi-data_2025-08-29_13-01-42_Prat_Urgency_group3/box05/mic/20250829_130942.WAV,20250829_130942_subject061_065,061_065,M,Control_Control,131303
/datastar/behavior_rooms/2CAP/2025-08-29_13-01-42_Prat_Urgency_group3/pi-data_2025-08-29_13-01-42_Prat_Urgency_group3/box05/mic/20250829_131000.WAV,20250829_131000_subject061_065,061_065,M,Control_Control,131303
/datastar/behavior_rooms/2CAP/2025-08-29_13-01-42_Prat_Urgency_group3/pi-data_2025-08-29_13-01-42_Prat_Urgency_group3/box05/mic/20250829_131500.WAV,20250829_131500_subject061_065,061_065,M,Control_Control,131303
/datastar/behavior_rooms/2CAP/2025-08-29_13-01-42_Prat_Urgency_group3/pi-data_2025-08-29_13-01-42_Prat_Urgency_group3/box05/mic/20250829_132000.WAV,20250829_132000_subject061_065,061_065,M,Control_Control,131303
/datastar/behavior_rooms/2CAP/2025-08-29_13-01-42_Prat_Urgency_group3/pi-data_2025-08-29_13-01-42_Prat_Urgency_group3/box05/mic/20250829_132500.WAV,20250829_132500_subject061_065,061_065,M,Control_Control,131303
/datastar/behavior_rooms/2CAP/2025-08-29_13-01-42_Prat_Urgency_group3/pi-data_2025-08-29_13-01-42_Prat_Urgency_group3/box05/mic/20250829_133000.WAV,20250829_133000_subject061_065,061_065,M,Control_Control,131303
/datastar/behavior_rooms/2CAP/2025-08-29_13-01-42_Prat_Urgency_group3/pi-data_2025-08-29_13-01-42_Prat_Urgency_group3/box05/mic/20250829_133500.WAV,20250829_133500_subject061_065,061_065,M,Control_Control,131303
/datastar/behavior_rooms/2CAP/2025-08-29_13-01-42_Prat_Urgency_group3/pi-data_2025-08-29_13-01-42_Prat_Urgency_group3/box05/mic/20250829_134000.WAV,20250829_134000_subject061_065,061_065,M,Control_Control,131303
/datastar/behavior_rooms/2CAP/2025-08-29_13-01-42_Prat_Urgency_group3/pi-data_2025-08-29_13-01-42_Prat_Urgency_group3/box05/mic/20250829_134500.WAV,20250829_134500_subject061_065,061_065,M,Control_Control,131303
/datastar/behavior_rooms/2CAP/2025-08-29_13-01-42_Prat_Urgency_group3/pi-data_2025-08-29_13-01-42_Prat_Urgency_group3/box05/mic/20250829_135000.WAV,20250829_135000_subject061_065,061_065,M,Control_Control,131303
/datastar/behavior_rooms/2CAP/2025-08-29_13-01-42_Prat_Urgency_group3/pi-data_2025-08-29_13-01-42_Prat_Urgency_group3/box05/mic/20250829_135500.WAV,20250829_135500_subject061_065,061_065,M,Control_Control,131303
/datastar/behavior_rooms/2CAP/2025-08-29_13-01-42_Prat_Urgency_group3/pi-data_2025-08-29_13-01-42_Prat_Urgency_group3/box05/mic/20250829_140000.WAV,20250829_140000_subject061_065,061_065,M,Control_Control,131303
/datastar/behavior_rooms/2CAP/2025-08-29_13-01-42_Prat_Urgency_group3/pi-data_2025-08-29_13-01-42_Prat_Urgency_group3/box05/mic/20250829_140500.WAV,20250829_140500_subject061_065,061_065,M,Control_Control,131303
/datastar/behavior_rooms/2CAP/2025-08-29_13-01-42_Prat_Urgency_group3/pi-data_2025-08-29_13-01-42_Prat_Urgency_group3/box05/mic/20250829_141000.WAV,20250829_141000_subject061_065,061_065,M,Control_Control,131303
/datastar/behavior_rooms/2CAP/2025-08-29_13-01-42_Prat_Urgency_group3/pi-data_2025-08-29_13-01-42_Prat_Urgency_group3/box03/mic/20250829_130942.WAV,20250829_130942_subject072,072,F,Control,131148
/datastar/behavior_rooms/2CAP/2025-08-29_13-01-42_Prat_Urgency_group3/pi-data_2025-08-29_13-01-42_Prat_Urgency_group3/box03/mic/20250829_131000.WAV,20250829_131000_subject072,072,F,Control,131148
/datastar/behavior_rooms/2CAP/2025-08-29_13-01-42_Prat_Urgency_group3/pi-data_2025-08-29_13-01-42_Prat_Urgency_group3/box03/mic/20250829_131500.WAV,20250829_131500_subject072,072,F,Control,131148
/datastar/behavior_rooms/2CAP/2025-08-29_13-01-42_Prat_Urgency_group3/pi-data_2025-08-29_13-01-42_Prat_Urgency_group3/box03/mic/20250829_132000.WAV,20250829_132000_subject072,072,F,Control,131148
/datastar/behavior_rooms/2CAP/2025-08-29_13-01-42_Prat_Urgency_group3/pi-data_2025-08-29_13-01-42_Prat_Urgency_group3/box03/mic/20250829_132500.WAV,20250829_132500_subject072,072,F,Control,131148
/datastar/behavior_rooms/2CAP/2025-08-29_13-01-42_Prat_Urgency_group3/pi-data_2025-08-29_13-01-42_Prat_Urgency_group3/box03/mic/20250829_133000.WAV,20250829_133000_subject072,072,F,Control,131148
/datastar/behavior_rooms/2CAP/2025-08-29_13-01-42_Prat_Urgency_group3/pi-data_2025-08-29_13-01-42_Prat_Urgency_group3/box03/mic/20250829_133500.WAV,20250829_133500_subject072,072,F,Control,131148
/datastar/behavior_rooms/2CAP/2025-08-29_13-01-42_Prat_Urgency_group3/pi-data_2025-08-29_13-01-42_Prat_Urgency_group3/box03/mic/20250829_134000.WAV,20250829_134000_subject072,072,F,Control,131148
/datastar/behavior_rooms/2CAP/2025-08-29_13-01-42_Prat_Urgency_group3/pi-data_2025-08-29_13-01-42_Prat_Urgency_group3/box03/mic/20250829_134500.WAV,20250829_134500_subject072,072,F,Control,131148
/datastar/behavior_rooms/2CAP/2025-08-29_13-01-42_Prat_Urgency_group3/pi-data_2025-08-29_13-01-42_Prat_Urgency_group3/box03/mic/20250829_135000.WAV,20250829_135000_subject072,072,F,Control,131148
/datastar/behavior_rooms/2CAP/2025-08-29_13-01-42_Prat_Urgency_group3/pi-data_2025-08-29_13-01-42_Prat_Urgency_group3/box03/mic/20250829_135500.WAV,20250829_135500_subject072,072,F,Control,131148
/datastar/behavior_rooms/2CAP/2025-08-29_13-01-42_Prat_Urgency_group3/pi-data_2025-08-29_13-01-42_Prat_Urgency_group3/box03/mic/20250829_140000.WAV,20250829_140000_subject072,072,F,Control,131148
/datastar/behavior_rooms/2CAP/2025-08-29_13-01-42_Prat_Urgency_group3/pi-data_2025-08-29_13-01-42_Prat_Urgency_group3/box03/mic/20250829_140500.WAV,20250829_140500_subject072,072,F,Control,131148
/datastar/behavior_rooms/2CAP/2025-08-29_13-01-42_Prat_Urgency_group3/pi-data_2025-08-29_13-01-42_Prat_Urgency_group3/box03/mic/20250829_141000.WAV,20250829_141000_subject072,072,F,Control,131148
/datastar/behavior_rooms/2CAP/2025-08-29_13-01-42_Prat_Urgency_group3/pi-data_2025-08-29_13-01-42_Prat_Urgency_group3/box04/mic/20250829_130943.WAV,20250829_130943_subject080_090,080_090,F,EtOH_EtOH,131227
/datastar/behavior_rooms/2CAP/2025-08-29_13-01-42_Prat_Urgency_group3/pi-data_2025-08-29_13-01-42_Prat_Urgency_group3/box04/mic/20250829_131000.WAV,20250829_131000_subject080_090,080_090,F,EtOH_EtOH,131227
/datastar/behavior_rooms/2CAP/2025-08-29_13-01-42_Prat_Urgency_group3/pi-data_2025-08-29_13-01-42_Prat_Urgency_group3/box04/mic/20250829_131500.WAV,20250829_131500_subject080_090,080_090,F,EtOH_EtOH,131227
/datastar/behavior_rooms/2CAP/2025-08-29_13-01-42_Prat_Urgency_group3/pi-data_2025-08-29_13-01-42_Prat_Urgency_group3/box04/mic/20250829_132000.WAV,20250829_132000_subject080_090,080_090,F,EtOH_EtOH,131227
/datastar/behavior_rooms/2CAP/2025-08-29_13-01-42_Prat_Urgency_group3/pi-data_2025-08-29_13-01-42_Prat_Urgency_group3/box04/mic/20250829_132500.WAV,20250829_132500_subject080_090,080_090,F,EtOH_EtOH,131227
/datastar/behavior_rooms/2CAP/2025-08-29_13-01-42_Prat_Urgency_group3/pi-data_2025-08-29_13-01-42_Prat_Urgency_group3/box04/mic/20250829_133000.WAV,20250829_133000_subject080_090,080_090,F,EtOH_EtOH,131227
/datastar/behavior_rooms/2CAP/2025-08-29_13-01-42_Prat_Urgency_group3/pi-data_2025-08-29_13-01-42_Prat_Urgency_group3/box04/mic/20250829_133500.WAV,20250829_133500_subject080_090,080_090,F,EtOH_EtOH,131227
/datastar/behavior_rooms/2CAP/2025-08-29_13-01-42_Prat_Urgency_group3/pi-data_2025-08-29_13-01-42_Prat_Urgency_group3/box04/mic/20250829_134000.WAV,20250829_134000_subject080_090,080_090,F,EtOH_EtOH,131227
/datastar/behavior_rooms/2CAP/2025-08-29_13-01-42_Prat_Urgency_group3/pi-data_2025-08-29_13-01-42_Prat_Urgency_group3/box04/mic/20250829_134500.WAV,20250829_134500_subject080_090,080_090,F,EtOH_EtOH,131227
/datastar/behavior_rooms/2CAP/2025-08-29_13-01-42_Prat_Urgency_group3/pi-data_2025-08-29_13-01-42_Prat_Urgency_group3/box04/mic/20250829_135000.WAV,20250829_135000_subject080_090,080_090,F,EtOH_EtOH,131227
/datastar/behavior_rooms/2CAP/2025-08-29_13-01-42_Prat_Urgency_group3/pi-data_2025-08-29_13-01-42_Prat_Urgency_group3/box04/mic/20250829_135500.WAV,20250829_135500_subject080_090,080_090,F,EtOH_EtOH,131227
/datastar/behavior_rooms/2CAP/2025-08-29_13-01-42_Prat_Urgency_group3/pi-data_2025-08-29_13-01-42_Prat_Urgency_group3/box04/mic/20250829_140000.WAV,20250829_140000_subject080_090,080_090,F,EtOH_EtOH,131227
/datastar/behavior_rooms/2CAP/2025-08-29_13-01-42_Prat_Urgency_group3/pi-data_2025-08-29_13-01-42_Prat_Urgency_group3/box04/mic/20250829_140500.WAV,20250829_140500_subject080_090,080_090,F,EtOH_EtOH,131227
/datastar/behavior_rooms/2CAP/2025-08-29_13-01-42_Prat_Urgency_group3/pi-data_2025-08-29_13-01-42_Prat_Urgency_group3/box04/mic/20250829_141000.WAV,20250829_141000_subject080_090,080_090,F,EtOH_EtOH,131227
/datastar/behavior_rooms/2CAP/2025-08-29_13-01-42_Prat_Urgency_group3/pi-data_2025-08-29_13-01-42_Prat_Urgency_group3/box02/mic/20250829_130942.WAV,20250829_130942_subject082_076,082_076,F,EtOH_Control,131126
/datastar/behavior_rooms/2CAP/2025-08-29_13-01-42_Prat_Urgency_group3/pi-data_2025-08-29_13-01-42_Prat_Urgency_group3/box02/mic/20250829_131000.WAV,20250829_131000_subject082_076,082_076,F,EtOH_Control,131126
/datastar/behavior_rooms/2CAP/2025-08-29_13-01-42_Prat_Urgency_group3/pi-data_2025-08-29_13-01-42_Prat_Urgency_group3/box02/mic/20250829_131500.WAV,20250829_131500_subject082_076,082_076,F,EtOH_Control,131126
/datastar/behavior_rooms/2CAP/2025-08-29_13-01-42_Prat_Urgency_group3/pi-data_2025-08-29_13-01-42_Prat_Urgency_group3/box02/mic/20250829_132000.WAV,20250829_132000_subject082_076,082_076,F,EtOH_Control,131126
/datastar/behavior_rooms/2CAP/2025-08-29_13-01-42_Prat_Urgency_group3/pi-data_2025-08-29_13-01-42_Prat_Urgency_group3/box02/mic/20250829_132500.WAV,20250829_132500_subject082_076,082_076,F,EtOH_Control,131126
/datastar/behavior_rooms/2CAP/2025-08-29_13-01-42_Prat_Urgency_group3/pi-data_2025-08-29_13-01-42_Prat_Urgency_group3/box02/mic/20250829_133000.WAV,20250829_133000_subject082_076,082_076,F,EtOH_Control,131126
/datastar/behavior_rooms/2CAP/2025-08-29_13-01-42_Prat_Urgency_group3/pi-data_2025-08-29_13-01-42_Prat_Urgency_group3/box02/mic/20250829_133500.WAV,20250829_133500_subject082_076,082_076,F,EtOH_Control,131126
/datastar/behavior_rooms/2CAP/2025-08-29_13-01-42_Prat_Urgency_group3/pi-data_2025-08-29_13-01-42_Prat_Urgency_group3/box02/mic/20250829_134000.WAV,20250829_134000_subject082_076,082_076,F,EtOH_Control,131126
/datastar/behavior_rooms/2CAP/2025-08-29_13-01-42_Prat_Urgency_group3/pi-data_2025-08-29_13-01-42_Prat_Urgency_group3/box02/mic/20250829_134500.WAV,20250829_134500_subject082_076,082_076,F,EtOH_Control,131126
/datastar/behavior_rooms/2CAP/2025-08-29_13-01-42_Prat_Urgency_group3/pi-data_2025-08-29_13-01-42_Prat_Urgency_group3/box02/mic/20250829_135000.WAV,20250829_135000_subject082_076,082_076,F,EtOH_Control,131126
/datastar/behavior_rooms/2CAP/2025-08-29_13-01-42_Prat_Urgency_group3/pi-data_2025-08-29_13-01-42_Prat_Urgency_group3/box02/mic/20250829_135500.WAV,20250829_135500_subject082_076,082_076,F,EtOH_Control,131126
/datastar/behavior_rooms/2CAP/2025-08-29_13-01-42_Prat_Urgency_group3/pi-data_2025-08-29_13-01-42_Prat_Urgency_group3/box02/mic/20250829_140000.WAV,20250829_140000_subject082_076,082_076,F,EtOH_Control,131126
/datastar/behavior_rooms/2CAP/2025-08-29_13-01-42_Prat_Urgency_group3/pi-data_2025-08-29_13-01-42_Prat_Urgency_group3/box02/mic/20250829_140500.WAV,20250829_140500_subject082_076,082_076,F,EtOH_Control,131126
/datastar/behavior_rooms/2CAP/2025-08-29_13-01-42_Prat_Urgency_group3/pi-data_2025-08-29_13-01-42_Prat_Urgency_group3/box02/mic/20250829_141000.WAV,20250829_141000_subject082_076,082_076,F,EtOH_Control,131126
/datastar/behavior_rooms/2CAP/2025-08-29_13-01-42_Prat_Urgency_group3/pi-data_2025-08-29_13-01-42_Prat_Urgency_group3/box06/mic/20250829_130943.WAV,20250829_130943_subject085_089,085_089,M,EtOH_EtOH,131344
/datastar/behavior_rooms/2CAP/2025-08-29_13-01-42_Prat_Urgency_group3/pi-data_2025-08-29_13-01-42_Prat_Urgency_group3/box06/mic/20250829_131000.WAV,20250829_131000_subject085_089,085_089,M,EtOH_EtOH,131344
/datastar/behavior_rooms/2CAP/2025-08-29_13-01-42_Prat_Urgency_group3/pi-data_2025-08-29_13-01-42_Prat_Urgency_group3/box06/mic/20250829_131500.WAV,20250829_131500_subject085_089,085_089,M,EtOH_EtOH,131344
/datastar/behavior_rooms/2CAP/2025-08-29_13-01-42_Prat_Urgency_group3/pi-data_2025-08-29_13-01-42_Prat_Urgency_group3/box06/mic/20250829_132000.WAV,20250829_132000_subject085_089,085_089,M,EtOH_EtOH,131344
/datastar/behavior_rooms/2CAP/2025-08-29_13-01-42_Prat_Urgency_group3/pi-data_2025-08-29_13-01-42_Prat_Urgency_group3/box06/mic/20250829_132500.WAV,20250829_132500_subject085_089,085_089,M,EtOH_EtOH,131344
/datastar/behavior_rooms/2CAP/2025-08-29_13-01-42_Prat_Urgency_group3/pi-data_2025-08-29_13-01-42_Prat_Urgency_group3/box06/mic/20250829_133000.WAV,20250829_133000_subject085_089,085_089,M,EtOH_EtOH,131344
/datastar/behavior_rooms/2CAP/2025-08-29_13-01-42_Prat_Urgency_group3/pi-data_2025-08-29_13-01-42_Prat_Urgency_group3/box06/mic/20250829_133500.WAV,20250829_133500_subject085_089,085_089,M,EtOH_EtOH,131344
/datastar/behavior_rooms/2CAP/2025-08-29_13-01-42_Prat_Urgency_group3/pi-data_2025-08-29_13-01-42_Prat_Urgency_group3/box06/mic/20250829_134000.WAV,20250829_134000_subject085_089,085_089,M,EtOH_EtOH,131344
/datastar/behavior_rooms/2CAP/2025-08-29_13-01-42_Prat_Urgency_group3/pi-data_2025-08-29_13-01-42_Prat_Urgency_group3/box06/mic/20250829_134500.WAV,20250829_134500_subject085_089,085_089,M,EtOH_EtOH,131344
/datastar/behavior_rooms/2CAP/2025-08-29_13-01-42_Prat_Urgency_group3/pi-data_2025-08-29_13-01-42_Prat_Urgency_group3/box06/mic/20250829_135000.WAV,20250829_135000_subject085_089,085_089,M,EtOH_EtOH,131344
/datastar/behavior_rooms/2CAP/2025-08-29_13-01-42_Prat_Urgency_group3/pi-data_2025-08-29_13-01-42_Prat_Urgency_group3/box06/mic/20250829_135500.WAV,20250829_135500_subject085_089,085_089,M,EtOH_EtOH,131344
/datastar/behavior_rooms/2CAP/2025-08-29_13-01-42_Prat_Urgency_group3/pi-data_2025-08-29_13-01-42_Prat_Urgency_group3/box06/mic/20250829_140000.WAV,20250829_140000_subject085_089,085_089,M,EtOH_EtOH,131344
/datastar/behavior_rooms/2CAP/2025-08-29_13-01-42_Prat_Urgency_group3/pi-data_2025-08-29_13-01-42_Prat_Urgency_group3/box06/mic/20250829_140500.WAV,20250829_140500_subject085_089,085_089,M,EtOH_EtOH,131344
/datastar/behavior_rooms/2CAP/2025-08-29_13-01-42_Prat_Urgency_group3/pi-data_2025-08-29_13-01-42_Prat_Urgency_group3/box06/mic/20250829_141000.WAV,20250829_141000_subject085_089,085_089,M,EtOH_EtOH,131344
/datastar/behavior_rooms/2CAP/2025-08-29_14-31-28_Prat_Urgency_group4/pi-data_2025-08-29_14-31-28_Prat_Urgency_group4/box06/mic/20250829_143702.WAV,20250829_143702_subject062_096,062_096,F,Control_EtOH,144034
/datastar/behavior_rooms/2CAP/2025-08-29_14-31-28_Prat_Urgency_group4/pi-data_2025-08-29_14-31-28_Prat_Urgency_group4/box06/mic/20250829_144000.WAV,20250829_144000_subject062_096,062_096,F,Control_EtOH,144034
/datastar/behavior_rooms/2CAP/2025-08-29_14-31-28_Prat_Urgency_group4/pi-data_2025-08-29_14-31-28_Prat_Urgency_group4/box06/mic/20250829_144500.WAV,20250829_144500_subject062_096,062_096,F,Control_EtOH,144034
/datastar/behavior_rooms/2CAP/2025-08-29_14-31-28_Prat_Urgency_group4/pi-data_2025-08-29_14-31-28_Prat_Urgency_group4/box06/mic/20250829_145000.WAV,20250829_145000_subject062_096,062_096,F,Control_EtOH,144034
/datastar/behavior_rooms/2CAP/2025-08-29_14-31-28_Prat_Urgency_group4/pi-data_2025-08-29_14-31-28_Prat_Urgency_group4/box06/mic/20250829_145500.WAV,20250829_145500_subject062_096,062_096,F,Control_EtOH,144034
/datastar/behavior_rooms/2CAP/2025-08-29_14-31-28_Prat_Urgency_group4/pi-data_2025-08-29_14-31-28_Prat_Urgency_group4/box06/mic/20250829_150000.WAV,20250829_150000_subject062_096,062_096,F,Control_EtOH,144034
/datastar/behavior_rooms/2CAP/2025-08-29_14-31-28_Prat_Urgency_group4/pi-data_2025-08-29_14-31-28_Prat_Urgency_group4/box06/mic/20250829_150500.WAV,20250829_150500_subject062_096,062_096,F,Control_EtOH,144034
/datastar/behavior_rooms/2CAP/2025-08-29_14-31-28_Prat_Urgency_group4/pi-data_2025-08-29_14-31-28_Prat_Urgency_group4/box06/mic/20250829_151000.WAV,20250829_151000_subject062_096,062_096,F,Control_EtOH,144034
/datastar/behavior_rooms/2CAP/2025-08-29_14-31-28_Prat_Urgency_group4/pi-data_2025-08-29_14-31-28_Prat_Urgency_group4/box06/mic/20250829_151500.WAV,20250829_151500_subject062_096,062_096,F,Control_EtOH,144034
/datastar/behavior_rooms/2CAP/2025-08-29_14-31-28_Prat_Urgency_group4/pi-data_2025-08-29_14-31-28_Prat_Urgency_group4/box06/mic/20250829_152000.WAV,20250829_152000_subject062_096,062_096,F,Control_EtOH,144034
/datastar/behavior_rooms/2CAP/2025-08-29_14-31-28_Prat_Urgency_group4/pi-data_2025-08-29_14-31-28_Prat_Urgency_group4/box06/mic/20250829_152500.WAV,20250829_152500_subject062_096,062_096,F,Control_EtOH,144034
/datastar/behavior_rooms/2CAP/2025-08-29_14-31-28_Prat_Urgency_group4/pi-data_2025-08-29_14-31-28_Prat_Urgency_group4/box06/mic/20250829_153000.WAV,20250829_153000_subject062_096,062_096,F,Control_EtOH,144034
/datastar/behavior_rooms/2CAP/2025-08-29_14-31-28_Prat_Urgency_group4/pi-data_2025-08-29_14-31-28_Prat_Urgency_group4/box06/mic/20250829_153500.WAV,20250829_153500_subject062_096,062_096,F,Control_EtOH,144034
/datastar/behavior_rooms/2CAP/2025-08-29_14-31-28_Prat_Urgency_group4/pi-data_2025-08-29_14-31-28_Prat_Urgency_group4/box06/mic/20250829_154000.WAV,20250829_154000_subject062_096,062_096,F,Control_EtOH,144034
/datastar/behavior_rooms/2CAP/2025-08-29_14-31-28_Prat_Urgency_group4/pi-data_2025-08-29_14-31-28_Prat_Urgency_group4/box02/mic/20250829_143702.WAV,20250829_143702_subject067_091,067_091,M,Control_EtOH,143845
/datastar/behavior_rooms/2CAP/2025-08-29_14-31-28_Prat_Urgency_group4/pi-data_2025-08-29_14-31-28_Prat_Urgency_group4/box02/mic/20250829_144000.WAV,20250829_144000_subject067_091,067_091,M,Control_EtOH,143845
/datastar/behavior_rooms/2CAP/2025-08-29_14-31-28_Prat_Urgency_group4/pi-data_2025-08-29_14-31-28_Prat_Urgency_group4/box02/mic/20250829_144500.WAV,20250829_144500_subject067_091,067_091,M,Control_EtOH,143845
/datastar/behavior_rooms/2CAP/2025-08-29_14-31-28_Prat_Urgency_group4/pi-data_2025-08-29_14-31-28_Prat_Urgency_group4/box02/mic/20250829_145000.WAV,20250829_145000_subject067_091,067_091,M,Control_EtOH,143845
/datastar/behavior_rooms/2CAP/2025-08-29_14-31-28_Prat_Urgency_group4/pi-data_2025-08-29_14-31-28_Prat_Urgency_group4/box02/mic/20250829_145500.WAV,20250829_145500_subject067_091,067_091,M,Control_EtOH,143845
/datastar/behavior_rooms/2CAP/2025-08-29_14-31-28_Prat_Urgency_group4/pi-data_2025-08-29_14-31-28_Prat_Urgency_group4/box02/mic/20250829_150000.WAV,20250829_150000_subject067_091,067_091,M,Control_EtOH,143845
/datastar/behavior_rooms/2CAP/2025-08-29_14-31-28_Prat_Urgency_group4/pi-data_2025-08-29_14-31-28_Prat_Urgency_group4/box02/mic/20250829_150500.WAV,20250829_150500_subject067_091,067_091,M,Control_EtOH,143845
/datastar/behavior_rooms/2CAP/2025-08-29_14-31-28_Prat_Urgency_group4/pi-data_2025-08-29_14-31-28_Prat_Urgency_group4/box02/mic/20250829_151000.WAV,20250829_151000_subject067_091,067_091,M,Control_EtOH,143845
/datastar/behavior_rooms/2CAP/2025-08-29_14-31-28_Prat_Urgency_group4/pi-data_2025-08-29_14-31-28_Prat_Urgency_group4/box02/mic/20250829_151500.WAV,20250829_151500_subject067_091,067_091,M,Control_EtOH,143845
/datastar/behavior_rooms/2CAP/2025-08-29_14-31-28_Prat_Urgency_group4/pi-data_2025-08-29_14-31-28_Prat_Urgency_group4/box02/mic/20250829_152000.WAV,20250829_152000_subject067_091,067_091,M,Control_EtOH,143845
/datastar/behavior_rooms/2CAP/2025-08-29_14-31-28_Prat_Urgency_group4/pi-data_2025-08-29_14-31-28_Prat_Urgency_group4/box02/mic/20250829_152500.WAV,20250829_152500_subject067_091,067_091,M,Control_EtOH,143845
/datastar/behavior_rooms/2CAP/2025-08-29_14-31-28_Prat_Urgency_group4/pi-data_2025-08-29_14-31-28_Prat_Urgency_group4/box02/mic/20250829_153000.WAV,20250829_153000_subject067_091,067_091,M,Control_EtOH,143845
/datastar/behavior_rooms/2CAP/2025-08-29_14-31-28_Prat_Urgency_group4/pi-data_2025-08-29_14-31-28_Prat_Urgency_group4/box02/mic/20250829_153500.WAV,20250829_153500_subject067_091,067_091,M,Control_EtOH,143845
/datastar/behavior_rooms/2CAP/2025-08-29_14-31-28_Prat_Urgency_group4/pi-data_2025-08-29_14-31-28_Prat_Urgency_group4/box02/mic/20250829_154000.WAV,20250829_154000_subject067_091,067_091,M,Control_EtOH,143845
/datastar/behavior_rooms/2CAP/2025-08-29_14-31-28_Prat_Urgency_group4/pi-data_2025-08-29_14-31-28_Prat_Urgency_group4/box03/mic/20250829_143702.WAV,20250829_143702_subject069_073,069_073,M,Control_Control,143922
/datastar/behavior_rooms/2CAP/2025-08-29_14-31-28_Prat_Urgency_group4/pi-data_2025-08-29_14-31-28_Prat_Urgency_group4/box03/mic/20250829_144000.WAV,20250829_144000_subject069_073,069_073,M,Control_Control,143922
/datastar/behavior_rooms/2CAP/2025-08-29_14-31-28_Prat_Urgency_group4/pi-data_2025-08-29_14-31-28_Prat_Urgency_group4/box03/mic/20250829_144500.WAV,20250829_144500_subject069_073,069_073,M,Control_Control,143922
/datastar/behavior_rooms/2CAP/2025-08-29_14-31-28_Prat_Urgency_group4/pi-data_2025-08-29_14-31-28_Prat_Urgency_group4/box03/mic/20250829_145000.WAV,20250829_145000_subject069_073,069_073,M,Control_Control,143922
/datastar/behavior_rooms/2CAP/2025-08-29_14-31-28_Prat_Urgency_group4/pi-data_2025-08-29_14-31-28_Prat_Urgency_group4/box03/mic/20250829_145500.WAV,20250829_145500_subject069_073,069_073,M,Control_Control,143922
/datastar/behavior_rooms/2CAP/2025-08-29_14-31-28_Prat_Urgency_group4/pi-data_2025-08-29_14-31-28_Prat_Urgency_group4/box03/mic/20250829_150000.WAV,20250829_150000_subject069_073,069_073,M,Control_Control,143922
/datastar/behavior_rooms/2CAP/2025-08-29_14-31-28_Prat_Urgency_group4/pi-data_2025-08-29_14-31-28_Prat_Urgency_group4/box03/mic/20250829_150500.WAV,20250829_150500_subject069_073,069_073,M,Control_Control,143922
/datastar/behavior_rooms/2CAP/2025-08-29_14-31-28_Prat_Urgency_group4/pi-data_2025-08-29_14-31-28_Prat_Urgency_group4/box03/mic/20250829_151000.WAV,20250829_151000_subject069_073,069_073,M,Control_Control,143922
/datastar/behavior_rooms/2CAP/2025-08-29_14-31-28_Prat_Urgency_group4/pi-data_2025-08-29_14-31-28_Prat_Urgency_group4/box03/mic/20250829_151500.WAV,20250829_151500_subject069_073,069_073,M,Control_Control,143922
/datastar/behavior_rooms/2CAP/2025-08-29_14-31-28_Prat_Urgency_group4/pi-data_2025-08-29_14-31-28_Prat_Urgency_group4/box03/mic/20250829_152000.WAV,20250829_152000_subject069_073,069_073,M,Control_Control,143922
/datastar/behavior_rooms/2CAP/2025-08-29_14-31-28_Prat_Urgency_group4/pi-data_2025-08-29_14-31-28_Prat_Urgency_group4/box03/mic/20250829_152500.WAV,20250829_152500_subject069_073,069_073,M,Control_Control,143922
/datastar/behavior_rooms/2CAP/2025-08-29_14-31-28_Prat_Urgency_group4/pi-data_2025-08-29_14-31-28_Prat_Urgency_group4/box03/mic/20250829_153000.WAV,20250829_153000_subject069_073,069_073,M,Control_Control,143922
/datastar/behavior_rooms/2CAP/2025-08-29_14-31-28_Prat_Urgency_group4/pi-data_2025-08-29_14-31-28_Prat_Urgency_group4/box03/mic/20250829_153500.WAV,20250829_153500_subject069_073,069_073,M,Control_Control,143922
/datastar/behavior_rooms/2CAP/2025-08-29_14-31-28_Prat_Urgency_group4/pi-data_2025-08-29_14-31-28_Prat_Urgency_group4/box03/mic/20250829_154000.WAV,20250829_154000_subject069_073,069_073,M,Control_Control,143922
/datastar/behavior_rooms/2CAP/2025-08-29_14-31-28_Prat_Urgency_group4/pi-data_2025-08-29_14-31-28_Prat_Urgency_group4/box01/mic/20250829_143702.WAV,20250829_143702_subject086_060,086_060,F,EtOH_Control,143807
/datastar/behavior_rooms/2CAP/2025-08-29_14-31-28_Prat_Urgency_group4/pi-data_2025-08-29_14-31-28_Prat_Urgency_group4/box01/mic/20250829_144000.WAV,20250829_144000_subject086_060,086_060,F,EtOH_Control,143807
/datastar/behavior_rooms/2CAP/2025-08-29_14-31-28_Prat_Urgency_group4/pi-data_2025-08-29_14-31-28_Prat_Urgency_group4/box01/mic/20250829_144500.WAV,20250829_144500_subject086_060,086_060,F,EtOH_Control,143807
/datastar/behavior_rooms/2CAP/2025-08-29_14-31-28_Prat_Urgency_group4/pi-data_2025-08-29_14-31-28_Prat_Urgency_group4/box01/mic/20250829_145000.WAV,20250829_145000_subject086_060,086_060,F,EtOH_Control,143807
/datastar/behavior_rooms/2CAP/2025-08-29_14-31-28_Prat_Urgency_group4/pi-data_2025-08-29_14-31-28_Prat_Urgency_group4/box01/mic/20250829_145500.WAV,20250829_145500_subject086_060,086_060,F,EtOH_Control,143807
/datastar/behavior_rooms/2CAP/2025-08-29_14-31-28_Prat_Urgency_group4/pi-data_2025-08-29_14-31-28_Prat_Urgency_group4/box01/mic/20250829_150000.WAV,20250829_150000_subject086_060,086_060,F,EtOH_Control,143807
/datastar/behavior_rooms/2CAP/2025-08-29_14-31-28_Prat_Urgency_group4/pi-data_2025-08-29_14-31-28_Prat_Urgency_group4/box01/mic/20250829_150500.WAV,20250829_150500_subject086_060,086_060,F,EtOH_Control,143807
/datastar/behavior_rooms/2CAP/2025-08-29_14-31-28_Prat_Urgency_group4/pi-data_2025-08-29_14-31-28_Prat_Urgency_group4/box01/mic/20250829_151000.WAV,20250829_151000_subject086_060,086_060,F,EtOH_Control,143807
/datastar/behavior_rooms/2CAP/2025-08-29_14-31-28_Prat_Urgency_group4/pi-data_2025-08-29_14-31-28_Prat_Urgency_group4/box01/mic/20250829_151500.WAV,20250829_151500_subject086_060,086_060,F,EtOH_Control,143807
/datastar/behavior_rooms/2CAP/2025-08-29_14-31-28_Prat_Urgency_group4/pi-data_2025-08-29_14-31-28_Prat_Urgency_group4/box01/mic/20250829_152000.WAV,20250829_152000_subject086_060,086_060,F,EtOH_Control,143807
/datastar/behavior_rooms/2CAP/2025-08-29_14-31-28_Prat_Urgency_group4/pi-data_2025-08-29_14-31-28_Prat_Urgency_group4/box01/mic/20250829_152500.WAV,20250829_152500_subject086_060,086_060,F,EtOH_Control,143807
/datastar/behavior_rooms/2CAP/2025-08-29_14-31-28_Prat_Urgency_group4/pi-data_2025-08-29_14-31-28_Prat_Urgency_group4/box01/mic/20250829_153000.WAV,20250829_153000_subject086_060,086_060,F,EtOH_Control,143807
/datastar/behavior_rooms/2CAP/2025-08-29_14-31-28_Prat_Urgency_group4/pi-data_2025-08-29_14-31-28_Prat_Urgency_group4/box01/mic/20250829_153500.WAV,20250829_153500_subject086_060,086_060,F,EtOH_Control,143807
/datastar/behavior_rooms/2CAP/2025-08-29_14-31-28_Prat_Urgency_group4/pi-data_2025-08-29_14-31-28_Prat_Urgency_group4/box01/mic/20250829_154000.WAV,20250829_154000_subject086_060,086_060,F,EtOH_Control,143807
/datastar/behavior_rooms/2CAP/2025-08-29_14-31-28_Prat_Urgency_group4/pi-data_2025-08-29_14-31-28_Prat_Urgency_group4/box04/mic/20250829_143702.WAV,20250829_143702_subject092_084,092_084,F,EtOH_EtOH,143957
/datastar/behavior_rooms/2CAP/2025-08-29_14-31-28_Prat_Urgency_group4/pi-data_2025-08-29_14-31-28_Prat_Urgency_group4/box04/mic/20250829_144000.WAV,20250829_144000_subject092_084,092_084,F,EtOH_EtOH,143957
/datastar/behavior_rooms/2CAP/2025-08-29_14-31-28_Prat_Urgency_group4/pi-data_2025-08-29_14-31-28_Prat_Urgency_group4/box04/mic/20250829_144500.WAV,20250829_144500_subject092_084,092_084,F,EtOH_EtOH,143957
/datastar/behavior_rooms/2CAP/2025-08-29_14-31-28_Prat_Urgency_group4/pi-data_2025-08-29_14-31-28_Prat_Urgency_group4/box04/mic/20250829_145000.WAV,20250829_145000_subject092_084,092_084,F,EtOH_EtOH,143957
/datastar/behavior_rooms/2CAP/2025-08-29_14-31-28_Prat_Urgency_group4/pi-data_2025-08-29_14-31-28_Prat_Urgency_group4/box04/mic/20250829_145500.WAV,20250829_145500_subject092_084,092_084,F,EtOH_EtOH,143957
/datastar/behavior_rooms/2CAP/2025-08-29_14-31-28_Prat_Urgency_group4/pi-data_2025-08-29_14-31-28_Prat_Urgency_group4/box04/mic/20250829_150000.WAV,20250829_150000_subject092_084,092_084,F,EtOH_EtOH,143957
/datastar/behavior_rooms/2CAP/2025-08-29_14-31-28_Prat_Urgency_group4/pi-data_2025-08-29_14-31-28_Prat_Urgency_group4/box04/mic/20250829_150500.WAV,20250829_150500_subject092_084,092_084,F,EtOH_EtOH,143957
/datastar/behavior_rooms/2CAP/2025-08-29_14-31-28_Prat_Urgency_group4/pi-data_2025-08-29_14-31-28_Prat_Urgency_group4/box04/mic/20250829_151000.WAV,20250829_151000_subject092_084,092_084,F,EtOH_EtOH,143957
/datastar/behavior_rooms/2CAP/2025-08-29_14-31-28_Prat_Urgency_group4/pi-data_2025-08-29_14-31-28_Prat_Urgency_group4/box04/mic/20250829_151500.WAV,20250829_151500_subject092_084,092_084,F,EtOH_EtOH,143957
/datastar/behavior_rooms/2CAP/2025-08-29_14-31-28_Prat_Urgency_group4/pi-data_2025-08-29_14-31-28_Prat_Urgency_group4/box04/mic/20250829_152000.WAV,20250829_152000_subject092_084,092_084,F,EtOH_EtOH,143957
/datastar/behavior_rooms/2CAP/2025-08-29_14-31-28_Prat_Urgency_group4/pi-data_2025-08-29_14-31-28_Prat_Urgency_group4/box04/mic/20250829_152500.WAV,20250829_152500_subject092_084,092_084,F,EtOH_EtOH,143957
/datastar/behavior_rooms/2CAP/2025-08-29_14-31-28_Prat_Urgency_group4/pi-data_2025-08-29_14-31-28_Prat_Urgency_group4/box04/mic/20250829_153000.WAV,20250829_153000_subject092_084,092_084,F,EtOH_EtOH,143957
/datastar/behavior_rooms/2CAP/2025-08-29_14-31-28_Prat_Urgency_group4/pi-data_2025-08-29_14-31-28_Prat_Urgency_group4/box04/mic/20250829_153500.WAV,20250829_153500_subject092_084,092_084,F,EtOH_EtOH,143957
/datastar/behavior_rooms/2CAP/2025-08-29_14-31-28_Prat_Urgency_group4/pi-data_2025-08-29_14-31-28_Prat_Urgency_group4/box04/mic/20250829_154000.WAV,20250829_154000_subject092_084,092_084,F,EtOH_EtOH,143957
/datastar/behavior_rooms/2CAP/2025-10-27_09-10-14_Prat_Urgency_group1/pi-data_2025-10-27_09-10-14_Prat_Urgency_group1/box01/mic/20251027_094758.WAV,20251027_094758_subject064,064,F,Control,094929
/datastar/behavior_rooms/2CAP/2025-10-27_09-10-14_Prat_Urgency_group1/pi-data_2025-10-27_09-10-14_Prat_Urgency_group1/box01/mic/20251027_095000.WAV,20251027_095000_subject064,064,F,Control,094929
/datastar/behavior_rooms/2CAP/2025-10-27_09-10-14_Prat_Urgency_group1/pi-data_2025-10-27_09-10-14_Prat_Urgency_group1/box01/mic/20251027_095500.WAV,20251027_095500_subject064,064,F,Control,094929
/datastar/behavior_rooms/2CAP/2025-10-27_09-10-14_Prat_Urgency_group1/pi-data_2025-10-27_09-10-14_Prat_Urgency_group1/box01/mic/20251027_100000.WAV,20251027_100000_subject064,064,F,Control,094929
/datastar/behavior_rooms/2CAP/2025-10-27_09-10-14_Prat_Urgency_group1/pi-data_2025-10-27_09-10-14_Prat_Urgency_group1/box01/mic/20251027_100500.WAV,20251027_100500_subject064,064,F,Control,094929
/datastar/behavior_rooms/2CAP/2025-10-27_09-10-14_Prat_Urgency_group1/pi-data_2025-10-27_09-10-14_Prat_Urgency_group1/box01/mic/20251027_101000.WAV,20251027_101000_subject064,064,F,Control,094929
/datastar/behavior_rooms/2CAP/2025-10-27_09-10-14_Prat_Urgency_group1/pi-data_2025-10-27_09-10-14_Prat_Urgency_group1/box01/mic/20251027_101500.WAV,20251027_101500_subject064,064,F,Control,094929
/datastar/behavior_rooms/2CAP/2025-10-27_09-10-14_Prat_Urgency_group1/pi-data_2025-10-27_09-10-14_Prat_Urgency_group1/box01/mic/20251027_102000.WAV,20251027_102000_subject064,064,F,Control,094929
/datastar/behavior_rooms/2CAP/2025-10-27_09-10-14_Prat_Urgency_group1/pi-data_2025-10-27_09-10-14_Prat_Urgency_group1/box01/mic/20251027_102500.WAV,20251027_102500_subject064,064,F,Control,094929
/datastar/behavior_rooms/2CAP/2025-10-27_09-10-14_Prat_Urgency_group1/pi-data_2025-10-27_09-10-14_Prat_Urgency_group1/box01/mic/20251027_103000.WAV,20251027_103000_subject064,064,F,Control,094929
/datastar/behavior_rooms/2CAP/2025-10-27_09-10-14_Prat_Urgency_group1/pi-data_2025-10-27_09-10-14_Prat_Urgency_group1/box01/mic/20251027_103500.WAV,20251027_103500_subject064,064,F,Control,094929
/datastar/behavior_rooms/2CAP/2025-10-27_09-10-14_Prat_Urgency_group1/pi-data_2025-10-27_09-10-14_Prat_Urgency_group1/box01/mic/20251027_104000.WAV,20251027_104000_subject064,064,F,Control,094929
/datastar/behavior_rooms/2CAP/2025-10-27_09-10-14_Prat_Urgency_group1/pi-data_2025-10-27_09-10-14_Prat_Urgency_group1/box01/mic/20251027_104500.WAV,20251027_104500_subject064,064,F,Control,094929
/datastar/behavior_rooms/2CAP/2025-10-27_09-10-14_Prat_Urgency_group1/pi-data_2025-10-27_09-10-14_Prat_Urgency_group1/box01/mic/20251027_105000.WAV,20251027_105000_subject064,064,F,Control,094929
/datastar/behavior_rooms/2CAP/2025-10-27_09-10-14_Prat_Urgency_group1/pi-data_2025-10-27_09-10-14_Prat_Urgency_group1/box01/mic/20251027_105500.WAV,20251027_105500_subject064,064,F,Control,094929
/datastar/behavior_rooms/2CAP/2025-10-27_09-10-14_Prat_Urgency_group1/pi-data_2025-10-27_09-10-14_Prat_Urgency_group1/box05/mic/20251027_094758.WAV,20251027_094758_subject068_066,068_066,F,Control_Control,095236
/datastar/behavior_rooms/2CAP/2025-10-27_09-10-14_Prat_Urgency_group1/pi-data_2025-10-27_09-10-14_Prat_Urgency_group1/box05/mic/20251027_095000.WAV,20251027_095000_subject068_066,068_066,F,Control_Control,095236
/datastar/behavior_rooms/2CAP/2025-10-27_09-10-14_Prat_Urgency_group1/pi-data_2025-10-27_09-10-14_Prat_Urgency_group1/box05/mic/20251027_095500.WAV,20251027_095500_subject068_066,068_066,F,Control_Control,095236
/datastar/behavior_rooms/2CAP/2025-10-27_09-10-14_Prat_Urgency_group1/pi-data_2025-10-27_09-10-14_Prat_Urgency_group1/box05/mic/20251027_100000.WAV,20251027_100000_subject068_066,068_066,F,Control_Control,095236
/datastar/behavior_rooms/2CAP/2025-10-27_09-10-14_Prat_Urgency_group1/pi-data_2025-10-27_09-10-14_Prat_Urgency_group1/box05/mic/20251027_100500.WAV,20251027_100500_subject068_066,068_066,F,Control_Control,095236
/datastar/behavior_rooms/2CAP/2025-10-27_09-10-14_Prat_Urgency_group1/pi-data_2025-10-27_09-10-14_Prat_Urgency_group1/box05/mic/20251027_101000.WAV,20251027_101000_subject068_066,068_066,F,Control_Control,095236
/datastar/behavior_rooms/2CAP/2025-10-27_09-10-14_Prat_Urgency_group1/pi-data_2025-10-27_09-10-14_Prat_Urgency_group1/box05/mic/20251027_101500.WAV,20251027_101500_subject068_066,068_066,F,Control_Control,095236
/datastar/behavior_rooms/2CAP/2025-10-27_09-10-14_Prat_Urgency_group1/pi-data_2025-10-27_09-10-14_Prat_Urgency_group1/box05/mic/20251027_102000.WAV,20251027_102000_subject068_066,068_066,F,Control_Control,095236
/datastar/behavior_rooms/2CAP/2025-10-27_09-10-14_Prat_Urgency_group1/pi-data_2025-10-27_09-10-14_Prat_Urgency_group1/box05/mic/20251027_102500.WAV,20251027_102500_subject068_066,068_066,F,Control_Control,095236
/datastar/behavior_rooms/2CAP/2025-10-27_09-10-14_Prat_Urgency_group1/pi-data_2025-10-27_09-10-14_Prat_Urgency_group1/box05/mic/20251027_103000.WAV,20251027_103000_subject068_066,068_066,F,Control_Control,095236
/datastar/behavior_rooms/2CAP/2025-10-27_09-10-14_Prat_Urgency_group1/pi-data_2025-10-27_09-10-14_Prat_Urgency_group1/box05/mic/20251027_103500.WAV,20251027_103500_subject068_066,068_066,F,Control_Control,095236
/datastar/behavior_rooms/2CAP/2025-10-27_09-10-14_Prat_Urgency_group1/pi-data_2025-10-27_09-10-14_Prat_Urgency_group1/box05/mic/20251027_104000.WAV,20251027_104000_subject068_066,068_066,F,Control_Control,095236
/datastar/behavior_rooms/2CAP/2025-10-27_09-10-14_Prat_Urgency_group1/pi-data_2025-10-27_09-10-14_Prat_Urgency_group1/box05/mic/20251027_104500.WAV,20251027_104500_subject068_066,068_066,F,Control_Control,095236
/datastar/behavior_rooms/2CAP/2025-10-27_09-10-14_Prat_Urgency_group1/pi-data_2025-10-27_09-10-14_Prat_Urgency_group1/box05/mic/20251027_105000.WAV,20251027_105000_subject068_066,068_066,F,Control_Control,095236
/datastar/behavior_rooms/2CAP/2025-10-27_09-10-14_Prat_Urgency_group1/pi-data_2025-10-27_09-10-14_Prat_Urgency_group1/box05/mic/20251027_105500.WAV,20251027_105500_subject068_066,068_066,F,Control_Control,095236
/datastar/behavior_rooms/2CAP/2025-10-27_09-10-14_Prat_Urgency_group1/pi-data_2025-10-27_09-10-14_Prat_Urgency_group1/box02/mic/20251027_094759.WAV,20251027_094759_subject070_094,070_094,F,Control_EtOH,095024
/datastar/behavior_rooms/2CAP/2025-10-27_09-10-14_Prat_Urgency_group1/pi-data_2025-10-27_09-10-14_Prat_Urgency_group1/box02/mic/20251027_095000.WAV,20251027_095000_subject070_094,070_094,F,Control_EtOH,095024
/datastar/behavior_rooms/2CAP/2025-10-27_09-10-14_Prat_Urgency_group1/pi-data_2025-10-27_09-10-14_Prat_Urgency_group1/box02/mic/20251027_095500.WAV,20251027_095500_subject070_094,070_094,F,Control_EtOH,095024
/datastar/behavior_rooms/2CAP/2025-10-27_09-10-14_Prat_Urgency_group1/pi-data_2025-10-27_09-10-14_Prat_Urgency_group1/box02/mic/20251027_100000.WAV,20251027_100000_subject070_094,070_094,F,Control_EtOH,095024
/datastar/behavior_rooms/2CAP/2025-10-27_09-10-14_Prat_Urgency_group1/pi-data_2025-10-27_09-10-14_Prat_Urgency_group1/box02/mic/20251027_100500.WAV,20251027_100500_subject070_094,070_094,F,Control_EtOH,095024
/datastar/behavior_rooms/2CAP/2025-10-27_09-10-14_Prat_Urgency_group1/pi-data_2025-10-27_09-10-14_Prat_Urgency_group1/box02/mic/20251027_101000.WAV,20251027_101000_subject070_094,070_094,F,Control_EtOH,095024
/datastar/behavior_rooms/2CAP/2025-10-27_09-10-14_Prat_Urgency_group1/pi-data_2025-10-27_09-10-14_Prat_Urgency_group1/box02/mic/20251027_101500.WAV,20251027_101500_subject070_094,070_094,F,Control_EtOH,095024
/datastar/behavior_rooms/2CAP/2025-10-27_09-10-14_Prat_Urgency_group1/pi-data_2025-10-27_09-10-14_Prat_Urgency_group1/box02/mic/20251027_102000.WAV,20251027_102000_subject070_094,070_094,F,Control_EtOH,095024
/datastar/behavior_rooms/2CAP/2025-10-27_09-10-14_Prat_Urgency_group1/pi-data_2025-10-27_09-10-14_Prat_Urgency_group1/box02/mic/20251027_102500.WAV,20251027_102500_subject070_094,070_094,F,Control_EtOH,095024
/datastar/behavior_rooms/2CAP/2025-10-27_09-10-14_Prat_Urgency_group1/pi-data_2025-10-27_09-10-14_Prat_Urgency_group1/box02/mic/20251027_103000.WAV,20251027_103000_subject070_094,070_094,F,Control_EtOH,095024
/datastar/behavior_rooms/2CAP/2025-10-27_09-10-14_Prat_Urgency_group1/pi-data_2025-10-27_09-10-14_Prat_Urgency_group1/box02/mic/20251027_103500.WAV,20251027_103500_subject070_094,070_094,F,Control_EtOH,095024
/datastar/behavior_rooms/2CAP/2025-10-27_09-10-14_Prat_Urgency_group1/pi-data_2025-10-27_09-10-14_Prat_Urgency_group1/box02/mic/20251027_104000.WAV,20251027_104000_subject070_094,070_094,F,Control_EtOH,095024
/datastar/behavior_rooms/2CAP/2025-10-27_09-10-14_Prat_Urgency_group1/pi-data_2025-10-27_09-10-14_Prat_Urgency_group1/box02/mic/20251027_104500.WAV,20251027_104500_subject070_094,070_094,F,Control_EtOH,095024
/datastar/behavior_rooms/2CAP/2025-10-27_09-10-14_Prat_Urgency_group1/pi-data_2025-10-27_09-10-14_Prat_Urgency_group1/box02/mic/20251027_105000.WAV,20251027_105000_subject070_094,070_094,F,Control_EtOH,095024
/datastar/behavior_rooms/2CAP/2025-10-27_09-10-14_Prat_Urgency_group1/pi-data_2025-10-27_09-10-14_Prat_Urgency_group1/box02/mic/20251027_105500.WAV,20251027_105500_subject070_094,070_094,F,Control_EtOH,095024
/datastar/behavior_rooms/2CAP/2025-10-27_09-10-14_Prat_Urgency_group1/pi-data_2025-10-27_09-10-14_Prat_Urgency_group1/box06/mic/20251027_094758.WAV,20251027_094758_subject081_063,081_063,M,EtOH_Control,095308
/datastar/behavior_rooms/2CAP/2025-10-27_09-10-14_Prat_Urgency_group1/pi-data_2025-10-27_09-10-14_Prat_Urgency_group1/box06/mic/20251027_095000.WAV,20251027_095000_subject081_063,081_063,M,EtOH_Control,095308
/datastar/behavior_rooms/2CAP/2025-10-27_09-10-14_Prat_Urgency_group1/pi-data_2025-10-27_09-10-14_Prat_Urgency_group1/box06/mic/20251027_095500.WAV,20251027_095500_subject081_063,081_063,M,EtOH_Control,095308
/datastar/behavior_rooms/2CAP/2025-10-27_09-10-14_Prat_Urgency_group1/pi-data_2025-10-27_09-10-14_Prat_Urgency_group1/box06/mic/20251027_100000.WAV,20251027_100000_subject081_063,081_063,M,EtOH_Control,095308
/datastar/behavior_rooms/2CAP/2025-10-27_09-10-14_Prat_Urgency_group1/pi-data_2025-10-27_09-10-14_Prat_Urgency_group1/box06/mic/20251027_100500.WAV,20251027_100500_subject081_063,081_063,M,EtOH_Control,095308
/datastar/behavior_rooms/2CAP/2025-10-27_09-10-14_Prat_Urgency_group1/pi-data_2025-10-27_09-10-14_Prat_Urgency_group1/box06/mic/20251027_101000.WAV,20251027_101000_subject081_063,081_063,M,EtOH_Control,095308
/datastar/behavior_rooms/2CAP/2025-10-27_09-10-14_Prat_Urgency_group1/pi-data_2025-10-27_09-10-14_Prat_Urgency_group1/box06/mic/20251027_101500.WAV,20251027_101500_subject081_063,081_063,M,EtOH_Control,095308
/datastar/behavior_rooms/2CAP/2025-10-27_09-10-14_Prat_Urgency_group1/pi-data_2025-10-27_09-10-14_Prat_Urgency_group1/box06/mic/20251027_102000.WAV,20251027_102000_subject081_063,081_063,M,EtOH_Control,095308
/datastar/behavior_rooms/2CAP/2025-10-27_09-10-14_Prat_Urgency_group1/pi-data_2025-10-27_09-10-14_Prat_Urgency_group1/box06/mic/20251027_102500.WAV,20251027_102500_subject081_063,081_063,M,EtOH_Control,095308
/datastar/behavior_rooms/2CAP/2025-10-27_09-10-14_Prat_Urgency_group1/pi-data_2025-10-27_09-10-14_Prat_Urgency_group1/box06/mic/20251027_103000.WAV,20251027_103000_subject081_063,081_063,M,EtOH_Control,095308
/datastar/behavior_rooms/2CAP/2025-10-27_09-10-14_Prat_Urgency_group1/pi-data_2025-10-27_09-10-14_Prat_Urgency_group1/box06/mic/20251027_103500.WAV,20251027_103500_subject081_063,081_063,M,EtOH_Control,095308
/datastar/behavior_rooms/2CAP/2025-10-27_09-10-14_Prat_Urgency_group1/pi-data_2025-10-27_09-10-14_Prat_Urgency_group1/box06/mic/20251027_104000.WAV,20251027_104000_subject081_063,081_063,M,EtOH_Control,095308
/datastar/behavior_rooms/2CAP/2025-10-27_09-10-14_Prat_Urgency_group1/pi-data_2025-10-27_09-10-14_Prat_Urgency_group1/box06/mic/20251027_104500.WAV,20251027_104500_subject081_063,081_063,M,EtOH_Control,095308
/datastar/behavior_rooms/2CAP/2025-10-27_09-10-14_Prat_Urgency_group1/pi-data_2025-10-27_09-10-14_Prat_Urgency_group1/box06/mic/20251027_105000.WAV,20251027_105000_subject081_063,081_063,M,EtOH_Control,095308
/datastar/behavior_rooms/2CAP/2025-10-27_09-10-14_Prat_Urgency_group1/pi-data_2025-10-27_09-10-14_Prat_Urgency_group1/box06/mic/20251027_105500.WAV,20251027_105500_subject081_063,081_063,M,EtOH_Control,095308
/datastar/behavior_rooms/2CAP/2025-10-27_09-10-14_Prat_Urgency_group1/pi-data_2025-10-27_09-10-14_Prat_Urgency_group1/box03/mic/20251027_094758.WAV,20251027_094758_subject087_083,087_083,M,EtOH_EtOH,095106
/datastar/behavior_rooms/2CAP/2025-10-27_09-10-14_Prat_Urgency_group1/pi-data_2025-10-27_09-10-14_Prat_Urgency_group1/box03/mic/20251027_095000.WAV,20251027_095000_subject087_083,087_083,M,EtOH_EtOH,095106
/datastar/behavior_rooms/2CAP/2025-10-27_09-10-14_Prat_Urgency_group1/pi-data_2025-10-27_09-10-14_Prat_Urgency_group1/box03/mic/20251027_095500.WAV,20251027_095500_subject087_083,087_083,M,EtOH_EtOH,095106
/datastar/behavior_rooms/2CAP/2025-10-27_09-10-14_Prat_Urgency_group1/pi-data_2025-10-27_09-10-14_Prat_Urgency_group1/box03/mic/20251027_100000.WAV,20251027_100000_subject087_083,087_083,M,EtOH_EtOH,095106
/datastar/behavior_rooms/2CAP/2025-10-27_09-10-14_Prat_Urgency_group1/pi-data_2025-10-27_09-10-14_Prat_Urgency_group1/box03/mic/20251027_100500.WAV,20251027_100500_subject087_083,087_083,M,EtOH_EtOH,095106
/datastar/behavior_rooms/2CAP/2025-10-27_09-10-14_Prat_Urgency_group1/pi-data_2025-10-27_09-10-14_Prat_Urgency_group1/box03/mic/20251027_101000.WAV,20251027_101000_subject087_083,087_083,M,EtOH_EtOH,095106
/datastar/behavior_rooms/2CAP/2025-10-27_09-10-14_Prat_Urgency_group1/pi-data_2025-10-27_09-10-14_Prat_Urgency_group1/box03/mic/20251027_101500.WAV,20251027_101500_subject087_083,087_083,M,EtOH_EtOH,095106
/datastar/behavior_rooms/2CAP/2025-10-27_09-10-14_Prat_Urgency_group1/pi-data_2025-10-27_09-10-14_Prat_Urgency_group1/box03/mic/20251027_102000.WAV,20251027_102000_subject087_083,087_083,M,EtOH_EtOH,095106
/datastar/behavior_rooms/2CAP/2025-10-27_09-10-14_Prat_Urgency_group1/pi-data_2025-10-27_09-10-14_Prat_Urgency_group1/box03/mic/20251027_102500.WAV,20251027_102500_subject087_083,087_083,M,EtOH_EtOH,095106
/datastar/behavior_rooms/2CAP/2025-10-27_09-10-14_Prat_Urgency_group1/pi-data_2025-10-27_09-10-14_Prat_Urgency_group1/box03/mic/20251027_103000.WAV,20251027_103000_subject087_083,087_083,M,EtOH_EtOH,095106
/datastar/behavior_rooms/2CAP/2025-10-27_09-10-14_Prat_Urgency_group1/pi-data_2025-10-27_09-10-14_Prat_Urgency_group1/box03/mic/20251027_103500.WAV,20251027_103500_subject087_083,087_083,M,EtOH_EtOH,095106
/datastar/behavior_rooms/2CAP/2025-10-27_09-10-14_Prat_Urgency_group1/pi-data_2025-10-27_09-10-14_Prat_Urgency_group1/box03/mic/20251027_104000.WAV,20251027_104000_subject087_083,087_083,M,EtOH_EtOH,095106
/datastar/behavior_rooms/2CAP/2025-10-27_09-10-14_Prat_Urgency_group1/pi-data_2025-10-27_09-10-14_Prat_Urgency_group1/box03/mic/20251027_104500.WAV,20251027_104500_subject087_083,087_083,M,EtOH_EtOH,095106
/datastar/behavior_rooms/2CAP/2025-10-27_09-10-14_Prat_Urgency_group1/pi-data_2025-10-27_09-10-14_Prat_Urgency_group1/box03/mic/20251027_105000.WAV,20251027_105000_subject087_083,087_083,M,EtOH_EtOH,095106
/datastar/behavior_rooms/2CAP/2025-10-27_09-10-14_Prat_Urgency_group1/pi-data_2025-10-27_09-10-14_Prat_Urgency_group1/box03/mic/20251027_105500.WAV,20251027_105500_subject087_083,087_083,M,EtOH_EtOH,095106
/datastar/behavior_rooms/2CAP/2025-10-27_09-10-14_Prat_Urgency_group1/pi-data_2025-10-27_09-10-14_Prat_Urgency_group1/box04/mic/20251027_094758.WAV,20251027_094758_subject095,095,M,EtOH,095147
/datastar/behavior_rooms/2CAP/2025-10-27_09-10-14_Prat_Urgency_group1/pi-data_2025-10-27_09-10-14_Prat_Urgency_group1/box04/mic/20251027_095000.WAV,20251027_095000_subject095,095,M,EtOH,095147
/datastar/behavior_rooms/2CAP/2025-10-27_09-10-14_Prat_Urgency_group1/pi-data_2025-10-27_09-10-14_Prat_Urgency_group1/box04/mic/20251027_095500.WAV,20251027_095500_subject095,095,M,EtOH,095147
/datastar/behavior_rooms/2CAP/2025-10-27_09-10-14_Prat_Urgency_group1/pi-data_2025-10-27_09-10-14_Prat_Urgency_group1/box04/mic/20251027_100000.WAV,20251027_100000_subject095,095,M,EtOH,095147
/datastar/behavior_rooms/2CAP/2025-10-27_09-10-14_Prat_Urgency_group1/pi-data_2025-10-27_09-10-14_Prat_Urgency_group1/box04/mic/20251027_100500.WAV,20251027_100500_subject095,095,M,EtOH,095147
/datastar/behavior_rooms/2CAP/2025-10-27_09-10-14_Prat_Urgency_group1/pi-data_2025-10-27_09-10-14_Prat_Urgency_group1/box04/mic/20251027_101000.WAV,20251027_101000_subject095,095,M,EtOH,095147
/datastar/behavior_rooms/2CAP/2025-10-27_09-10-14_Prat_Urgency_group1/pi-data_2025-10-27_09-10-14_Prat_Urgency_group1/box04/mic/20251027_101500.WAV,20251027_101500_subject095,095,M,EtOH,095147
/datastar/behavior_rooms/2CAP/2025-10-27_09-10-14_Prat_Urgency_group1/pi-data_2025-10-27_09-10-14_Prat_Urgency_group1/box04/mic/20251027_102000.WAV,20251027_102000_subject095,095,M,EtOH,095147
/datastar/behavior_rooms/2CAP/2025-10-27_09-10-14_Prat_Urgency_group1/pi-data_2025-10-27_09-10-14_Prat_Urgency_group1/box04/mic/20251027_102500.WAV,20251027_102500_subject095,095,M,EtOH,095147
/datastar/behavior_rooms/2CAP/2025-10-27_09-10-14_Prat_Urgency_group1/pi-data_2025-10-27_09-10-14_Prat_Urgency_group1/box04/mic/20251027_103000.WAV,20251027_103000_subject095,095,M,EtOH,095147
/datastar/behavior_rooms/2CAP/2025-10-27_09-10-14_Prat_Urgency_group1/pi-data_2025-10-27_09-10-14_Prat_Urgency_group1/box04/mic/20251027_103500.WAV,20251027_103500_subject095,095,M,EtOH,095147
/datastar/behavior_rooms/2CAP/2025-10-27_09-10-14_Prat_Urgency_group1/pi-data_2025-10-27_09-10-14_Prat_Urgency_group1/box04/mic/20251027_104000.WAV,20251027_104000_subject095,095,M,EtOH,095147
/datastar/behavior_rooms/2CAP/2025-10-27_09-10-14_Prat_Urgency_group1/pi-data_2025-10-27_09-10-14_Prat_Urgency_group1/box04/mic/20251027_104500.WAV,20251027_104500_subject095,095,M,EtOH,095147
/datastar/behavior_rooms/2CAP/2025-10-27_09-10-14_Prat_Urgency_group1/pi-data_2025-10-27_09-10-14_Prat_Urgency_group1/box04/mic/20251027_105000.WAV,20251027_105000_subject095,095,M,EtOH,095147
/datastar/behavior_rooms/2CAP/2025-10-27_09-10-14_Prat_Urgency_group1/pi-data_2025-10-27_09-10-14_Prat_Urgency_group1/box04/mic/20251027_105500.WAV,20251027_105500_subject095,095,M,EtOH,095147
/datastar/behavior_rooms/2CAP/2025-10-27_11-17-54_Prat_Urgency_group2/pi-data_2025-10-27_11-17-54_Prat_Urgency_group2/box01/mic/20251027_112528.WAV,20251027_112528_subject071_097,071_097,M,Control_EtOH,112627
/datastar/behavior_rooms/2CAP/2025-10-27_11-17-54_Prat_Urgency_group2/pi-data_2025-10-27_11-17-54_Prat_Urgency_group2/box01/mic/20251027_113000.WAV,20251027_113000_subject071_097,071_097,M,Control_EtOH,112627
/datastar/behavior_rooms/2CAP/2025-10-27_11-17-54_Prat_Urgency_group2/pi-data_2025-10-27_11-17-54_Prat_Urgency_group2/box01/mic/20251027_113500.WAV,20251027_113500_subject071_097,071_097,M,Control_EtOH,112627
/datastar/behavior_rooms/2CAP/2025-10-27_11-17-54_Prat_Urgency_group2/pi-data_2025-10-27_11-17-54_Prat_Urgency_group2/box01/mic/20251027_114000.WAV,20251027_114000_subject071_097,071_097,M,Control_EtOH,112627
/datastar/behavior_rooms/2CAP/2025-10-27_11-17-54_Prat_Urgency_group2/pi-data_2025-10-27_11-17-54_Prat_Urgency_group2/box01/mic/20251027_114500.WAV,20251027_114500_subject071_097,071_097,M,Control_EtOH,112627
/datastar/behavior_rooms/2CAP/2025-10-27_11-17-54_Prat_Urgency_group2/pi-data_2025-10-27_11-17-54_Prat_Urgency_group2/box01/mic/20251027_115000.WAV,20251027_115000_subject071_097,071_097,M,Control_EtOH,112627
/datastar/behavior_rooms/2CAP/2025-10-27_11-17-54_Prat_Urgency_group2/pi-data_2025-10-27_11-17-54_Prat_Urgency_group2/box01/mic/20251027_115500.WAV,20251027_115500_subject071_097,071_097,M,Control_EtOH,112627
/datastar/behavior_rooms/2CAP/2025-10-27_11-17-54_Prat_Urgency_group2/pi-data_2025-10-27_11-17-54_Prat_Urgency_group2/box01/mic/20251027_120000.WAV,20251027_120000_subject071_097,071_097,M,Control_EtOH,112627
/datastar/behavior_rooms/2CAP/2025-10-27_11-17-54_Prat_Urgency_group2/pi-data_2025-10-27_11-17-54_Prat_Urgency_group2/box01/mic/20251027_120500.WAV,20251027_120500_subject071_097,071_097,M,Control_EtOH,112627
/datastar/behavior_rooms/2CAP/2025-10-27_11-17-54_Prat_Urgency_group2/pi-data_2025-10-27_11-17-54_Prat_Urgency_group2/box01/mic/20251027_121000.WAV,20251027_121000_subject071_097,071_097,M,Control_EtOH,112627
/datastar/behavior_rooms/2CAP/2025-10-27_11-17-54_Prat_Urgency_group2/pi-data_2025-10-27_11-17-54_Prat_Urgency_group2/box01/mic/20251027_121500.WAV,20251027_121500_subject071_097,071_097,M,Control_EtOH,112627
/datastar/behavior_rooms/2CAP/2025-10-27_11-17-54_Prat_Urgency_group2/pi-data_2025-10-27_11-17-54_Prat_Urgency_group2/box01/mic/20251027_122000.WAV,20251027_122000_subject071_097,071_097,M,Control_EtOH,112627
/datastar/behavior_rooms/2CAP/2025-10-27_11-17-54_Prat_Urgency_group2/pi-data_2025-10-27_11-17-54_Prat_Urgency_group2/box01/mic/20251027_122500.WAV,20251027_122500_subject071_097,071_097,M,Control_EtOH,112627
/datastar/behavior_rooms/2CAP/2025-10-27_11-17-54_Prat_Urgency_group2/pi-data_2025-10-27_11-17-54_Prat_Urgency_group2/box01/mic/20251027_123000.WAV,20251027_123000_subject071_097,071_097,M,Control_EtOH,112627
/datastar/behavior_rooms/2CAP/2025-10-27_11-17-54_Prat_Urgency_group2/pi-data_2025-10-27_11-17-54_Prat_Urgency_group2/box01/mic/20251027_123500.WAV,20251027_123500_subject071_097,071_097,M,Control_EtOH,112627
/datastar/behavior_rooms/2CAP/2025-10-27_11-17-54_Prat_Urgency_group2/pi-data_2025-10-27_11-17-54_Prat_Urgency_group2/box03/mic/20251027_112528.WAV,20251027_112528_subject074_088,074_088,F,Control_EtOH,112726
/datastar/behavior_rooms/2CAP/2025-10-27_11-17-54_Prat_Urgency_group2/pi-data_2025-10-27_11-17-54_Prat_Urgency_group2/box03/mic/20251027_113000.WAV,20251027_113000_subject074_088,074_088,F,Control_EtOH,112726
/datastar/behavior_rooms/2CAP/2025-10-27_11-17-54_Prat_Urgency_group2/pi-data_2025-10-27_11-17-54_Prat_Urgency_group2/box03/mic/20251027_113500.WAV,20251027_113500_subject074_088,074_088,F,Control_EtOH,112726
/datastar/behavior_rooms/2CAP/2025-10-27_11-17-54_Prat_Urgency_group2/pi-data_2025-10-27_11-17-54_Prat_Urgency_group2/box03/mic/20251027_114000.WAV,20251027_114000_subject074_088,074_088,F,Control_EtOH,112726
/datastar/behavior_rooms/2CAP/2025-10-27_11-17-54_Prat_Urgency_group2/pi-data_2025-10-27_11-17-54_Prat_Urgency_group2/box03/mic/20251027_114500.WAV,20251027_114500_subject074_088,074_088,F,Control_EtOH,112726
/datastar/behavior_rooms/2CAP/2025-10-27_11-17-54_Prat_Urgency_group2/pi-data_2025-10-27_11-17-54_Prat_Urgency_group2/box03/mic/20251027_115000.WAV,20251027_115000_subject074_088,074_088,F,Control_EtOH,112726
/datastar/behavior_rooms/2CAP/2025-10-27_11-17-54_Prat_Urgency_group2/pi-data_2025-10-27_11-17-54_Prat_Urgency_group2/box03/mic/20251027_115500.WAV,20251027_115500_subject074_088,074_088,F,Control_EtOH,112726
/datastar/behavior_rooms/2CAP/2025-10-27_11-17-54_Prat_Urgency_group2/pi-data_2025-10-27_11-17-54_Prat_Urgency_group2/box03/mic/20251027_120000.WAV,20251027_120000_subject074_088,074_088,F,Control_EtOH,112726
/datastar/behavior_rooms/2CAP/2025-10-27_11-17-54_Prat_Urgency_group2/pi-data_2025-10-27_11-17-54_Prat_Urgency_group2/box03/mic/20251027_120500.WAV,20251027_120500_subject074_088,074_088,F,Control_EtOH,112726
/datastar/behavior_rooms/2CAP/2025-10-27_11-17-54_Prat_Urgency_group2/pi-data_2025-10-27_11-17-54_Prat_Urgency_group2/box03/mic/20251027_121000.WAV,20251027_121000_subject074_088,074_088,F,Control_EtOH,112726
/datastar/behavior_rooms/2CAP/2025-10-27_11-17-54_Prat_Urgency_group2/pi-data_2025-10-27_11-17-54_Prat_Urgency_group2/box03/mic/20251027_121500.WAV,20251027_121500_subject074_088,074_088,F,Control_EtOH,112726
/datastar/behavior_rooms/2CAP/2025-10-27_11-17-54_Prat_Urgency_group2/pi-data_2025-10-27_11-17-54_Prat_Urgency_group2/box03/mic/20251027_122000.WAV,20251027_122000_subject074_088,074_088,F,Control_EtOH,112726
/datastar/behavior_rooms/2CAP/2025-10-27_11-17-54_Prat_Urgency_group2/pi-data_2025-10-27_11-17-54_Prat_Urgency_group2/box03/mic/20251027_122500.WAV,20251027_122500_subject074_088,074_088,F,Control_EtOH,112726
/datastar/behavior_rooms/2CAP/2025-10-27_11-17-54_Prat_Urgency_group2/pi-data_2025-10-27_11-17-54_Prat_Urgency_group2/box03/mic/20251027_123000.WAV,20251027_123000_subject074_088,074_088,F,Control_EtOH,112726
/datastar/behavior_rooms/2CAP/2025-10-27_11-17-54_Prat_Urgency_group2/pi-data_2025-10-27_11-17-54_Prat_Urgency_group2/box03/mic/20251027_123500.WAV,20251027_123500_subject074_088,074_088,F,Control_EtOH,112726
/datastar/behavior_rooms/2CAP/2025-10-27_11-17-54_Prat_Urgency_group2/pi-data_2025-10-27_11-17-54_Prat_Urgency_group2/box02/mic/20251027_112528.WAV,20251027_112528_subject077,077,M,Control,112651
/datastar/behavior_rooms/2CAP/2025-10-27_11-17-54_Prat_Urgency_group2/pi-data_2025-10-27_11-17-54_Prat_Urgency_group2/box02/mic/20251027_113000.WAV,20251027_113000_subject077,077,M,Control,112651
/datastar/behavior_rooms/2CAP/2025-10-27_11-17-54_Prat_Urgency_group2/pi-data_2025-10-27_11-17-54_Prat_Urgency_group2/box02/mic/20251027_113500.WAV,20251027_113500_subject077,077,M,Control,112651
/datastar/behavior_rooms/2CAP/2025-10-27_11-17-54_Prat_Urgency_group2/pi-data_2025-10-27_11-17-54_Prat_Urgency_group2/box02/mic/20251027_114000.WAV,20251027_114000_subject077,077,M,Control,112651
/datastar/behavior_rooms/2CAP/2025-10-27_11-17-54_Prat_Urgency_group2/pi-data_2025-10-27_11-17-54_Prat_Urgency_group2/box02/mic/20251027_114500.WAV,20251027_114500_subject077,077,M,Control,112651
/datastar/behavior_rooms/2CAP/2025-10-27_11-17-54_Prat_Urgency_group2/pi-data_2025-10-27_11-17-54_Prat_Urgency_group2/box02/mic/20251027_115000.WAV,20251027_115000_subject077,077,M,Control,112651
/datastar/behavior_rooms/2CAP/2025-10-27_11-17-54_Prat_Urgency_group2/pi-data_2025-10-27_11-17-54_Prat_Urgency_group2/box02/mic/20251027_115500.WAV,20251027_115500_subject077,077,M,Control,112651
/datastar/behavior_rooms/2CAP/2025-10-27_11-17-54_Prat_Urgency_group2/pi-data_2025-10-27_11-17-54_Prat_Urgency_group2/box02/mic/20251027_120000.WAV,20251027_120000_subject077,077,M,Control,112651
/datastar/behavior_rooms/2CAP/2025-10-27_11-17-54_Prat_Urgency_group2/pi-data_2025-10-27_11-17-54_Prat_Urgency_group2/box02/mic/20251027_120500.WAV,20251027_120500_subject077,077,M,Control,112651
/datastar/behavior_rooms/2CAP/2025-10-27_11-17-54_Prat_Urgency_group2/pi-data_2025-10-27_11-17-54_Prat_Urgency_group2/box02/mic/20251027_121000.WAV,20251027_121000_subject077,077,M,Control,112651
/datastar/behavior_rooms/2CAP/2025-10-27_11-17-54_Prat_Urgency_group2/pi-data_2025-10-27_11-17-54_Prat_Urgency_group2/box02/mic/20251027_121500.WAV,20251027_121500_subject077,077,M,Control,112651
/datastar/behavior_rooms/2CAP/2025-10-27_11-17-54_Prat_Urgency_group2/pi-data_2025-10-27_11-17-54_Prat_Urgency_group2/box02/mic/20251027_122000.WAV,20251027_122000_subject077,077,M,Control,112651
/datastar/behavior_rooms/2CAP/2025-10-27_11-17-54_Prat_Urgency_group2/pi-data_2025-10-27_11-17-54_Prat_Urgency_group2/box02/mic/20251027_122500.WAV,20251027_122500_subject077,077,M,Control,112651
/datastar/behavior_rooms/2CAP/2025-10-27_11-17-54_Prat_Urgency_group2/pi-data_2025-10-27_11-17-54_Prat_Urgency_group2/box02/mic/20251027_123000.WAV,20251027_123000_subject077,077,M,Control,112651
/datastar/behavior_rooms/2CAP/2025-10-27_11-17-54_Prat_Urgency_group2/pi-data_2025-10-27_11-17-54_Prat_Urgency_group2/box02/mic/20251027_123500.WAV,20251027_123500_subject077,077,M,Control,112651
/datastar/behavior_rooms/2CAP/2025-10-27_11-17-54_Prat_Urgency_group2/pi-data_2025-10-27_11-17-54_Prat_Urgency_group2/box05/mic/20251027_112528.WAV,20251027_112528_subject079_075,079_075,M,EtOH_Control,112843
/datastar/behavior_rooms/2CAP/2025-10-27_11-17-54_Prat_Urgency_group2/pi-data_2025-10-27_11-17-54_Prat_Urgency_group2/box05/mic/20251027_113000.WAV,20251027_113000_subject079_075,079_075,M,EtOH_Control,112843
/datastar/behavior_rooms/2CAP/2025-10-27_11-17-54_Prat_Urgency_group2/pi-data_2025-10-27_11-17-54_Prat_Urgency_group2/box05/mic/20251027_113500.WAV,20251027_113500_subject079_075,079_075,M,EtOH_Control,112843
/datastar/behavior_rooms/2CAP/2025-10-27_11-17-54_Prat_Urgency_group2/pi-data_2025-10-27_11-17-54_Prat_Urgency_group2/box05/mic/20251027_114000.WAV,20251027_114000_subject079_075,079_075,M,EtOH_Control,112843
/datastar/behavior_rooms/2CAP/2025-10-27_11-17-54_Prat_Urgency_group2/pi-data_2025-10-27_11-17-54_Prat_Urgency_group2/box05/mic/20251027_114500.WAV,20251027_114500_subject079_075,079_075,M,EtOH_Control,112843
/datastar/behavior_rooms/2CAP/2025-10-27_11-17-54_Prat_Urgency_group2/pi-data_2025-10-27_11-17-54_Prat_Urgency_group2/box05/mic/20251027_115000.WAV,20251027_115000_subject079_075,079_075,M,EtOH_Control,112843
/datastar/behavior_rooms/2CAP/2025-10-27_11-17-54_Prat_Urgency_group2/pi-data_2025-10-27_11-17-54_Prat_Urgency_group2/box05/mic/20251027_115500.WAV,20251027_115500_subject079_075,079_075,M,EtOH_Control,112843
/datastar/behavior_rooms/2CAP/2025-10-27_11-17-54_Prat_Urgency_group2/pi-data_2025-10-27_11-17-54_Prat_Urgency_group2/box05/mic/20251027_120000.WAV,20251027_120000_subject079_075,079_075,M,EtOH_Control,112843
/datastar/behavior_rooms/2CAP/2025-10-27_11-17-54_Prat_Urgency_group2/pi-data_2025-10-27_11-17-54_Prat_Urgency_group2/box05/mic/20251027_120500.WAV,20251027_120500_subject079_075,079_075,M,EtOH_Control,112843
/datastar/behavior_rooms/2CAP/2025-10-27_11-17-54_Prat_Urgency_group2/pi-data_2025-10-27_11-17-54_Prat_Urgency_group2/box05/mic/20251027_121000.WAV,20251027_121000_subject079_075,079_075,M,EtOH_Control,112843
/datastar/behavior_rooms/2CAP/2025-10-27_11-17-54_Prat_Urgency_group2/pi-data_2025-10-27_11-17-54_Prat_Urgency_group2/box05/mic/20251027_121500.WAV,20251027_121500_subject079_075,079_075,M,EtOH_Control,112843
/datastar/behavior_rooms/2CAP/2025-10-27_11-17-54_Prat_Urgency_group2/pi-data_2025-10-27_11-17-54_Prat_Urgency_group2/box05/mic/20251027_122000.WAV,20251027_122000_subject079_075,079_075,M,EtOH_Control,112843
/datastar/behavior_rooms/2CAP/2025-10-27_11-17-54_Prat_Urgency_group2/pi-data_2025-10-27_11-17-54_Prat_Urgency_group2/box05/mic/20251027_122500.WAV,20251027_122500_subject079_075,079_075,M,EtOH_Control,112843
/datastar/behavior_rooms/2CAP/2025-10-27_11-17-54_Prat_Urgency_group2/pi-data_2025-10-27_11-17-54_Prat_Urgency_group2/box05/mic/20251027_123000.WAV,20251027_123000_subject079_075,079_075,M,EtOH_Control,112843
/datastar/behavior_rooms/2CAP/2025-10-27_11-17-54_Prat_Urgency_group2/pi-data_2025-10-27_11-17-54_Prat_Urgency_group2/box05/mic/20251027_123500.WAV,20251027_123500_subject079_075,079_075,M,EtOH_Control,112843
/datastar/behavior_rooms/2CAP/2025-10-27_11-17-54_Prat_Urgency_group2/pi-data_2025-10-27_11-17-54_Prat_Urgency_group2/box06/mic/20251027_112528.WAV,20251027_112528_subject093,093,M,EtOH,112904
/datastar/behavior_rooms/2CAP/2025-10-27_11-17-54_Prat_Urgency_group2/pi-data_2025-10-27_11-17-54_Prat_Urgency_group2/box06/mic/20251027_113000.WAV,20251027_113000_subject093,093,M,EtOH,112904
/datastar/behavior_rooms/2CAP/2025-10-27_11-17-54_Prat_Urgency_group2/pi-data_2025-10-27_11-17-54_Prat_Urgency_group2/box06/mic/20251027_113500.WAV,20251027_113500_subject093,093,M,EtOH,112904
/datastar/behavior_rooms/2CAP/2025-10-27_11-17-54_Prat_Urgency_group2/pi-data_2025-10-27_11-17-54_Prat_Urgency_group2/box06/mic/20251027_114000.WAV,20251027_114000_subject093,093,M,EtOH,112904
/datastar/behavior_rooms/2CAP/2025-10-27_11-17-54_Prat_Urgency_group2/pi-data_2025-10-27_11-17-54_Prat_Urgency_group2/box06/mic/20251027_114500.WAV,20251027_114500_subject093,093,M,EtOH,112904
/datastar/behavior_rooms/2CAP/2025-10-27_11-17-54_Prat_Urgency_group2/pi-data_2025-10-27_11-17-54_Prat_Urgency_group2/box06/mic/20251027_115000.WAV,20251027_115000_subject093,093,M,EtOH,112904
/datastar/behavior_rooms/2CAP/2025-10-27_11-17-54_Prat_Urgency_group2/pi-data_2025-10-27_11-17-54_Prat_Urgency_group2/box06/mic/20251027_115500.WAV,20251027_115500_subject093,093,M,EtOH,112904
/datastar/behavior_rooms/2CAP/2025-10-27_11-17-54_Prat_Urgency_group2/pi-data_2025-10-27_11-17-54_Prat_Urgency_group2/box06/mic/20251027_120000.WAV,20251027_120000_subject093,093,M,EtOH,112904
/datastar/behavior_rooms/2CAP/2025-10-27_11-17-54_Prat_Urgency_group2/pi-data_2025-10-27_11-17-54_Prat_Urgency_group2/box06/mic/20251027_120500.WAV,20251027_120500_subject093,093,M,EtOH,112904
/datastar/behavior_rooms/2CAP/2025-10-27_11-17-54_Prat_Urgency_group2/pi-data_2025-10-27_11-17-54_Prat_Urgency_group2/box06/mic/20251027_121000.WAV,20251027_121000_subject093,093,M,EtOH,112904
/datastar/behavior_rooms/2CAP/2025-10-27_11-17-54_Prat_Urgency_group2/pi-data_2025-10-27_11-17-54_Prat_Urgency_group2/box06/mic/20251027_121500.WAV,20251027_121500_subject093,093,M,EtOH,112904
/datastar/behavior_rooms/2CAP/2025-10-27_11-17-54_Prat_Urgency_group2/pi-data_2025-10-27_11-17-54_Prat_Urgency_group2/box06/mic/20251027_122000.WAV,20251027_122000_subject093,093,M,EtOH,112904
/datastar/behavior_rooms/2CAP/2025-10-27_11-17-54_Prat_Urgency_group2/pi-data_2025-10-27_11-17-54_Prat_Urgency_group2/box06/mic/20251027_122500.WAV,20251027_122500_subject093,093,M,EtOH,112904
/datastar/behavior_rooms/2CAP/2025-10-27_11-17-54_Prat_Urgency_group2/pi-data_2025-10-27_11-17-54_Prat_Urgency_group2/box06/mic/20251027_123000.WAV,20251027_123000_subject093,093,M,EtOH,112904
/datastar/behavior_rooms/2CAP/2025-10-27_11-17-54_Prat_Urgency_group2/pi-data_2025-10-27_11-17-54_Prat_Urgency_group2/box06/mic/20251027_123500.WAV,20251027_123500_subject093,093,M,EtOH,112904
/datastar/behavior_rooms/2CAP/2025-10-27_11-17-54_Prat_Urgency_group2/pi-data_2025-10-27_11-17-54_Prat_Urgency_group2/box04/mic/20251027_112528.WAV,20251027_112528_subject098_078,098_078,F,EtOH_Control,112803
/datastar/behavior_rooms/2CAP/2025-10-27_11-17-54_Prat_Urgency_group2/pi-data_2025-10-27_11-17-54_Prat_Urgency_group2/box04/mic/20251027_113000.WAV,20251027_113000_subject098_078,098_078,F,EtOH_Control,112803
/datastar/behavior_rooms/2CAP/2025-10-27_11-17-54_Prat_Urgency_group2/pi-data_2025-10-27_11-17-54_Prat_Urgency_group2/box04/mic/20251027_113500.WAV,20251027_113500_subject098_078,098_078,F,EtOH_Control,112803
/datastar/behavior_rooms/2CAP/2025-10-27_11-17-54_Prat_Urgency_group2/pi-data_2025-10-27_11-17-54_Prat_Urgency_group2/box04/mic/20251027_114000.WAV,20251027_114000_subject098_078,098_078,F,EtOH_Control,112803
/datastar/behavior_rooms/2CAP/2025-10-27_11-17-54_Prat_Urgency_group2/pi-data_2025-10-27_11-17-54_Prat_Urgency_group2/box04/mic/20251027_114500.WAV,20251027_114500_subject098_078,098_078,F,EtOH_Control,112803
/datastar/behavior_rooms/2CAP/2025-10-27_11-17-54_Prat_Urgency_group2/pi-data_2025-10-27_11-17-54_Prat_Urgency_group2/box04/mic/20251027_115000.WAV,20251027_115000_subject098_078,098_078,F,EtOH_Control,112803
/datastar/behavior_rooms/2CAP/2025-10-27_11-17-54_Prat_Urgency_group2/pi-data_2025-10-27_11-17-54_Prat_Urgency_group2/box04/mic/20251027_115500.WAV,20251027_115500_subject098_078,098_078,F,EtOH_Control,112803
/datastar/behavior_rooms/2CAP/2025-10-27_11-17-54_Prat_Urgency_group2/pi-data_2025-10-27_11-17-54_Prat_Urgency_group2/box04/mic/20251027_120000.WAV,20251027_120000_subject098_078,098_078,F,EtOH_Control,112803
/datastar/behavior_rooms/2CAP/2025-10-27_11-17-54_Prat_Urgency_group2/pi-data_2025-10-27_11-17-54_Prat_Urgency_group2/box04/mic/20251027_120500.WAV,20251027_120500_subject098_078,098_078,F,EtOH_Control,112803
/datastar/behavior_rooms/2CAP/2025-10-27_11-17-54_Prat_Urgency_group2/pi-data_2025-10-27_11-17-54_Prat_Urgency_group2/box04/mic/20251027_121000.WAV,20251027_121000_subject098_078,098_078,F,EtOH_Control,112803
/datastar/behavior_rooms/2CAP/2025-10-27_11-17-54_Prat_Urgency_group2/pi-data_2025-10-27_11-17-54_Prat_Urgency_group2/box04/mic/20251027_121500.WAV,20251027_121500_subject098_078,098_078,F,EtOH_Control,112803
/datastar/behavior_rooms/2CAP/2025-10-27_11-17-54_Prat_Urgency_group2/pi-data_2025-10-27_11-17-54_Prat_Urgency_group2/box04/mic/20251027_122000.WAV,20251027_122000_subject098_078,098_078,F,EtOH_Control,112803
/datastar/behavior_rooms/2CAP/2025-10-27_11-17-54_Prat_Urgency_group2/pi-data_2025-10-27_11-17-54_Prat_Urgency_group2/box04/mic/20251027_122500.WAV,20251027_122500_subject098_078,098_078,F,EtOH_Control,112803
/datastar/behavior_rooms/2CAP/2025-10-27_11-17-54_Prat_Urgency_group2/pi-data_2025-10-27_11-17-54_Prat_Urgency_group2/box04/mic/20251027_123000.WAV,20251027_123000_subject098_078,098_078,F,EtOH_Control,112803
/datastar/behavior_rooms/2CAP/2025-10-27_11-17-54_Prat_Urgency_group2/pi-data_2025-10-27_11-17-54_Prat_Urgency_group2/box04/mic/20251027_123500.WAV,20251027_123500_subject098_078,098_078,F,EtOH_Control,112803
/datastar/behavior_rooms/2CAP/2025-10-27_12-54-33_Prat_Urgency_group3/pi-data_2025-10-27_12-54-33_Prat_Urgency_group3/box05/mic/20251027_130236.WAV,20251027_130236_subject059,059,M,Control,130656
/datastar/behavior_rooms/2CAP/2025-10-27_12-54-33_Prat_Urgency_group3/pi-data_2025-10-27_12-54-33_Prat_Urgency_group3/box05/mic/20251027_130500.WAV,20251027_130500_subject059,059,M,Control,130656
/datastar/behavior_rooms/2CAP/2025-10-27_12-54-33_Prat_Urgency_group3/pi-data_2025-10-27_12-54-33_Prat_Urgency_group3/box05/mic/20251027_131000.WAV,20251027_131000_subject059,059,M,Control,130656
/datastar/behavior_rooms/2CAP/2025-10-27_12-54-33_Prat_Urgency_group3/pi-data_2025-10-27_12-54-33_Prat_Urgency_group3/box05/mic/20251027_131500.WAV,20251027_131500_subject059,059,M,Control,130656
/datastar/behavior_rooms/2CAP/2025-10-27_12-54-33_Prat_Urgency_group3/pi-data_2025-10-27_12-54-33_Prat_Urgency_group3/box05/mic/20251027_132000.WAV,20251027_132000_subject059,059,M,Control,130656
/datastar/behavior_rooms/2CAP/2025-10-27_12-54-33_Prat_Urgency_group3/pi-data_2025-10-27_12-54-33_Prat_Urgency_group3/box05/mic/20251027_132500.WAV,20251027_132500_subject059,059,M,Control,130656
/datastar/behavior_rooms/2CAP/2025-10-27_12-54-33_Prat_Urgency_group3/pi-data_2025-10-27_12-54-33_Prat_Urgency_group3/box05/mic/20251027_133000.WAV,20251027_133000_subject059,059,M,Control,130656
/datastar/behavior_rooms/2CAP/2025-10-27_12-54-33_Prat_Urgency_group3/pi-data_2025-10-27_12-54-33_Prat_Urgency_group3/box05/mic/20251027_133500.WAV,20251027_133500_subject059,059,M,Control,130656
/datastar/behavior_rooms/2CAP/2025-10-27_12-54-33_Prat_Urgency_group3/pi-data_2025-10-27_12-54-33_Prat_Urgency_group3/box05/mic/20251027_134000.WAV,20251027_134000_subject059,059,M,Control,130656
/datastar/behavior_rooms/2CAP/2025-10-27_12-54-33_Prat_Urgency_group3/pi-data_2025-10-27_12-54-33_Prat_Urgency_group3/box05/mic/20251027_134500.WAV,20251027_134500_subject059,059,M,Control,130656
/datastar/behavior_rooms/2CAP/2025-10-27_12-54-33_Prat_Urgency_group3/pi-data_2025-10-27_12-54-33_Prat_Urgency_group3/box05/mic/20251027_135000.WAV,20251027_135000_subject059,059,M,Control,130656
/datastar/behavior_rooms/2CAP/2025-10-27_12-54-33_Prat_Urgency_group3/pi-data_2025-10-27_12-54-33_Prat_Urgency_group3/box05/mic/20251027_135500.WAV,20251027_135500_subject059,059,M,Control,130656
/datastar/behavior_rooms/2CAP/2025-10-27_12-54-33_Prat_Urgency_group3/pi-data_2025-10-27_12-54-33_Prat_Urgency_group3/box05/mic/20251027_140000.WAV,20251027_140000_subject059,059,M,Control,130656
/datastar/behavior_rooms/2CAP/2025-10-27_12-54-33_Prat_Urgency_group3/pi-data_2025-10-27_12-54-33_Prat_Urgency_group3/box05/mic/20251027_140500.WAV,20251027_140500_subject059,059,M,Control,130656
/datastar/behavior_rooms/2CAP/2025-10-27_12-54-33_Prat_Urgency_group3/pi-data_2025-10-27_12-54-33_Prat_Urgency_group3/box04/mic/20251027_130235.WAV,20251027_130235_subject061_089,061_089,M,Control_EtOH,130618
/datastar/behavior_rooms/2CAP/2025-10-27_12-54-33_Prat_Urgency_group3/pi-data_2025-10-27_12-54-33_Prat_Urgency_group3/box04/mic/20251027_130500.WAV,20251027_130500_subject061_089,061_089,M,Control_EtOH,130618
/datastar/behavior_rooms/2CAP/2025-10-27_12-54-33_Prat_Urgency_group3/pi-data_2025-10-27_12-54-33_Prat_Urgency_group3/box04/mic/20251027_131000.WAV,20251027_131000_subject061_089,061_089,M,Control_EtOH,130618
/datastar/behavior_rooms/2CAP/2025-10-27_12-54-33_Prat_Urgency_group3/pi-data_2025-10-27_12-54-33_Prat_Urgency_group3/box04/mic/20251027_131500.WAV,20251027_131500_subject061_089,061_089,M,Control_EtOH,130618
/datastar/behavior_rooms/2CAP/2025-10-27_12-54-33_Prat_Urgency_group3/pi-data_2025-10-27_12-54-33_Prat_Urgency_group3/box04/mic/20251027_132000.WAV,20251027_132000_subject061_089,061_089,M,Control_EtOH,130618
/datastar/behavior_rooms/2CAP/2025-10-27_12-54-33_Prat_Urgency_group3/pi-data_2025-10-27_12-54-33_Prat_Urgency_group3/box04/mic/20251027_132500.WAV,20251027_132500_subject061_089,061_089,M,Control_EtOH,130618
/datastar/behavior_rooms/2CAP/2025-10-27_12-54-33_Prat_Urgency_group3/pi-data_2025-10-27_12-54-33_Prat_Urgency_group3/box04/mic/20251027_133000.WAV,20251027_133000_subject061_089,061_089,M,Control_EtOH,130618
/datastar/behavior_rooms/2CAP/2025-10-27_12-54-33_Prat_Urgency_group3/pi-data_2025-10-27_12-54-33_Prat_Urgency_group3/box04/mic/20251027_133500.WAV,20251027_133500_subject061_089,061_089,M,Control_EtOH,130618
/datastar/behavior_rooms/2CAP/2025-10-27_12-54-33_Prat_Urgency_group3/pi-data_2025-10-27_12-54-33_Prat_Urgency_group3/box04/mic/20251027_134000.WAV,20251027_134000_subject061_089,061_089,M,Control_EtOH,130618
/datastar/behavior_rooms/2CAP/2025-10-27_12-54-33_Prat_Urgency_group3/pi-data_2025-10-27_12-54-33_Prat_Urgency_group3/box04/mic/20251027_134500.WAV,20251027_134500_subject061_089,061_089,M,Control_EtOH,130618
/datastar/behavior_rooms/2CAP/2025-10-27_12-54-33_Prat_Urgency_group3/pi-data_2025-10-27_12-54-33_Prat_Urgency_group3/box04/mic/20251027_135000.WAV,20251027_135000_subject061_089,061_089,M,Control_EtOH,130618
/datastar/behavior_rooms/2CAP/2025-10-27_12-54-33_Prat_Urgency_group3/pi-data_2025-10-27_12-54-33_Prat_Urgency_group3/box04/mic/20251027_135500.WAV,20251027_135500_subject061_089,061_089,M,Control_EtOH,130618
/datastar/behavior_rooms/2CAP/2025-10-27_12-54-33_Prat_Urgency_group3/pi-data_2025-10-27_12-54-33_Prat_Urgency_group3/box04/mic/20251027_140000.WAV,20251027_140000_subject061_089,061_089,M,Control_EtOH,130618
/datastar/behavior_rooms/2CAP/2025-10-27_12-54-33_Prat_Urgency_group3/pi-data_2025-10-27_12-54-33_Prat_Urgency_group3/box04/mic/20251027_140500.WAV,20251027_140500_subject061_089,061_089,M,Control_EtOH,130618
/datastar/behavior_rooms/2CAP/2025-10-27_12-54-33_Prat_Urgency_group3/pi-data_2025-10-27_12-54-33_Prat_Urgency_group3/box03/mic/20251027_130236.WAV,20251027_130236_subject065_085,065_085,M,Control_EtOH,130524
/datastar/behavior_rooms/2CAP/2025-10-27_12-54-33_Prat_Urgency_group3/pi-data_2025-10-27_12-54-33_Prat_Urgency_group3/box03/mic/20251027_130500.WAV,20251027_130500_subject065_085,065_085,M,Control_EtOH,130524
/datastar/behavior_rooms/2CAP/2025-10-27_12-54-33_Prat_Urgency_group3/pi-data_2025-10-27_12-54-33_Prat_Urgency_group3/box03/mic/20251027_131000.WAV,20251027_131000_subject065_085,065_085,M,Control_EtOH,130524
/datastar/behavior_rooms/2CAP/2025-10-27_12-54-33_Prat_Urgency_group3/pi-data_2025-10-27_12-54-33_Prat_Urgency_group3/box03/mic/20251027_131500.WAV,20251027_131500_subject065_085,065_085,M,Control_EtOH,130524
/datastar/behavior_rooms/2CAP/2025-10-27_12-54-33_Prat_Urgency_group3/pi-data_2025-10-27_12-54-33_Prat_Urgency_group3/box03/mic/20251027_132000.WAV,20251027_132000_subject065_085,065_085,M,Control_EtOH,130524
/datastar/behavior_rooms/2CAP/2025-10-27_12-54-33_Prat_Urgency_group3/pi-data_2025-10-27_12-54-33_Prat_Urgency_group3/box03/mic/20251027_132500.WAV,20251027_132500_subject065_085,065_085,M,Control_EtOH,130524
/datastar/behavior_rooms/2CAP/2025-10-27_12-54-33_Prat_Urgency_group3/pi-data_2025-10-27_12-54-33_Prat_Urgency_group3/box03/mic/20251027_133000.WAV,20251027_133000_subject065_085,065_085,M,Control_EtOH,130524
/datastar/behavior_rooms/2CAP/2025-10-27_12-54-33_Prat_Urgency_group3/pi-data_2025-10-27_12-54-33_Prat_Urgency_group3/box03/mic/20251027_133500.WAV,20251027_133500_subject065_085,065_085,M,Control_EtOH,130524
/datastar/behavior_rooms/2CAP/2025-10-27_12-54-33_Prat_Urgency_group3/pi-data_2025-10-27_12-54-33_Prat_Urgency_group3/box03/mic/20251027_134000.WAV,20251027_134000_subject065_085,065_085,M,Control_EtOH,130524
/datastar/behavior_rooms/2CAP/2025-10-27_12-54-33_Prat_Urgency_group3/pi-data_2025-10-27_12-54-33_Prat_Urgency_group3/box03/mic/20251027_134500.WAV,20251027_134500_subject065_085,065_085,M,Control_EtOH,130524
/datastar/behavior_rooms/2CAP/2025-10-27_12-54-33_Prat_Urgency_group3/pi-data_2025-10-27_12-54-33_Prat_Urgency_group3/box03/mic/20251027_135000.WAV,20251027_135000_subject065_085,065_085,M,Control_EtOH,130524
/datastar/behavior_rooms/2CAP/2025-10-27_12-54-33_Prat_Urgency_group3/pi-data_2025-10-27_12-54-33_Prat_Urgency_group3/box03/mic/20251027_135500.WAV,20251027_135500_subject065_085,065_085,M,Control_EtOH,130524
/datastar/behavior_rooms/2CAP/2025-10-27_12-54-33_Prat_Urgency_group3/pi-data_2025-10-27_12-54-33_Prat_Urgency_group3/box03/mic/20251027_140000.WAV,20251027_140000_subject065_085,065_085,M,Control_EtOH,130524
/datastar/behavior_rooms/2CAP/2025-10-27_12-54-33_Prat_Urgency_group3/pi-data_2025-10-27_12-54-33_Prat_Urgency_group3/box03/mic/20251027_140500.WAV,20251027_140500_subject065_085,065_085,M,Control_EtOH,130524
/datastar/behavior_rooms/2CAP/2025-10-27_12-54-33_Prat_Urgency_group3/pi-data_2025-10-27_12-54-33_Prat_Urgency_group3/box02/mic/20251027_130235.WAV,20251027_130235_subject072_076,072_076,F,Control_Control,130433
/datastar/behavior_rooms/2CAP/2025-10-27_12-54-33_Prat_Urgency_group3/pi-data_2025-10-27_12-54-33_Prat_Urgency_group3/box02/mic/20251027_130500.WAV,20251027_130500_subject072_076,072_076,F,Control_Control,130433
/datastar/behavior_rooms/2CAP/2025-10-27_12-54-33_Prat_Urgency_group3/pi-data_2025-10-27_12-54-33_Prat_Urgency_group3/box02/mic/20251027_131000.WAV,20251027_131000_subject072_076,072_076,F,Control_Control,130433
/datastar/behavior_rooms/2CAP/2025-10-27_12-54-33_Prat_Urgency_group3/pi-data_2025-10-27_12-54-33_Prat_Urgency_group3/box02/mic/20251027_131500.WAV,20251027_131500_subject072_076,072_076,F,Control_Control,130433
/datastar/behavior_rooms/2CAP/2025-10-27_12-54-33_Prat_Urgency_group3/pi-data_2025-10-27_12-54-33_Prat_Urgency_group3/box02/mic/20251027_132000.WAV,20251027_132000_subject072_076,072_076,F,Control_Control,130433
/datastar/behavior_rooms/2CAP/2025-10-27_12-54-33_Prat_Urgency_group3/pi-data_2025-10-27_12-54-33_Prat_Urgency_group3/box02/mic/20251027_132500.WAV,20251027_132500_subject072_076,072_076,F,Control_Control,130433
/datastar/behavior_rooms/2CAP/2025-10-27_12-54-33_Prat_Urgency_group3/pi-data_2025-10-27_12-54-33_Prat_Urgency_group3/box02/mic/20251027_133000.WAV,20251027_133000_subject072_076,072_076,F,Control_Control,130433
/datastar/behavior_rooms/2CAP/2025-10-27_12-54-33_Prat_Urgency_group3/pi-data_2025-10-27_12-54-33_Prat_Urgency_group3/box02/mic/20251027_133500.WAV,20251027_133500_subject072_076,072_076,F,Control_Control,130433
/datastar/behavior_rooms/2CAP/2025-10-27_12-54-33_Prat_Urgency_group3/pi-data_2025-10-27_12-54-33_Prat_Urgency_group3/box02/mic/20251027_134000.WAV,20251027_134000_subject072_076,072_076,F,Control_Control,130433
/datastar/behavior_rooms/2CAP/2025-10-27_12-54-33_Prat_Urgency_group3/pi-data_2025-10-27_12-54-33_Prat_Urgency_group3/box02/mic/20251027_134500.WAV,20251027_134500_subject072_076,072_076,F,Control_Control,130433
/datastar/behavior_rooms/2CAP/2025-10-27_12-54-33_Prat_Urgency_group3/pi-data_2025-10-27_12-54-33_Prat_Urgency_group3/box02/mic/20251027_135000.WAV,20251027_135000_subject072_076,072_076,F,Control_Control,130433
/datastar/behavior_rooms/2CAP/2025-10-27_12-54-33_Prat_Urgency_group3/pi-data_2025-10-27_12-54-33_Prat_Urgency_group3/box02/mic/20251027_135500.WAV,20251027_135500_subject072_076,072_076,F,Control_Control,130433
/datastar/behavior_rooms/2CAP/2025-10-27_12-54-33_Prat_Urgency_group3/pi-data_2025-10-27_12-54-33_Prat_Urgency_group3/box02/mic/20251027_140000.WAV,20251027_140000_subject072_076,072_076,F,Control_Control,130433
/datastar/behavior_rooms/2CAP/2025-10-27_12-54-33_Prat_Urgency_group3/pi-data_2025-10-27_12-54-33_Prat_Urgency_group3/box02/mic/20251027_140500.WAV,20251027_140500_subject072_076,072_076,F,Control_Control,130433
/datastar/behavior_rooms/2CAP/2025-10-27_12-54-33_Prat_Urgency_group3/pi-data_2025-10-27_12-54-33_Prat_Urgency_group3/box06/mic/20251027_130236.WAV,20251027_130236_subject082_080,082_080,F,EtOH_EtOH,130737
/datastar/behavior_rooms/2CAP/2025-10-27_12-54-33_Prat_Urgency_group3/pi-data_2025-10-27_12-54-33_Prat_Urgency_group3/box06/mic/20251027_130500.WAV,20251027_130500_subject082_080,082_080,F,EtOH_EtOH,130737
/datastar/behavior_rooms/2CAP/2025-10-27_12-54-33_Prat_Urgency_group3/pi-data_2025-10-27_12-54-33_Prat_Urgency_group3/box06/mic/20251027_131000.WAV,20251027_131000_subject082_080,082_080,F,EtOH_EtOH,130737
/datastar/behavior_rooms/2CAP/2025-10-27_12-54-33_Prat_Urgency_group3/pi-data_2025-10-27_12-54-33_Prat_Urgency_group3/box06/mic/20251027_131500.WAV,20251027_131500_subject082_080,082_080,F,EtOH_EtOH,130737
/datastar/behavior_rooms/2CAP/2025-10-27_12-54-33_Prat_Urgency_group3/pi-data_2025-10-27_12-54-33_Prat_Urgency_group3/box06/mic/20251027_132000.WAV,20251027_132000_subject082_080,082_080,F,EtOH_EtOH,130737
/datastar/behavior_rooms/2CAP/2025-10-27_12-54-33_Prat_Urgency_group3/pi-data_2025-10-27_12-54-33_Prat_Urgency_group3/box06/mic/20251027_132500.WAV,20251027_132500_subject082_080,082_080,F,EtOH_EtOH,130737
/datastar/behavior_rooms/2CAP/2025-10-27_12-54-33_Prat_Urgency_group3/pi-data_2025-10-27_12-54-33_Prat_Urgency_group3/box06/mic/20251027_133000.WAV,20251027_133000_subject082_080,082_080,F,EtOH_EtOH,130737
/datastar/behavior_rooms/2CAP/2025-10-27_12-54-33_Prat_Urgency_group3/pi-data_2025-10-27_12-54-33_Prat_Urgency_group3/box06/mic/20251027_133500.WAV,20251027_133500_subject082_080,082_080,F,EtOH_EtOH,130737
/datastar/behavior_rooms/2CAP/2025-10-27_12-54-33_Prat_Urgency_group3/pi-data_2025-10-27_12-54-33_Prat_Urgency_group3/box06/mic/20251027_134000.WAV,20251027_134000_subject082_080,082_080,F,EtOH_EtOH,130737
/datastar/behavior_rooms/2CAP/2025-10-27_12-54-33_Prat_Urgency_group3/pi-data_2025-10-27_12-54-33_Prat_Urgency_group3/box06/mic/20251027_134500.WAV,20251027_134500_subject082_080,082_080,F,EtOH_EtOH,130737
/datastar/behavior_rooms/2CAP/2025-10-27_12-54-33_Prat_Urgency_group3/pi-data_2025-10-27_12-54-33_Prat_Urgency_group3/box06/mic/20251027_135000.WAV,20251027_135000_subject082_080,082_080,F,EtOH_EtOH,130737
/datastar/behavior_rooms/2CAP/2025-10-27_12-54-33_Prat_Urgency_group3/pi-data_2025-10-27_12-54-33_Prat_Urgency_group3/box06/mic/20251027_135500.WAV,20251027_135500_subject082_080,082_080,F,EtOH_EtOH,130737
/datastar/behavior_rooms/2CAP/2025-10-27_12-54-33_Prat_Urgency_group3/pi-data_2025-10-27_12-54-33_Prat_Urgency_group3/box06/mic/20251027_140000.WAV,20251027_140000_subject082_080,082_080,F,EtOH_EtOH,130737
/datastar/behavior_rooms/2CAP/2025-10-27_12-54-33_Prat_Urgency_group3/pi-data_2025-10-27_12-54-33_Prat_Urgency_group3/box06/mic/20251027_140500.WAV,20251027_140500_subject082_080,082_080,F,EtOH_EtOH,130737
/datastar/behavior_rooms/2CAP/2025-10-27_12-54-33_Prat_Urgency_group3/pi-data_2025-10-27_12-54-33_Prat_Urgency_group3/box01/mic/20251027_130235.WAV,20251027_130235_subject090,090,F,EtOH,130354
/datastar/behavior_rooms/2CAP/2025-10-27_12-54-33_Prat_Urgency_group3/pi-data_2025-10-27_12-54-33_Prat_Urgency_group3/box01/mic/20251027_130500.WAV,20251027_130500_subject090,090,F,EtOH,130354
/datastar/behavior_rooms/2CAP/2025-10-27_12-54-33_Prat_Urgency_group3/pi-data_2025-10-27_12-54-33_Prat_Urgency_group3/box01/mic/20251027_131000.WAV,20251027_131000_subject090,090,F,EtOH,130354
/datastar/behavior_rooms/2CAP/2025-10-27_12-54-33_Prat_Urgency_group3/pi-data_2025-10-27_12-54-33_Prat_Urgency_group3/box01/mic/20251027_131500.WAV,20251027_131500_subject090,090,F,EtOH,130354
/datastar/behavior_rooms/2CAP/2025-10-27_12-54-33_Prat_Urgency_group3/pi-data_2025-10-27_12-54-33_Prat_Urgency_group3/box01/mic/20251027_132000.WAV,20251027_132000_subject090,090,F,EtOH,130354
/datastar/behavior_rooms/2CAP/2025-10-27_12-54-33_Prat_Urgency_group3/pi-data_2025-10-27_12-54-33_Prat_Urgency_group3/box01/mic/20251027_132500.WAV,20251027_132500_subject090,090,F,EtOH,130354
/datastar/behavior_rooms/2CAP/2025-10-27_12-54-33_Prat_Urgency_group3/pi-data_2025-10-27_12-54-33_Prat_Urgency_group3/box01/mic/20251027_133000.WAV,20251027_133000_subject090,090,F,EtOH,130354
/datastar/behavior_rooms/2CAP/2025-10-27_12-54-33_Prat_Urgency_group3/pi-data_2025-10-27_12-54-33_Prat_Urgency_group3/box01/mic/20251027_133500.WAV,20251027_133500_subject090,090,F,EtOH,130354
/datastar/behavior_rooms/2CAP/2025-10-27_12-54-33_Prat_Urgency_group3/pi-data_2025-10-27_12-54-33_Prat_Urgency_group3/box01/mic/20251027_134000.WAV,20251027_134000_subject090,090,F,EtOH,130354
/datastar/behavior_rooms/2CAP/2025-10-27_12-54-33_Prat_Urgency_group3/pi-data_2025-10-27_12-54-33_Prat_Urgency_group3/box01/mic/20251027_134500.WAV,20251027_134500_subject090,090,F,EtOH,130354
/datastar/behavior_rooms/2CAP/2025-10-27_12-54-33_Prat_Urgency_group3/pi-data_2025-10-27_12-54-33_Prat_Urgency_group3/box01/mic/20251027_135000.WAV,20251027_135000_subject090,090,F,EtOH,130354
/datastar/behavior_rooms/2CAP/2025-10-27_12-54-33_Prat_Urgency_group3/pi-data_2025-10-27_12-54-33_Prat_Urgency_group3/box01/mic/20251027_135500.WAV,20251027_135500_subject090,090,F,EtOH,130354
/datastar/behavior_rooms/2CAP/2025-10-27_12-54-33_Prat_Urgency_group3/pi-data_2025-10-27_12-54-33_Prat_Urgency_group3/box01/mic/20251027_140000.WAV,20251027_140000_subject090,090,F,EtOH,130354
/datastar/behavior_rooms/2CAP/2025-10-27_12-54-33_Prat_Urgency_group3/pi-data_2025-10-27_12-54-33_Prat_Urgency_group3/box01/mic/20251027_140500.WAV,20251027_140500_subject090,090,F,EtOH,130354
/datastar/behavior_rooms/2CAP/2025-10-27_14-24-43_Prat_Urgency_group4/pi-data_2025-10-27_14-24-43_Prat_Urgency_group4/box03/mic/20251027_143250.WAV,20251027_143250_subject060_062,060_062,F,Control_Control,143528
/datastar/behavior_rooms/2CAP/2025-10-27_14-24-43_Prat_Urgency_group4/pi-data_2025-10-27_14-24-43_Prat_Urgency_group4/box03/mic/20251027_143500.WAV,20251027_143500_subject060_062,060_062,F,Control_Control,143528
/datastar/behavior_rooms/2CAP/2025-10-27_14-24-43_Prat_Urgency_group4/pi-data_2025-10-27_14-24-43_Prat_Urgency_group4/box03/mic/20251027_144000.WAV,20251027_144000_subject060_062,060_062,F,Control_Control,143528
/datastar/behavior_rooms/2CAP/2025-10-27_14-24-43_Prat_Urgency_group4/pi-data_2025-10-27_14-24-43_Prat_Urgency_group4/box03/mic/20251027_144500.WAV,20251027_144500_subject060_062,060_062,F,Control_Control,143528
/datastar/behavior_rooms/2CAP/2025-10-27_14-24-43_Prat_Urgency_group4/pi-data_2025-10-27_14-24-43_Prat_Urgency_group4/box03/mic/20251027_145000.WAV,20251027_145000_subject060_062,060_062,F,Control_Control,143528
/datastar/behavior_rooms/2CAP/2025-10-27_14-24-43_Prat_Urgency_group4/pi-data_2025-10-27_14-24-43_Prat_Urgency_group4/box03/mic/20251027_145500.WAV,20251027_145500_subject060_062,060_062,F,Control_Control,143528
/datastar/behavior_rooms/2CAP/2025-10-27_14-24-43_Prat_Urgency_group4/pi-data_2025-10-27_14-24-43_Prat_Urgency_group4/box03/mic/20251027_150000.WAV,20251027_150000_subject060_062,060_062,F,Control_Control,143528
/datastar/behavior_rooms/2CAP/2025-10-27_14-24-43_Prat_Urgency_group4/pi-data_2025-10-27_14-24-43_Prat_Urgency_group4/box03/mic/20251027_150500.WAV,20251027_150500_subject060_062,060_062,F,Control_Control,143528
/datastar/behavior_rooms/2CAP/2025-10-27_14-24-43_Prat_Urgency_group4/pi-data_2025-10-27_14-24-43_Prat_Urgency_group4/box03/mic/20251027_151000.WAV,20251027_151000_subject060_062,060_062,F,Control_Control,143528
/datastar/behavior_rooms/2CAP/2025-10-27_14-24-43_Prat_Urgency_group4/pi-data_2025-10-27_14-24-43_Prat_Urgency_group4/box03/mic/20251027_151500.WAV,20251027_151500_subject060_062,060_062,F,Control_Control,143528
/datastar/behavior_rooms/2CAP/2025-10-27_14-24-43_Prat_Urgency_group4/pi-data_2025-10-27_14-24-43_Prat_Urgency_group4/box03/mic/20251027_152000.WAV,20251027_152000_subject060_062,060_062,F,Control_Control,143528
/datastar/behavior_rooms/2CAP/2025-10-27_14-24-43_Prat_Urgency_group4/pi-data_2025-10-27_14-24-43_Prat_Urgency_group4/box03/mic/20251027_152500.WAV,20251027_152500_subject060_062,060_062,F,Control_Control,143528
/datastar/behavior_rooms/2CAP/2025-10-27_14-24-43_Prat_Urgency_group4/pi-data_2025-10-27_14-24-43_Prat_Urgency_group4/box03/mic/20251027_153000.WAV,20251027_153000_subject060_062,060_062,F,Control_Control,143528
/datastar/behavior_rooms/2CAP/2025-10-27_14-24-43_Prat_Urgency_group4/pi-data_2025-10-27_14-24-43_Prat_Urgency_group4/box03/mic/20251027_153500.WAV,20251027_153500_subject060_062,060_062,F,Control_Control,143528
/datastar/behavior_rooms/2CAP/2025-10-27_14-24-43_Prat_Urgency_group4/pi-data_2025-10-27_14-24-43_Prat_Urgency_group4/box02/mic/20251027_143251.WAV,20251027_143251_subject067_091,067_091,M,Control_EtOH,143453
/datastar/behavior_rooms/2CAP/2025-10-27_14-24-43_Prat_Urgency_group4/pi-data_2025-10-27_14-24-43_Prat_Urgency_group4/box02/mic/20251027_143500.WAV,20251027_143500_subject067_091,067_091,M,Control_EtOH,143453
/datastar/behavior_rooms/2CAP/2025-10-27_14-24-43_Prat_Urgency_group4/pi-data_2025-10-27_14-24-43_Prat_Urgency_group4/box02/mic/20251027_144000.WAV,20251027_144000_subject067_091,067_091,M,Control_EtOH,143453
/datastar/behavior_rooms/2CAP/2025-10-27_14-24-43_Prat_Urgency_group4/pi-data_2025-10-27_14-24-43_Prat_Urgency_group4/box02/mic/20251027_144500.WAV,20251027_144500_subject067_091,067_091,M,Control_EtOH,143453
/datastar/behavior_rooms/2CAP/2025-10-27_14-24-43_Prat_Urgency_group4/pi-data_2025-10-27_14-24-43_Prat_Urgency_group4/box02/mic/20251027_145000.WAV,20251027_145000_subject067_091,067_091,M,Control_EtOH,143453
/datastar/behavior_rooms/2CAP/2025-10-27_14-24-43_Prat_Urgency_group4/pi-data_2025-10-27_14-24-43_Prat_Urgency_group4/box02/mic/20251027_145500.WAV,20251027_145500_subject067_091,067_091,M,Control_EtOH,143453
/datastar/behavior_rooms/2CAP/2025-10-27_14-24-43_Prat_Urgency_group4/pi-data_2025-10-27_14-24-43_Prat_Urgency_group4/box02/mic/20251027_150000.WAV,20251027_150000_subject067_091,067_091,M,Control_EtOH,143453
/datastar/behavior_rooms/2CAP/2025-10-27_14-24-43_Prat_Urgency_group4/pi-data_2025-10-27_14-24-43_Prat_Urgency_group4/box02/mic/20251027_150500.WAV,20251027_150500_subject067_091,067_091,M,Control_EtOH,143453
/datastar/behavior_rooms/2CAP/2025-10-27_14-24-43_Prat_Urgency_group4/pi-data_2025-10-27_14-24-43_Prat_Urgency_group4/box02/mic/20251027_151000.WAV,20251027_151000_subject067_091,067_091,M,Control_EtOH,143453
/datastar/behavior_rooms/2CAP/2025-10-27_14-24-43_Prat_Urgency_group4/pi-data_2025-10-27_14-24-43_Prat_Urgency_group4/box02/mic/20251027_151500.WAV,20251027_151500_subject067_091,067_091,M,Control_EtOH,143453
/datastar/behavior_rooms/2CAP/2025-10-27_14-24-43_Prat_Urgency_group4/pi-data_2025-10-27_14-24-43_Prat_Urgency_group4/box02/mic/20251027_152000.WAV,20251027_152000_subject067_091,067_091,M,Control_EtOH,143453
/datastar/behavior_rooms/2CAP/2025-10-27_14-24-43_Prat_Urgency_group4/pi-data_2025-10-27_14-24-43_Prat_Urgency_group4/box02/mic/20251027_152500.WAV,20251027_152500_subject067_091,067_091,M,Control_EtOH,143453
/datastar/behavior_rooms/2CAP/2025-10-27_14-24-43_Prat_Urgency_group4/pi-data_2025-10-27_14-24-43_Prat_Urgency_group4/box02/mic/20251027_153000.WAV,20251027_153000_subject067_091,067_091,M,Control_EtOH,143453
/datastar/behavior_rooms/2CAP/2025-10-27_14-24-43_Prat_Urgency_group4/pi-data_2025-10-27_14-24-43_Prat_Urgency_group4/box02/mic/20251027_153500.WAV,20251027_153500_subject067_091,067_091,M,Control_EtOH,143453
/datastar/behavior_rooms/2CAP/2025-10-27_14-24-43_Prat_Urgency_group4/pi-data_2025-10-27_14-24-43_Prat_Urgency_group4/box01/mic/20251027_143250.WAV,20251027_143250_subject069_073,069_073,M,Control_Control,143413
/datastar/behavior_rooms/2CAP/2025-10-27_14-24-43_Prat_Urgency_group4/pi-data_2025-10-27_14-24-43_Prat_Urgency_group4/box01/mic/20251027_143500.WAV,20251027_143500_subject069_073,069_073,M,Control_Control,143413
/datastar/behavior_rooms/2CAP/2025-10-27_14-24-43_Prat_Urgency_group4/pi-data_2025-10-27_14-24-43_Prat_Urgency_group4/box01/mic/20251027_144000.WAV,20251027_144000_subject069_073,069_073,M,Control_Control,143413
/datastar/behavior_rooms/2CAP/2025-10-27_14-24-43_Prat_Urgency_group4/pi-data_2025-10-27_14-24-43_Prat_Urgency_group4/box01/mic/20251027_144500.WAV,20251027_144500_subject069_073,069_073,M,Control_Control,143413
/datastar/behavior_rooms/2CAP/2025-10-27_14-24-43_Prat_Urgency_group4/pi-data_2025-10-27_14-24-43_Prat_Urgency_group4/box01/mic/20251027_145000.WAV,20251027_145000_subject069_073,069_073,M,Control_Control,143413
/datastar/behavior_rooms/2CAP/2025-10-27_14-24-43_Prat_Urgency_group4/pi-data_2025-10-27_14-24-43_Prat_Urgency_group4/box01/mic/20251027_145500.WAV,20251027_145500_subject069_073,069_073,M,Control_Control,143413
/datastar/behavior_rooms/2CAP/2025-10-27_14-24-43_Prat_Urgency_group4/pi-data_2025-10-27_14-24-43_Prat_Urgency_group4/box01/mic/20251027_150000.WAV,20251027_150000_subject069_073,069_073,M,Control_Control,143413
/datastar/behavior_rooms/2CAP/2025-10-27_14-24-43_Prat_Urgency_group4/pi-data_2025-10-27_14-24-43_Prat_Urgency_group4/box01/mic/20251027_150500.WAV,20251027_150500_subject069_073,069_073,M,Control_Control,143413
/datastar/behavior_rooms/2CAP/2025-10-27_14-24-43_Prat_Urgency_group4/pi-data_2025-10-27_14-24-43_Prat_Urgency_group4/box01/mic/20251027_151000.WAV,20251027_151000_subject069_073,069_073,M,Control_Control,143413
/datastar/behavior_rooms/2CAP/2025-10-27_14-24-43_Prat_Urgency_group4/pi-data_2025-10-27_14-24-43_Prat_Urgency_group4/box01/mic/20251027_151500.WAV,20251027_151500_subject069_073,069_073,M,Control_Control,143413
/datastar/behavior_rooms/2CAP/2025-10-27_14-24-43_Prat_Urgency_group4/pi-data_2025-10-27_14-24-43_Prat_Urgency_group4/box01/mic/20251027_152000.WAV,20251027_152000_subject069_073,069_073,M,Control_Control,143413
/datastar/behavior_rooms/2CAP/2025-10-27_14-24-43_Prat_Urgency_group4/pi-data_2025-10-27_14-24-43_Prat_Urgency_group4/box01/mic/20251027_152500.WAV,20251027_152500_subject069_073,069_073,M,Control_Control,143413
/datastar/behavior_rooms/2CAP/2025-10-27_14-24-43_Prat_Urgency_group4/pi-data_2025-10-27_14-24-43_Prat_Urgency_group4/box01/mic/20251027_153000.WAV,20251027_153000_subject069_073,069_073,M,Control_Control,143413
/datastar/behavior_rooms/2CAP/2025-10-27_14-24-43_Prat_Urgency_group4/pi-data_2025-10-27_14-24-43_Prat_Urgency_group4/box01/mic/20251027_153500.WAV,20251027_153500_subject069_073,069_073,M,Control_Control,143413
/datastar/behavior_rooms/2CAP/2025-10-27_14-24-43_Prat_Urgency_group4/pi-data_2025-10-27_14-24-43_Prat_Urgency_group4/box04/mic/20251027_143250.WAV,20251027_143250_subject084_096,084_096,F,EtOH_EtOH,143609
/datastar/behavior_rooms/2CAP/2025-10-27_14-24-43_Prat_Urgency_group4/pi-data_2025-10-27_14-24-43_Prat_Urgency_group4/box04/mic/20251027_143500.WAV,20251027_143500_subject084_096,084_096,F,EtOH_EtOH,143609
/datastar/behavior_rooms/2CAP/2025-10-27_14-24-43_Prat_Urgency_group4/pi-data_2025-10-27_14-24-43_Prat_Urgency_group4/box04/mic/20251027_144000.WAV,20251027_144000_subject084_096,084_096,F,EtOH_EtOH,143609
/datastar/behavior_rooms/2CAP/2025-10-27_14-24-43_Prat_Urgency_group4/pi-data_2025-10-27_14-24-43_Prat_Urgency_group4/box04/mic/20251027_144500.WAV,20251027_144500_subject084_096,084_096,F,EtOH_EtOH,143609
/datastar/behavior_rooms/2CAP/2025-10-27_14-24-43_Prat_Urgency_group4/pi-data_2025-10-27_14-24-43_Prat_Urgency_group4/box04/mic/20251027_145000.WAV,20251027_145000_subject084_096,084_096,F,EtOH_EtOH,143609
/datastar/behavior_rooms/2CAP/2025-10-27_14-24-43_Prat_Urgency_group4/pi-data_2025-10-27_14-24-43_Prat_Urgency_group4/box04/mic/20251027_145500.WAV,20251027_145500_subject084_096,084_096,F,EtOH_EtOH,143609
/datastar/behavior_rooms/2CAP/2025-10-27_14-24-43_Prat_Urgency_group4/pi-data_2025-10-27_14-24-43_Prat_Urgency_group4/box04/mic/20251027_150000.WAV,20251027_150000_subject084_096,084_096,F,EtOH_EtOH,143609
/datastar/behavior_rooms/2CAP/2025-10-27_14-24-43_Prat_Urgency_group4/pi-data_2025-10-27_14-24-43_Prat_Urgency_group4/box04/mic/20251027_150500.WAV,20251027_150500_subject084_096,084_096,F,EtOH_EtOH,143609
/datastar/behavior_rooms/2CAP/2025-10-27_14-24-43_Prat_Urgency_group4/pi-data_2025-10-27_14-24-43_Prat_Urgency_group4/box04/mic/20251027_151000.WAV,20251027_151000_subject084_096,084_096,F,EtOH_EtOH,143609
/datastar/behavior_rooms/2CAP/2025-10-27_14-24-43_Prat_Urgency_group4/pi-data_2025-10-27_14-24-43_Prat_Urgency_group4/box04/mic/20251027_151500.WAV,20251027_151500_subject084_096,084_096,F,EtOH_EtOH,143609
/datastar/behavior_rooms/2CAP/2025-10-27_14-24-43_Prat_Urgency_group4/pi-data_2025-10-27_14-24-43_Prat_Urgency_group4/box04/mic/20251027_152000.WAV,20251027_152000_subject084_096,084_096,F,EtOH_EtOH,143609
/datastar/behavior_rooms/2CAP/2025-10-27_14-24-43_Prat_Urgency_group4/pi-data_2025-10-27_14-24-43_Prat_Urgency_group4/box04/mic/20251027_152500.WAV,20251027_152500_subject084_096,084_096,F,EtOH_EtOH,143609
/datastar/behavior_rooms/2CAP/2025-10-27_14-24-43_Prat_Urgency_group4/pi-data_2025-10-27_14-24-43_Prat_Urgency_group4/box04/mic/20251027_153000.WAV,20251027_153000_subject084_096,084_096,F,EtOH_EtOH,143609
/datastar/behavior_rooms/2CAP/2025-10-27_14-24-43_Prat_Urgency_group4/pi-data_2025-10-27_14-24-43_Prat_Urgency_group4/box04/mic/20251027_153500.WAV,20251027_153500_subject084_096,084_096,F,EtOH_EtOH,143609
/datastar/behavior_rooms/2CAP/2025-10-27_14-24-43_Prat_Urgency_group4/pi-data_2025-10-27_14-24-43_Prat_Urgency_group4/box06/mic/20251027_143250.WAV,20251027_143250_subject086_092,086_092,F,EtOH_EtOH,143651
/datastar/behavior_rooms/2CAP/2025-10-27_14-24-43_Prat_Urgency_group4/pi-data_2025-10-27_14-24-43_Prat_Urgency_group4/box06/mic/20251027_143500.WAV,20251027_143500_subject086_092,086_092,F,EtOH_EtOH,143651
/datastar/behavior_rooms/2CAP/2025-10-27_14-24-43_Prat_Urgency_group4/pi-data_2025-10-27_14-24-43_Prat_Urgency_group4/box06/mic/20251027_144000.WAV,20251027_144000_subject086_092,086_092,F,EtOH_EtOH,143651
/datastar/behavior_rooms/2CAP/2025-10-27_14-24-43_Prat_Urgency_group4/pi-data_2025-10-27_14-24-43_Prat_Urgency_group4/box06/mic/20251027_144500.WAV,20251027_144500_subject086_092,086_092,F,EtOH_EtOH,143651
/datastar/behavior_rooms/2CAP/2025-10-27_14-24-43_Prat_Urgency_group4/pi-data_2025-10-27_14-24-43_Prat_Urgency_group4/box06/mic/20251027_145000.WAV,20251027_145000_subject086_092,086_092,F,EtOH_EtOH,143651
/datastar/behavior_rooms/2CAP/2025-10-27_14-24-43_Prat_Urgency_group4/pi-data_2025-10-27_14-24-43_Prat_Urgency_group4/box06/mic/20251027_145500.WAV,20251027_145500_subject086_092,086_092,F,EtOH_EtOH,143651
/datastar/behavior_rooms/2CAP/2025-10-27_14-24-43_Prat_Urgency_group4/pi-data_2025-10-27_14-24-43_Prat_Urgency_group4/box06/mic/20251027_150000.WAV,20251027_150000_subject086_092,086_092,F,EtOH_EtOH,143651
/datastar/behavior_rooms/2CAP/2025-10-27_14-24-43_Prat_Urgency_group4/pi-data_2025-10-27_14-24-43_Prat_Urgency_group4/box06/mic/20251027_150500.WAV,20251027_150500_subject086_092,086_092,F,EtOH_EtOH,143651
/datastar/behavior_rooms/2CAP/2025-10-27_14-24-43_Prat_Urgency_group4/pi-data_2025-10-27_14-24-43_Prat_Urgency_group4/box06/mic/20251027_151000.WAV,20251027_151000_subject086_092,086_092,F,EtOH_EtOH,143651
/datastar/behavior_rooms/2CAP/2025-10-27_14-24-43_Prat_Urgency_group4/pi-data_2025-10-27_14-24-43_Prat_Urgency_group4/box06/mic/20251027_151500.WAV,20251027_151500_subject086_092,086_092,F,EtOH_EtOH,143651
/datastar/behavior_rooms/2CAP/2025-10-27_14-24-43_Prat_Urgency_group4/pi-data_2025-10-27_14-24-43_Prat_Urgency_group4/box06/mic/20251027_152000.WAV,20251027_152000_subject086_092,086_092,F,EtOH_EtOH,143651
/datastar/behavior_rooms/2CAP/2025-10-27_14-24-43_Prat_Urgency_group4/pi-data_2025-10-27_14-24-43_Prat_Urgency_group4/box06/mic/20251027_152500.WAV,20251027_152500_subject086_092,086_092,F,EtOH_EtOH,143651
/datastar/behavior_rooms/2CAP/2025-10-27_14-24-43_Prat_Urgency_group4/pi-data_2025-10-27_14-24-43_Prat_Urgency_group4/box06/mic/20251027_153000.WAV,20251027_153000_subject086_092,086_092,F,EtOH_EtOH,143651
/datastar/behavior_rooms/2CAP/2025-10-27_14-24-43_Prat_Urgency_group4/pi-data_2025-10-27_14-24-43_Prat_Urgency_group4/box06/mic/20251027_153500.WAV,20251027_153500_subject086_092,086_092,F,EtOH_EtOH,143651
/datastar/behavior_rooms/2CAP/2025-10-28_09-34-44_Prat_Urgency_group1/pi-data_2025-10-28_09-34-44_Prat_Urgency_group1/box04/mic/20251028_095329.WAV,20251028_095329_subject071_077,071_077,M,Control_Control,095718
/datastar/behavior_rooms/2CAP/2025-10-28_09-34-44_Prat_Urgency_group1/pi-data_2025-10-28_09-34-44_Prat_Urgency_group1/box04/mic/20251028_095500.WAV,20251028_095500_subject071_077,071_077,M,Control_Control,095718
/datastar/behavior_rooms/2CAP/2025-10-28_09-34-44_Prat_Urgency_group1/pi-data_2025-10-28_09-34-44_Prat_Urgency_group1/box04/mic/20251028_100000.WAV,20251028_100000_subject071_077,071_077,M,Control_Control,095718
/datastar/behavior_rooms/2CAP/2025-10-28_09-34-44_Prat_Urgency_group1/pi-data_2025-10-28_09-34-44_Prat_Urgency_group1/box04/mic/20251028_100500.WAV,20251028_100500_subject071_077,071_077,M,Control_Control,095718
/datastar/behavior_rooms/2CAP/2025-10-28_09-34-44_Prat_Urgency_group1/pi-data_2025-10-28_09-34-44_Prat_Urgency_group1/box04/mic/20251028_101000.WAV,20251028_101000_subject071_077,071_077,M,Control_Control,095718
/datastar/behavior_rooms/2CAP/2025-10-28_09-34-44_Prat_Urgency_group1/pi-data_2025-10-28_09-34-44_Prat_Urgency_group1/box04/mic/20251028_101500.WAV,20251028_101500_subject071_077,071_077,M,Control_Control,095718
/datastar/behavior_rooms/2CAP/2025-10-28_09-34-44_Prat_Urgency_group1/pi-data_2025-10-28_09-34-44_Prat_Urgency_group1/box04/mic/20251028_102000.WAV,20251028_102000_subject071_077,071_077,M,Control_Control,095718
/datastar/behavior_rooms/2CAP/2025-10-28_09-34-44_Prat_Urgency_group1/pi-data_2025-10-28_09-34-44_Prat_Urgency_group1/box04/mic/20251028_102500.WAV,20251028_102500_subject071_077,071_077,M,Control_Control,095718
/datastar/behavior_rooms/2CAP/2025-10-28_09-34-44_Prat_Urgency_group1/pi-data_2025-10-28_09-34-44_Prat_Urgency_group1/box04/mic/20251028_103000.WAV,20251028_103000_subject071_077,071_077,M,Control_Control,095718
/datastar/behavior_rooms/2CAP/2025-10-28_09-34-44_Prat_Urgency_group1/pi-data_2025-10-28_09-34-44_Prat_Urgency_group1/box04/mic/20251028_103500.WAV,20251028_103500_subject071_077,071_077,M,Control_Control,095718
/datastar/behavior_rooms/2CAP/2025-10-28_09-34-44_Prat_Urgency_group1/pi-data_2025-10-28_09-34-44_Prat_Urgency_group1/box04/mic/20251028_104000.WAV,20251028_104000_subject071_077,071_077,M,Control_Control,095718
/datastar/behavior_rooms/2CAP/2025-10-28_09-34-44_Prat_Urgency_group1/pi-data_2025-10-28_09-34-44_Prat_Urgency_group1/box04/mic/20251028_104500.WAV,20251028_104500_subject071_077,071_077,M,Control_Control,095718
/datastar/behavior_rooms/2CAP/2025-10-28_09-34-44_Prat_Urgency_group1/pi-data_2025-10-28_09-34-44_Prat_Urgency_group1/box04/mic/20251028_105000.WAV,20251028_105000_subject071_077,071_077,M,Control_Control,095718
/datastar/behavior_rooms/2CAP/2025-10-28_09-34-44_Prat_Urgency_group1/pi-data_2025-10-28_09-34-44_Prat_Urgency_group1/box04/mic/20251028_105500.WAV,20251028_105500_subject071_077,071_077,M,Control_Control,095718
/datastar/behavior_rooms/2CAP/2025-10-28_09-34-44_Prat_Urgency_group1/pi-data_2025-10-28_09-34-44_Prat_Urgency_group1/box04/mic/20251028_110000.WAV,20251028_110000_subject071_077,071_077,M,Control_Control,095718
/datastar/behavior_rooms/2CAP/2025-10-28_09-34-44_Prat_Urgency_group1/pi-data_2025-10-28_09-34-44_Prat_Urgency_group1/box04/mic/20251028_110500.WAV,20251028_110500_subject071_077,071_077,M,Control_Control,095718
/datastar/behavior_rooms/2CAP/2025-10-28_09-34-44_Prat_Urgency_group1/pi-data_2025-10-28_09-34-44_Prat_Urgency_group1/box04/mic/20251028_111000.WAV,20251028_111000_subject071_077,071_077,M,Control_Control,095718
/datastar/behavior_rooms/2CAP/2025-10-28_09-34-44_Prat_Urgency_group1/pi-data_2025-10-28_09-34-44_Prat_Urgency_group1/box03/mic/20251028_095329.WAV,20251028_095329_subject075_097,075_097,M,Control_EtOH,095622
/datastar/behavior_rooms/2CAP/2025-10-28_09-34-44_Prat_Urgency_group1/pi-data_2025-10-28_09-34-44_Prat_Urgency_group1/box03/mic/20251028_095500.WAV,20251028_095500_subject075_097,075_097,M,Control_EtOH,095622
/datastar/behavior_rooms/2CAP/2025-10-28_09-34-44_Prat_Urgency_group1/pi-data_2025-10-28_09-34-44_Prat_Urgency_group1/box03/mic/20251028_100000.WAV,20251028_100000_subject075_097,075_097,M,Control_EtOH,095622
/datastar/behavior_rooms/2CAP/2025-10-28_09-34-44_Prat_Urgency_group1/pi-data_2025-10-28_09-34-44_Prat_Urgency_group1/box03/mic/20251028_100500.WAV,20251028_100500_subject075_097,075_097,M,Control_EtOH,095622
/datastar/behavior_rooms/2CAP/2025-10-28_09-34-44_Prat_Urgency_group1/pi-data_2025-10-28_09-34-44_Prat_Urgency_group1/box03/mic/20251028_101000.WAV,20251028_101000_subject075_097,075_097,M,Control_EtOH,095622
/datastar/behavior_rooms/2CAP/2025-10-28_09-34-44_Prat_Urgency_group1/pi-data_2025-10-28_09-34-44_Prat_Urgency_group1/box03/mic/20251028_101500.WAV,20251028_101500_subject075_097,075_097,M,Control_EtOH,095622
/datastar/behavior_rooms/2CAP/2025-10-28_09-34-44_Prat_Urgency_group1/pi-data_2025-10-28_09-34-44_Prat_Urgency_group1/box03/mic/20251028_102000.WAV,20251028_102000_subject075_097,075_097,M,Control_EtOH,095622
/datastar/behavior_rooms/2CAP/2025-10-28_09-34-44_Prat_Urgency_group1/pi-data_2025-10-28_09-34-44_Prat_Urgency_group1/box03/mic/20251028_102500.WAV,20251028_102500_subject075_097,075_097,M,Control_EtOH,095622
/datastar/behavior_rooms/2CAP/2025-10-28_09-34-44_Prat_Urgency_group1/pi-data_2025-10-28_09-34-44_Prat_Urgency_group1/box03/mic/20251028_103000.WAV,20251028_103000_subject075_097,075_097,M,Control_EtOH,095622
/datastar/behavior_rooms/2CAP/2025-10-28_09-34-44_Prat_Urgency_group1/pi-data_2025-10-28_09-34-44_Prat_Urgency_group1/box03/mic/20251028_103500.WAV,20251028_103500_subject075_097,075_097,M,Control_EtOH,095622
/datastar/behavior_rooms/2CAP/2025-10-28_09-34-44_Prat_Urgency_group1/pi-data_2025-10-28_09-34-44_Prat_Urgency_group1/box03/mic/20251028_104000.WAV,20251028_104000_subject075_097,075_097,M,Control_EtOH,095622
/datastar/behavior_rooms/2CAP/2025-10-28_09-34-44_Prat_Urgency_group1/pi-data_2025-10-28_09-34-44_Prat_Urgency_group1/box03/mic/20251028_104500.WAV,20251028_104500_subject075_097,075_097,M,Control_EtOH,095622
/datastar/behavior_rooms/2CAP/2025-10-28_09-34-44_Prat_Urgency_group1/pi-data_2025-10-28_09-34-44_Prat_Urgency_group1/box03/mic/20251028_105000.WAV,20251028_105000_subject075_097,075_097,M,Control_EtOH,095622
/datastar/behavior_rooms/2CAP/2025-10-28_09-34-44_Prat_Urgency_group1/pi-data_2025-10-28_09-34-44_Prat_Urgency_group1/box03/mic/20251028_105500.WAV,20251028_105500_subject075_097,075_097,M,Control_EtOH,095622
/datastar/behavior_rooms/2CAP/2025-10-28_09-34-44_Prat_Urgency_group1/pi-data_2025-10-28_09-34-44_Prat_Urgency_group1/box03/mic/20251028_110000.WAV,20251028_110000_subject075_097,075_097,M,Control_EtOH,095622
/datastar/behavior_rooms/2CAP/2025-10-28_09-34-44_Prat_Urgency_group1/pi-data_2025-10-28_09-34-44_Prat_Urgency_group1/box03/mic/20251028_110500.WAV,20251028_110500_subject075_097,075_097,M,Control_EtOH,095622
/datastar/behavior_rooms/2CAP/2025-10-28_09-34-44_Prat_Urgency_group1/pi-data_2025-10-28_09-34-44_Prat_Urgency_group1/box03/mic/20251028_111000.WAV,20251028_111000_subject075_097,075_097,M,Control_EtOH,095622
/datastar/behavior_rooms/2CAP/2025-10-28_09-34-44_Prat_Urgency_group1/pi-data_2025-10-28_09-34-44_Prat_Urgency_group1/box02/mic/20251028_095329.WAV,20251028_095329_subject078_074,078_074,F,Control_Control,095536
/datastar/behavior_rooms/2CAP/2025-10-28_09-34-44_Prat_Urgency_group1/pi-data_2025-10-28_09-34-44_Prat_Urgency_group1/box02/mic/20251028_095500.WAV,20251028_095500_subject078_074,078_074,F,Control_Control,095536
/datastar/behavior_rooms/2CAP/2025-10-28_09-34-44_Prat_Urgency_group1/pi-data_2025-10-28_09-34-44_Prat_Urgency_group1/box02/mic/20251028_100000.WAV,20251028_100000_subject078_074,078_074,F,Control_Control,095536
/datastar/behavior_rooms/2CAP/2025-10-28_09-34-44_Prat_Urgency_group1/pi-data_2025-10-28_09-34-44_Prat_Urgency_group1/box02/mic/20251028_100500.WAV,20251028_100500_subject078_074,078_074,F,Control_Control,095536
/datastar/behavior_rooms/2CAP/2025-10-28_09-34-44_Prat_Urgency_group1/pi-data_2025-10-28_09-34-44_Prat_Urgency_group1/box02/mic/20251028_101000.WAV,20251028_101000_subject078_074,078_074,F,Control_Control,095536
/datastar/behavior_rooms/2CAP/2025-10-28_09-34-44_Prat_Urgency_group1/pi-data_2025-10-28_09-34-44_Prat_Urgency_group1/box02/mic/20251028_101500.WAV,20251028_101500_subject078_074,078_074,F,Control_Control,095536
/datastar/behavior_rooms/2CAP/2025-10-28_09-34-44_Prat_Urgency_group1/pi-data_2025-10-28_09-34-44_Prat_Urgency_group1/box02/mic/20251028_102000.WAV,20251028_102000_subject078_074,078_074,F,Control_Control,095536
/datastar/behavior_rooms/2CAP/2025-10-28_09-34-44_Prat_Urgency_group1/pi-data_2025-10-28_09-34-44_Prat_Urgency_group1/box02/mic/20251028_102500.WAV,20251028_102500_subject078_074,078_074,F,Control_Control,095536
/datastar/behavior_rooms/2CAP/2025-10-28_09-34-44_Prat_Urgency_group1/pi-data_2025-10-28_09-34-44_Prat_Urgency_group1/box02/mic/20251028_103000.WAV,20251028_103000_subject078_074,078_074,F,Control_Control,095536
/datastar/behavior_rooms/2CAP/2025-10-28_09-34-44_Prat_Urgency_group1/pi-data_2025-10-28_09-34-44_Prat_Urgency_group1/box02/mic/20251028_103500.WAV,20251028_103500_subject078_074,078_074,F,Control_Control,095536
/datastar/behavior_rooms/2CAP/2025-10-28_09-34-44_Prat_Urgency_group1/pi-data_2025-10-28_09-34-44_Prat_Urgency_group1/box02/mic/20251028_104000.WAV,20251028_104000_subject078_074,078_074,F,Control_Control,095536
/datastar/behavior_rooms/2CAP/2025-10-28_09-34-44_Prat_Urgency_group1/pi-data_2025-10-28_09-34-44_Prat_Urgency_group1/box02/mic/20251028_104500.WAV,20251028_104500_subject078_074,078_074,F,Control_Control,095536
/datastar/behavior_rooms/2CAP/2025-10-28_09-34-44_Prat_Urgency_group1/pi-data_2025-10-28_09-34-44_Prat_Urgency_group1/box02/mic/20251028_105000.WAV,20251028_105000_subject078_074,078_074,F,Control_Control,095536
/datastar/behavior_rooms/2CAP/2025-10-28_09-34-44_Prat_Urgency_group1/pi-data_2025-10-28_09-34-44_Prat_Urgency_group1/box02/mic/20251028_105500.WAV,20251028_105500_subject078_074,078_074,F,Control_Control,095536
/datastar/behavior_rooms/2CAP/2025-10-28_09-34-44_Prat_Urgency_group1/pi-data_2025-10-28_09-34-44_Prat_Urgency_group1/box02/mic/20251028_110000.WAV,20251028_110000_subject078_074,078_074,F,Control_Control,095536
/datastar/behavior_rooms/2CAP/2025-10-28_09-34-44_Prat_Urgency_group1/pi-data_2025-10-28_09-34-44_Prat_Urgency_group1/box02/mic/20251028_110500.WAV,20251028_110500_subject078_074,078_074,F,Control_Control,095536
/datastar/behavior_rooms/2CAP/2025-10-28_09-34-44_Prat_Urgency_group1/pi-data_2025-10-28_09-34-44_Prat_Urgency_group1/box02/mic/20251028_111000.WAV,20251028_111000_subject078_074,078_074,F,Control_Control,095536
/datastar/behavior_rooms/2CAP/2025-10-28_09-34-44_Prat_Urgency_group1/pi-data_2025-10-28_09-34-44_Prat_Urgency_group1/box06/mic/20251028_095328.WAV,20251028_095328_subject088_098,088_098,F,EtOH_EtOH,095753
/datastar/behavior_rooms/2CAP/2025-10-28_09-34-44_Prat_Urgency_group1/pi-data_2025-10-28_09-34-44_Prat_Urgency_group1/box06/mic/20251028_095500.WAV,20251028_095500_subject088_098,088_098,F,EtOH_EtOH,095753
/datastar/behavior_rooms/2CAP/2025-10-28_09-34-44_Prat_Urgency_group1/pi-data_2025-10-28_09-34-44_Prat_Urgency_group1/box06/mic/20251028_100000.WAV,20251028_100000_subject088_098,088_098,F,EtOH_EtOH,095753
/datastar/behavior_rooms/2CAP/2025-10-28_09-34-44_Prat_Urgency_group1/pi-data_2025-10-28_09-34-44_Prat_Urgency_group1/box06/mic/20251028_100500.WAV,20251028_100500_subject088_098,088_098,F,EtOH_EtOH,095753
/datastar/behavior_rooms/2CAP/2025-10-28_09-34-44_Prat_Urgency_group1/pi-data_2025-10-28_09-34-44_Prat_Urgency_group1/box06/mic/20251028_101000.WAV,20251028_101000_subject088_098,088_098,F,EtOH_EtOH,095753
/datastar/behavior_rooms/2CAP/2025-10-28_09-34-44_Prat_Urgency_group1/pi-data_2025-10-28_09-34-44_Prat_Urgency_group1/box06/mic/20251028_101500.WAV,20251028_101500_subject088_098,088_098,F,EtOH_EtOH,095753
/datastar/behavior_rooms/2CAP/2025-10-28_09-34-44_Prat_Urgency_group1/pi-data_2025-10-28_09-34-44_Prat_Urgency_group1/box06/mic/20251028_102000.WAV,20251028_102000_subject088_098,088_098,F,EtOH_EtOH,095753
/datastar/behavior_rooms/2CAP/2025-10-28_09-34-44_Prat_Urgency_group1/pi-data_2025-10-28_09-34-44_Prat_Urgency_group1/box06/mic/20251028_102500.WAV,20251028_102500_subject088_098,088_098,F,EtOH_EtOH,095753
/datastar/behavior_rooms/2CAP/2025-10-28_09-34-44_Prat_Urgency_group1/pi-data_2025-10-28_09-34-44_Prat_Urgency_group1/box06/mic/20251028_103000.WAV,20251028_103000_subject088_098,088_098,F,EtOH_EtOH,095753
/datastar/behavior_rooms/2CAP/2025-10-28_09-34-44_Prat_Urgency_group1/pi-data_2025-10-28_09-34-44_Prat_Urgency_group1/box06/mic/20251028_103500.WAV,20251028_103500_subject088_098,088_098,F,EtOH_EtOH,095753
/datastar/behavior_rooms/2CAP/2025-10-28_09-34-44_Prat_Urgency_group1/pi-data_2025-10-28_09-34-44_Prat_Urgency_group1/box06/mic/20251028_104000.WAV,20251028_104000_subject088_098,088_098,F,EtOH_EtOH,095753
/datastar/behavior_rooms/2CAP/2025-10-28_09-34-44_Prat_Urgency_group1/pi-data_2025-10-28_09-34-44_Prat_Urgency_group1/box06/mic/20251028_104500.WAV,20251028_104500_subject088_098,088_098,F,EtOH_EtOH,095753
/datastar/behavior_rooms/2CAP/2025-10-28_09-34-44_Prat_Urgency_group1/pi-data_2025-10-28_09-34-44_Prat_Urgency_group1/box06/mic/20251028_105000.WAV,20251028_105000_subject088_098,088_098,F,EtOH_EtOH,095753
/datastar/behavior_rooms/2CAP/2025-10-28_09-34-44_Prat_Urgency_group1/pi-data_2025-10-28_09-34-44_Prat_Urgency_group1/box06/mic/20251028_105500.WAV,20251028_105500_subject088_098,088_098,F,EtOH_EtOH,095753
/datastar/behavior_rooms/2CAP/2025-10-28_09-34-44_Prat_Urgency_group1/pi-data_2025-10-28_09-34-44_Prat_Urgency_group1/box06/mic/20251028_110000.WAV,20251028_110000_subject088_098,088_098,F,EtOH_EtOH,095753
/datastar/behavior_rooms/2CAP/2025-10-28_09-34-44_Prat_Urgency_group1/pi-data_2025-10-28_09-34-44_Prat_Urgency_group1/box06/mic/20251028_110500.WAV,20251028_110500_subject088_098,088_098,F,EtOH_EtOH,095753
/datastar/behavior_rooms/2CAP/2025-10-28_09-34-44_Prat_Urgency_group1/pi-data_2025-10-28_09-34-44_Prat_Urgency_group1/box06/mic/20251028_111000.WAV,20251028_111000_subject088_098,088_098,F,EtOH_EtOH,095753
/datastar/behavior_rooms/2CAP/2025-10-28_09-34-44_Prat_Urgency_group1/pi-data_2025-10-28_09-34-44_Prat_Urgency_group1/box01/mic/20251028_095329.WAV,20251028_095329_subject093_079,093_079,M,EtOH_EtOH,095501
/datastar/behavior_rooms/2CAP/2025-10-28_09-34-44_Prat_Urgency_group1/pi-data_2025-10-28_09-34-44_Prat_Urgency_group1/box01/mic/20251028_095500.WAV,20251028_095500_subject093_079,093_079,M,EtOH_EtOH,095501
/datastar/behavior_rooms/2CAP/2025-10-28_09-34-44_Prat_Urgency_group1/pi-data_2025-10-28_09-34-44_Prat_Urgency_group1/box01/mic/20251028_100000.WAV,20251028_100000_subject093_079,093_079,M,EtOH_EtOH,095501
/datastar/behavior_rooms/2CAP/2025-10-28_09-34-44_Prat_Urgency_group1/pi-data_2025-10-28_09-34-44_Prat_Urgency_group1/box01/mic/20251028_100500.WAV,20251028_100500_subject093_079,093_079,M,EtOH_EtOH,095501
/datastar/behavior_rooms/2CAP/2025-10-28_09-34-44_Prat_Urgency_group1/pi-data_2025-10-28_09-34-44_Prat_Urgency_group1/box01/mic/20251028_101000.WAV,20251028_101000_subject093_079,093_079,M,EtOH_EtOH,095501
/datastar/behavior_rooms/2CAP/2025-10-28_09-34-44_Prat_Urgency_group1/pi-data_2025-10-28_09-34-44_Prat_Urgency_group1/box01/mic/20251028_101500.WAV,20251028_101500_subject093_079,093_079,M,EtOH_EtOH,095501
/datastar/behavior_rooms/2CAP/2025-10-28_09-34-44_Prat_Urgency_group1/pi-data_2025-10-28_09-34-44_Prat_Urgency_group1/box01/mic/20251028_102000.WAV,20251028_102000_subject093_079,093_079,M,EtOH_EtOH,095501
/datastar/behavior_rooms/2CAP/2025-10-28_09-34-44_Prat_Urgency_group1/pi-data_2025-10-28_09-34-44_Prat_Urgency_group1/box01/mic/20251028_102500.WAV,20251028_102500_subject093_079,093_079,M,EtOH_EtOH,095501
/datastar/behavior_rooms/2CAP/2025-10-28_09-34-44_Prat_Urgency_group1/pi-data_2025-10-28_09-34-44_Prat_Urgency_group1/box01/mic/20251028_103000.WAV,20251028_103000_subject093_079,093_079,M,EtOH_EtOH,095501
/datastar/behavior_rooms/2CAP/2025-10-28_09-34-44_Prat_Urgency_group1/pi-data_2025-10-28_09-34-44_Prat_Urgency_group1/box01/mic/20251028_103500.WAV,20251028_103500_subject093_079,093_079,M,EtOH_EtOH,095501
/datastar/behavior_rooms/2CAP/2025-10-28_09-34-44_Prat_Urgency_group1/pi-data_2025-10-28_09-34-44_Prat_Urgency_group1/box01/mic/20251028_104000.WAV,20251028_104000_subject093_079,093_079,M,EtOH_EtOH,095501
/datastar/behavior_rooms/2CAP/2025-10-28_09-34-44_Prat_Urgency_group1/pi-data_2025-10-28_09-34-44_Prat_Urgency_group1/box01/mic/20251028_104500.WAV,20251028_104500_subject093_079,093_079,M,EtOH_EtOH,095501
/datastar/behavior_rooms/2CAP/2025-10-28_09-34-44_Prat_Urgency_group1/pi-data_2025-10-28_09-34-44_Prat_Urgency_group1/box01/mic/20251028_105000.WAV,20251028_105000_subject093_079,093_079,M,EtOH_EtOH,095501
/datastar/behavior_rooms/2CAP/2025-10-28_09-34-44_Prat_Urgency_group1/pi-data_2025-10-28_09-34-44_Prat_Urgency_group1/box01/mic/20251028_105500.WAV,20251028_105500_subject093_079,093_079,M,EtOH_EtOH,095501
/datastar/behavior_rooms/2CAP/2025-10-28_09-34-44_Prat_Urgency_group1/pi-data_2025-10-28_09-34-44_Prat_Urgency_group1/box01/mic/20251028_110000.WAV,20251028_110000_subject093_079,093_079,M,EtOH_EtOH,095501
/datastar/behavior_rooms/2CAP/2025-10-28_09-34-44_Prat_Urgency_group1/pi-data_2025-10-28_09-34-44_Prat_Urgency_group1/box01/mic/20251028_110500.WAV,20251028_110500_subject093_079,093_079,M,EtOH_EtOH,095501
/datastar/behavior_rooms/2CAP/2025-10-28_09-34-44_Prat_Urgency_group1/pi-data_2025-10-28_09-34-44_Prat_Urgency_group1/box01/mic/20251028_111000.WAV,20251028_111000_subject093_079,093_079,M,EtOH_EtOH,095501
/datastar/behavior_rooms/2CAP/2025-10-28_11-27-08_Prat_Urgency_group2/pi-data_2025-10-28_11-27-08_Prat_Urgency_group2/box05/mic/20251028_112719.WAV,20251028_112719_subject061,061,M,Control,113042
/datastar/behavior_rooms/2CAP/2025-10-28_11-27-08_Prat_Urgency_group2/pi-data_2025-10-28_11-27-08_Prat_Urgency_group2/box05/mic/20251028_113000.WAV,20251028_113000_subject061,061,M,Control,113042
/datastar/behavior_rooms/2CAP/2025-10-28_11-27-08_Prat_Urgency_group2/pi-data_2025-10-28_11-27-08_Prat_Urgency_group2/box05/mic/20251028_113500.WAV,20251028_113500_subject061,061,M,Control,113042
/datastar/behavior_rooms/2CAP/2025-10-28_11-27-08_Prat_Urgency_group2/pi-data_2025-10-28_11-27-08_Prat_Urgency_group2/box05/mic/20251028_114000.WAV,20251028_114000_subject061,061,M,Control,113042
/datastar/behavior_rooms/2CAP/2025-10-28_11-27-08_Prat_Urgency_group2/pi-data_2025-10-28_11-27-08_Prat_Urgency_group2/box05/mic/20251028_114500.WAV,20251028_114500_subject061,061,M,Control,113042
/datastar/behavior_rooms/2CAP/2025-10-28_11-27-08_Prat_Urgency_group2/pi-data_2025-10-28_11-27-08_Prat_Urgency_group2/box05/mic/20251028_115000.WAV,20251028_115000_subject061,061,M,Control,113042
/datastar/behavior_rooms/2CAP/2025-10-28_11-27-08_Prat_Urgency_group2/pi-data_2025-10-28_11-27-08_Prat_Urgency_group2/box05/mic/20251028_115500.WAV,20251028_115500_subject061,061,M,Control,113042
/datastar/behavior_rooms/2CAP/2025-10-28_11-27-08_Prat_Urgency_group2/pi-data_2025-10-28_11-27-08_Prat_Urgency_group2/box05/mic/20251028_120000.WAV,20251028_120000_subject061,061,M,Control,113042
/datastar/behavior_rooms/2CAP/2025-10-28_11-27-08_Prat_Urgency_group2/pi-data_2025-10-28_11-27-08_Prat_Urgency_group2/box05/mic/20251028_120500.WAV,20251028_120500_subject061,061,M,Control,113042
/datastar/behavior_rooms/2CAP/2025-10-28_11-27-08_Prat_Urgency_group2/pi-data_2025-10-28_11-27-08_Prat_Urgency_group2/box05/mic/20251028_121000.WAV,20251028_121000_subject061,061,M,Control,113042
/datastar/behavior_rooms/2CAP/2025-10-28_11-27-08_Prat_Urgency_group2/pi-data_2025-10-28_11-27-08_Prat_Urgency_group2/box05/mic/20251028_121500.WAV,20251028_121500_subject061,061,M,Control,113042
/datastar/behavior_rooms/2CAP/2025-10-28_11-27-08_Prat_Urgency_group2/pi-data_2025-10-28_11-27-08_Prat_Urgency_group2/box05/mic/20251028_122000.WAV,20251028_122000_subject061,061,M,Control,113042
/datastar/behavior_rooms/2CAP/2025-10-28_11-27-08_Prat_Urgency_group2/pi-data_2025-10-28_11-27-08_Prat_Urgency_group2/box05/mic/20251028_122500.WAV,20251028_122500_subject061,061,M,Control,113042
/datastar/behavior_rooms/2CAP/2025-10-28_11-27-08_Prat_Urgency_group2/pi-data_2025-10-28_11-27-08_Prat_Urgency_group2/box05/mic/20251028_123000.WAV,20251028_123000_subject061,061,M,Control,113042
/datastar/behavior_rooms/2CAP/2025-10-28_11-27-08_Prat_Urgency_group2/pi-data_2025-10-28_11-27-08_Prat_Urgency_group2/box06/mic/20251028_112719.WAV,20251028_112719_subject065_089,065_089,M,Control_EtOH,113123
/datastar/behavior_rooms/2CAP/2025-10-28_11-27-08_Prat_Urgency_group2/pi-data_2025-10-28_11-27-08_Prat_Urgency_group2/box06/mic/20251028_113000.WAV,20251028_113000_subject065_089,065_089,M,Control_EtOH,113123
/datastar/behavior_rooms/2CAP/2025-10-28_11-27-08_Prat_Urgency_group2/pi-data_2025-10-28_11-27-08_Prat_Urgency_group2/box06/mic/20251028_113500.WAV,20251028_113500_subject065_089,065_089,M,Control_EtOH,113123
/datastar/behavior_rooms/2CAP/2025-10-28_11-27-08_Prat_Urgency_group2/pi-data_2025-10-28_11-27-08_Prat_Urgency_group2/box06/mic/20251028_114000.WAV,20251028_114000_subject065_089,065_089,M,Control_EtOH,113123
/datastar/behavior_rooms/2CAP/2025-10-28_11-27-08_Prat_Urgency_group2/pi-data_2025-10-28_11-27-08_Prat_Urgency_group2/box06/mic/20251028_114500.WAV,20251028_114500_subject065_089,065_089,M,Control_EtOH,113123
/datastar/behavior_rooms/2CAP/2025-10-28_11-27-08_Prat_Urgency_group2/pi-data_2025-10-28_11-27-08_Prat_Urgency_group2/box06/mic/20251028_115000.WAV,20251028_115000_subject065_089,065_089,M,Control_EtOH,113123
/datastar/behavior_rooms/2CAP/2025-10-28_11-27-08_Prat_Urgency_group2/pi-data_2025-10-28_11-27-08_Prat_Urgency_group2/box06/mic/20251028_115500.WAV,20251028_115500_subject065_089,065_089,M,Control_EtOH,113123
/datastar/behavior_rooms/2CAP/2025-10-28_11-27-08_Prat_Urgency_group2/pi-data_2025-10-28_11-27-08_Prat_Urgency_group2/box06/mic/20251028_120000.WAV,20251028_120000_subject065_089,065_089,M,Control_EtOH,113123
/datastar/behavior_rooms/2CAP/2025-10-28_11-27-08_Prat_Urgency_group2/pi-data_2025-10-28_11-27-08_Prat_Urgency_group2/box06/mic/20251028_120500.WAV,20251028_120500_subject065_089,065_089,M,Control_EtOH,113123
/datastar/behavior_rooms/2CAP/2025-10-28_11-27-08_Prat_Urgency_group2/pi-data_2025-10-28_11-27-08_Prat_Urgency_group2/box06/mic/20251028_121000.WAV,20251028_121000_subject065_089,065_089,M,Control_EtOH,113123
/datastar/behavior_rooms/2CAP/2025-10-28_11-27-08_Prat_Urgency_group2/pi-data_2025-10-28_11-27-08_Prat_Urgency_group2/box06/mic/20251028_121500.WAV,20251028_121500_subject065_089,065_089,M,Control_EtOH,113123
/datastar/behavior_rooms/2CAP/2025-10-28_11-27-08_Prat_Urgency_group2/pi-data_2025-10-28_11-27-08_Prat_Urgency_group2/box06/mic/20251028_122000.WAV,20251028_122000_subject065_089,065_089,M,Control_EtOH,113123
/datastar/behavior_rooms/2CAP/2025-10-28_11-27-08_Prat_Urgency_group2/pi-data_2025-10-28_11-27-08_Prat_Urgency_group2/box06/mic/20251028_122500.WAV,20251028_122500_subject065_089,065_089,M,Control_EtOH,113123
/datastar/behavior_rooms/2CAP/2025-10-28_11-27-08_Prat_Urgency_group2/pi-data_2025-10-28_11-27-08_Prat_Urgency_group2/box06/mic/20251028_123000.WAV,20251028_123000_subject065_089,065_089,M,Control_EtOH,113123
/datastar/behavior_rooms/2CAP/2025-10-28_11-27-08_Prat_Urgency_group2/pi-data_2025-10-28_11-27-08_Prat_Urgency_group2/box04/mic/20251028_112718.WAV,20251028_112718_subject072_090,072_090,F,Control_EtOH,113021
/datastar/behavior_rooms/2CAP/2025-10-28_11-27-08_Prat_Urgency_group2/pi-data_2025-10-28_11-27-08_Prat_Urgency_group2/box04/mic/20251028_113000.WAV,20251028_113000_subject072_090,072_090,F,Control_EtOH,113021
/datastar/behavior_rooms/2CAP/2025-10-28_11-27-08_Prat_Urgency_group2/pi-data_2025-10-28_11-27-08_Prat_Urgency_group2/box04/mic/20251028_113500.WAV,20251028_113500_subject072_090,072_090,F,Control_EtOH,113021
/datastar/behavior_rooms/2CAP/2025-10-28_11-27-08_Prat_Urgency_group2/pi-data_2025-10-28_11-27-08_Prat_Urgency_group2/box04/mic/20251028_114000.WAV,20251028_114000_subject072_090,072_090,F,Control_EtOH,113021
/datastar/behavior_rooms/2CAP/2025-10-28_11-27-08_Prat_Urgency_group2/pi-data_2025-10-28_11-27-08_Prat_Urgency_group2/box04/mic/20251028_114500.WAV,20251028_114500_subject072_090,072_090,F,Control_EtOH,113021
/datastar/behavior_rooms/2CAP/2025-10-28_11-27-08_Prat_Urgency_group2/pi-data_2025-10-28_11-27-08_Prat_Urgency_group2/box04/mic/20251028_115000.WAV,20251028_115000_subject072_090,072_090,F,Control_EtOH,113021
/datastar/behavior_rooms/2CAP/2025-10-28_11-27-08_Prat_Urgency_group2/pi-data_2025-10-28_11-27-08_Prat_Urgency_group2/box04/mic/20251028_115500.WAV,20251028_115500_subject072_090,072_090,F,Control_EtOH,113021
/datastar/behavior_rooms/2CAP/2025-10-28_11-27-08_Prat_Urgency_group2/pi-data_2025-10-28_11-27-08_Prat_Urgency_group2/box04/mic/20251028_120000.WAV,20251028_120000_subject072_090,072_090,F,Control_EtOH,113021
/datastar/behavior_rooms/2CAP/2025-10-28_11-27-08_Prat_Urgency_group2/pi-data_2025-10-28_11-27-08_Prat_Urgency_group2/box04/mic/20251028_120500.WAV,20251028_120500_subject072_090,072_090,F,Control_EtOH,113021
/datastar/behavior_rooms/2CAP/2025-10-28_11-27-08_Prat_Urgency_group2/pi-data_2025-10-28_11-27-08_Prat_Urgency_group2/box04/mic/20251028_121000.WAV,20251028_121000_subject072_090,072_090,F,Control_EtOH,113021
/datastar/behavior_rooms/2CAP/2025-10-28_11-27-08_Prat_Urgency_group2/pi-data_2025-10-28_11-27-08_Prat_Urgency_group2/box04/mic/20251028_121500.WAV,20251028_121500_subject072_090,072_090,F,Control_EtOH,113021
/datastar/behavior_rooms/2CAP/2025-10-28_11-27-08_Prat_Urgency_group2/pi-data_2025-10-28_11-27-08_Prat_Urgency_group2/box04/mic/20251028_122000.WAV,20251028_122000_subject072_090,072_090,F,Control_EtOH,113021
/datastar/behavior_rooms/2CAP/2025-10-28_11-27-08_Prat_Urgency_group2/pi-data_2025-10-28_11-27-08_Prat_Urgency_group2/box04/mic/20251028_122500.WAV,20251028_122500_subject072_090,072_090,F,Control_EtOH,113021
/datastar/behavior_rooms/2CAP/2025-10-28_11-27-08_Prat_Urgency_group2/pi-data_2025-10-28_11-27-08_Prat_Urgency_group2/box04/mic/20251028_123000.WAV,20251028_123000_subject072_090,072_090,F,Control_EtOH,113021
/datastar/behavior_rooms/2CAP/2025-10-28_11-27-08_Prat_Urgency_group2/pi-data_2025-10-28_11-27-08_Prat_Urgency_group2/box01/mic/20251028_112719.WAV,20251028_112719_subject076_080,076_080,F,Control_EtOH,112847
/datastar/behavior_rooms/2CAP/2025-10-28_11-27-08_Prat_Urgency_group2/pi-data_2025-10-28_11-27-08_Prat_Urgency_group2/box01/mic/20251028_113000.WAV,20251028_113000_subject076_080,076_080,F,Control_EtOH,112847
/datastar/behavior_rooms/2CAP/2025-10-28_11-27-08_Prat_Urgency_group2/pi-data_2025-10-28_11-27-08_Prat_Urgency_group2/box01/mic/20251028_113500.WAV,20251028_113500_subject076_080,076_080,F,Control_EtOH,112847
/datastar/behavior_rooms/2CAP/2025-10-28_11-27-08_Prat_Urgency_group2/pi-data_2025-10-28_11-27-08_Prat_Urgency_group2/box01/mic/20251028_114000.WAV,20251028_114000_subject076_080,076_080,F,Control_EtOH,112847
/datastar/behavior_rooms/2CAP/2025-10-28_11-27-08_Prat_Urgency_group2/pi-data_2025-10-28_11-27-08_Prat_Urgency_group2/box01/mic/20251028_114500.WAV,20251028_114500_subject076_080,076_080,F,Control_EtOH,112847
/datastar/behavior_rooms/2CAP/2025-10-28_11-27-08_Prat_Urgency_group2/pi-data_2025-10-28_11-27-08_Prat_Urgency_group2/box01/mic/20251028_115000.WAV,20251028_115000_subject076_080,076_080,F,Control_EtOH,112847
/datastar/behavior_rooms/2CAP/2025-10-28_11-27-08_Prat_Urgency_group2/pi-data_2025-10-28_11-27-08_Prat_Urgency_group2/box01/mic/20251028_115500.WAV,20251028_115500_subject076_080,076_080,F,Control_EtOH,112847
/datastar/behavior_rooms/2CAP/2025-10-28_11-27-08_Prat_Urgency_group2/pi-data_2025-10-28_11-27-08_Prat_Urgency_group2/box01/mic/20251028_120000.WAV,20251028_120000_subject076_080,076_080,F,Control_EtOH,112847
/datastar/behavior_rooms/2CAP/2025-10-28_11-27-08_Prat_Urgency_group2/pi-data_2025-10-28_11-27-08_Prat_Urgency_group2/box01/mic/20251028_120500.WAV,20251028_120500_subject076_080,076_080,F,Control_EtOH,112847
/datastar/behavior_rooms/2CAP/2025-10-28_11-27-08_Prat_Urgency_group2/pi-data_2025-10-28_11-27-08_Prat_Urgency_group2/box01/mic/20251028_121000.WAV,20251028_121000_subject076_080,076_080,F,Control_EtOH,112847
/datastar/behavior_rooms/2CAP/2025-10-28_11-27-08_Prat_Urgency_group2/pi-data_2025-10-28_11-27-08_Prat_Urgency_group2/box01/mic/20251028_121500.WAV,20251028_121500_subject076_080,076_080,F,Control_EtOH,112847
/datastar/behavior_rooms/2CAP/2025-10-28_11-27-08_Prat_Urgency_group2/pi-data_2025-10-28_11-27-08_Prat_Urgency_group2/box01/mic/20251028_122000.WAV,20251028_122000_subject076_080,076_080,F,Control_EtOH,112847
/datastar/behavior_rooms/2CAP/2025-10-28_11-27-08_Prat_Urgency_group2/pi-data_2025-10-28_11-27-08_Prat_Urgency_group2/box01/mic/20251028_122500.WAV,20251028_122500_subject076_080,076_080,F,Control_EtOH,112847
/datastar/behavior_rooms/2CAP/2025-10-28_11-27-08_Prat_Urgency_group2/pi-data_2025-10-28_11-27-08_Prat_Urgency_group2/box01/mic/20251028_123000.WAV,20251028_123000_subject076_080,076_080,F,Control_EtOH,112847
/datastar/behavior_rooms/2CAP/2025-10-28_11-27-08_Prat_Urgency_group2/pi-data_2025-10-28_11-27-08_Prat_Urgency_group2/box03/mic/20251028_112719.WAV,20251028_112719_subject082,082,F,EtOH,112954
/datastar/behavior_rooms/2CAP/2025-10-28_11-27-08_Prat_Urgency_group2/pi-data_2025-10-28_11-27-08_Prat_Urgency_group2/box03/mic/20251028_113000.WAV,20251028_113000_subject082,082,F,EtOH,112954
/datastar/behavior_rooms/2CAP/2025-10-28_11-27-08_Prat_Urgency_group2/pi-data_2025-10-28_11-27-08_Prat_Urgency_group2/box03/mic/20251028_113500.WAV,20251028_113500_subject082,082,F,EtOH,112954
/datastar/behavior_rooms/2CAP/2025-10-28_11-27-08_Prat_Urgency_group2/pi-data_2025-10-28_11-27-08_Prat_Urgency_group2/box03/mic/20251028_114000.WAV,20251028_114000_subject082,082,F,EtOH,112954
/datastar/behavior_rooms/2CAP/2025-10-28_11-27-08_Prat_Urgency_group2/pi-data_2025-10-28_11-27-08_Prat_Urgency_group2/box03/mic/20251028_114500.WAV,20251028_114500_subject082,082,F,EtOH,112954
/datastar/behavior_rooms/2CAP/2025-10-28_11-27-08_Prat_Urgency_group2/pi-data_2025-10-28_11-27-08_Prat_Urgency_group2/box03/mic/20251028_115000.WAV,20251028_115000_subject082,082,F,EtOH,112954
/datastar/behavior_rooms/2CAP/2025-10-28_11-27-08_Prat_Urgency_group2/pi-data_2025-10-28_11-27-08_Prat_Urgency_group2/box03/mic/20251028_115500.WAV,20251028_115500_subject082,082,F,EtOH,112954
/datastar/behavior_rooms/2CAP/2025-10-28_11-27-08_Prat_Urgency_group2/pi-data_2025-10-28_11-27-08_Prat_Urgency_group2/box03/mic/20251028_120000.WAV,20251028_120000_subject082,082,F,EtOH,112954
/datastar/behavior_rooms/2CAP/2025-10-28_11-27-08_Prat_Urgency_group2/pi-data_2025-10-28_11-27-08_Prat_Urgency_group2/box03/mic/20251028_120500.WAV,20251028_120500_subject082,082,F,EtOH,112954
/datastar/behavior_rooms/2CAP/2025-10-28_11-27-08_Prat_Urgency_group2/pi-data_2025-10-28_11-27-08_Prat_Urgency_group2/box03/mic/20251028_121000.WAV,20251028_121000_subject082,082,F,EtOH,112954
/datastar/behavior_rooms/2CAP/2025-10-28_11-27-08_Prat_Urgency_group2/pi-data_2025-10-28_11-27-08_Prat_Urgency_group2/box03/mic/20251028_121500.WAV,20251028_121500_subject082,082,F,EtOH,112954
/datastar/behavior_rooms/2CAP/2025-10-28_11-27-08_Prat_Urgency_group2/pi-data_2025-10-28_11-27-08_Prat_Urgency_group2/box03/mic/20251028_122000.WAV,20251028_122000_subject082,082,F,EtOH,112954
/datastar/behavior_rooms/2CAP/2025-10-28_11-27-08_Prat_Urgency_group2/pi-data_2025-10-28_11-27-08_Prat_Urgency_group2/box03/mic/20251028_122500.WAV,20251028_122500_subject082,082,F,EtOH,112954
/datastar/behavior_rooms/2CAP/2025-10-28_11-27-08_Prat_Urgency_group2/pi-data_2025-10-28_11-27-08_Prat_Urgency_group2/box03/mic/20251028_123000.WAV,20251028_123000_subject082,082,F,EtOH,112954
/datastar/behavior_rooms/2CAP/2025-10-28_11-27-08_Prat_Urgency_group2/pi-data_2025-10-28_11-27-08_Prat_Urgency_group2/box02/mic/20251028_112719.WAV,20251028_112719_subject085_059,085_059,M,EtOH_Control,112924
/datastar/behavior_rooms/2CAP/2025-10-28_11-27-08_Prat_Urgency_group2/pi-data_2025-10-28_11-27-08_Prat_Urgency_group2/box02/mic/20251028_113000.WAV,20251028_113000_subject085_059,085_059,M,EtOH_Control,112924
/datastar/behavior_rooms/2CAP/2025-10-28_11-27-08_Prat_Urgency_group2/pi-data_2025-10-28_11-27-08_Prat_Urgency_group2/box02/mic/20251028_113500.WAV,20251028_113500_subject085_059,085_059,M,EtOH_Control,112924
/datastar/behavior_rooms/2CAP/2025-10-28_11-27-08_Prat_Urgency_group2/pi-data_2025-10-28_11-27-08_Prat_Urgency_group2/box02/mic/20251028_114000.WAV,20251028_114000_subject085_059,085_059,M,EtOH_Control,112924
/datastar/behavior_rooms/2CAP/2025-10-28_11-27-08_Prat_Urgency_group2/pi-data_2025-10-28_11-27-08_Prat_Urgency_group2/box02/mic/20251028_114500.WAV,20251028_114500_subject085_059,085_059,M,EtOH_Control,112924
/datastar/behavior_rooms/2CAP/2025-10-28_11-27-08_Prat_Urgency_group2/pi-data_2025-10-28_11-27-08_Prat_Urgency_group2/box02/mic/20251028_115000.WAV,20251028_115000_subject085_059,085_059,M,EtOH_Control,112924
/datastar/behavior_rooms/2CAP/2025-10-28_11-27-08_Prat_Urgency_group2/pi-data_2025-10-28_11-27-08_Prat_Urgency_group2/box02/mic/20251028_115500.WAV,20251028_115500_subject085_059,085_059,M,EtOH_Control,112924
/datastar/behavior_rooms/2CAP/2025-10-28_11-27-08_Prat_Urgency_group2/pi-data_2025-10-28_11-27-08_Prat_Urgency_group2/box02/mic/20251028_120000.WAV,20251028_120000_subject085_059,085_059,M,EtOH_Control,112924
/datastar/behavior_rooms/2CAP/2025-10-28_11-27-08_Prat_Urgency_group2/pi-data_2025-10-28_11-27-08_Prat_Urgency_group2/box02/mic/20251028_120500.WAV,20251028_120500_subject085_059,085_059,M,EtOH_Control,112924
/datastar/behavior_rooms/2CAP/2025-10-28_11-27-08_Prat_Urgency_group2/pi-data_2025-10-28_11-27-08_Prat_Urgency_group2/box02/mic/20251028_121000.WAV,20251028_121000_subject085_059,085_059,M,EtOH_Control,112924
/datastar/behavior_rooms/2CAP/2025-10-28_11-27-08_Prat_Urgency_group2/pi-data_2025-10-28_11-27-08_Prat_Urgency_group2/box02/mic/20251028_121500.WAV,20251028_121500_subject085_059,085_059,M,EtOH_Control,112924
/datastar/behavior_rooms/2CAP/2025-10-28_11-27-08_Prat_Urgency_group2/pi-data_2025-10-28_11-27-08_Prat_Urgency_group2/box02/mic/20251028_122000.WAV,20251028_122000_subject085_059,085_059,M,EtOH_Control,112924
/datastar/behavior_rooms/2CAP/2025-10-28_11-27-08_Prat_Urgency_group2/pi-data_2025-10-28_11-27-08_Prat_Urgency_group2/box02/mic/20251028_122500.WAV,20251028_122500_subject085_059,085_059,M,EtOH_Control,112924
/datastar/behavior_rooms/2CAP/2025-10-28_11-27-08_Prat_Urgency_group2/pi-data_2025-10-28_11-27-08_Prat_Urgency_group2/box02/mic/20251028_123000.WAV,20251028_123000_subject085_059,085_059,M,EtOH_Control,112924
/datastar/behavior_rooms/2CAP/2025-10-28_12-49-11_Prat_Urgency_group3/pi-data_2025-10-28_12-49-11_Prat_Urgency_group3/box02/mic/20251028_125503.WAV,20251028_125503_subject060_086,060_086,F,Control_EtOH,125747
/datastar/behavior_rooms/2CAP/2025-10-28_12-49-11_Prat_Urgency_group3/pi-data_2025-10-28_12-49-11_Prat_Urgency_group3/box02/mic/20251028_130000.WAV,20251028_130000_subject060_086,060_086,F,Control_EtOH,125747
/datastar/behavior_rooms/2CAP/2025-10-28_12-49-11_Prat_Urgency_group3/pi-data_2025-10-28_12-49-11_Prat_Urgency_group3/box02/mic/20251028_130500.WAV,20251028_130500_subject060_086,060_086,F,Control_EtOH,125747
/datastar/behavior_rooms/2CAP/2025-10-28_12-49-11_Prat_Urgency_group3/pi-data_2025-10-28_12-49-11_Prat_Urgency_group3/box02/mic/20251028_131000.WAV,20251028_131000_subject060_086,060_086,F,Control_EtOH,125747
/datastar/behavior_rooms/2CAP/2025-10-28_12-49-11_Prat_Urgency_group3/pi-data_2025-10-28_12-49-11_Prat_Urgency_group3/box02/mic/20251028_131500.WAV,20251028_131500_subject060_086,060_086,F,Control_EtOH,125747
/datastar/behavior_rooms/2CAP/2025-10-28_12-49-11_Prat_Urgency_group3/pi-data_2025-10-28_12-49-11_Prat_Urgency_group3/box02/mic/20251028_132000.WAV,20251028_132000_subject060_086,060_086,F,Control_EtOH,125747
/datastar/behavior_rooms/2CAP/2025-10-28_12-49-11_Prat_Urgency_group3/pi-data_2025-10-28_12-49-11_Prat_Urgency_group3/box02/mic/20251028_132500.WAV,20251028_132500_subject060_086,060_086,F,Control_EtOH,125747
/datastar/behavior_rooms/2CAP/2025-10-28_12-49-11_Prat_Urgency_group3/pi-data_2025-10-28_12-49-11_Prat_Urgency_group3/box02/mic/20251028_133000.WAV,20251028_133000_subject060_086,060_086,F,Control_EtOH,125747
/datastar/behavior_rooms/2CAP/2025-10-28_12-49-11_Prat_Urgency_group3/pi-data_2025-10-28_12-49-11_Prat_Urgency_group3/box02/mic/20251028_133500.WAV,20251028_133500_subject060_086,060_086,F,Control_EtOH,125747
/datastar/behavior_rooms/2CAP/2025-10-28_12-49-11_Prat_Urgency_group3/pi-data_2025-10-28_12-49-11_Prat_Urgency_group3/box02/mic/20251028_134000.WAV,20251028_134000_subject060_086,060_086,F,Control_EtOH,125747
/datastar/behavior_rooms/2CAP/2025-10-28_12-49-11_Prat_Urgency_group3/pi-data_2025-10-28_12-49-11_Prat_Urgency_group3/box02/mic/20251028_134500.WAV,20251028_134500_subject060_086,060_086,F,Control_EtOH,125747
/datastar/behavior_rooms/2CAP/2025-10-28_12-49-11_Prat_Urgency_group3/pi-data_2025-10-28_12-49-11_Prat_Urgency_group3/box02/mic/20251028_135000.WAV,20251028_135000_subject060_086,060_086,F,Control_EtOH,125747
/datastar/behavior_rooms/2CAP/2025-10-28_12-49-11_Prat_Urgency_group3/pi-data_2025-10-28_12-49-11_Prat_Urgency_group3/box02/mic/20251028_135500.WAV,20251028_135500_subject060_086,060_086,F,Control_EtOH,125747
/datastar/behavior_rooms/2CAP/2025-10-28_12-49-11_Prat_Urgency_group3/pi-data_2025-10-28_12-49-11_Prat_Urgency_group3/box02/mic/20251028_140000.WAV,20251028_140000_subject060_086,060_086,F,Control_EtOH,125747
/datastar/behavior_rooms/2CAP/2025-10-28_12-49-11_Prat_Urgency_group3/pi-data_2025-10-28_12-49-11_Prat_Urgency_group3/box01/mic/20251028_125504.WAV,20251028_125504_subject069_091,069_091,M,Control_EtOH,125719
/datastar/behavior_rooms/2CAP/2025-10-28_12-49-11_Prat_Urgency_group3/pi-data_2025-10-28_12-49-11_Prat_Urgency_group3/box01/mic/20251028_130000.WAV,20251028_130000_subject069_091,069_091,M,Control_EtOH,125719
/datastar/behavior_rooms/2CAP/2025-10-28_12-49-11_Prat_Urgency_group3/pi-data_2025-10-28_12-49-11_Prat_Urgency_group3/box01/mic/20251028_130500.WAV,20251028_130500_subject069_091,069_091,M,Control_EtOH,125719
/datastar/behavior_rooms/2CAP/2025-10-28_12-49-11_Prat_Urgency_group3/pi-data_2025-10-28_12-49-11_Prat_Urgency_group3/box01/mic/20251028_131000.WAV,20251028_131000_subject069_091,069_091,M,Control_EtOH,125719
/datastar/behavior_rooms/2CAP/2025-10-28_12-49-11_Prat_Urgency_group3/pi-data_2025-10-28_12-49-11_Prat_Urgency_group3/box01/mic/20251028_131500.WAV,20251028_131500_subject069_091,069_091,M,Control_EtOH,125719
/datastar/behavior_rooms/2CAP/2025-10-28_12-49-11_Prat_Urgency_group3/pi-data_2025-10-28_12-49-11_Prat_Urgency_group3/box01/mic/20251028_132000.WAV,20251028_132000_subject069_091,069_091,M,Control_EtOH,125719
/datastar/behavior_rooms/2CAP/2025-10-28_12-49-11_Prat_Urgency_group3/pi-data_2025-10-28_12-49-11_Prat_Urgency_group3/box01/mic/20251028_132500.WAV,20251028_132500_subject069_091,069_091,M,Control_EtOH,125719
/datastar/behavior_rooms/2CAP/2025-10-28_12-49-11_Prat_Urgency_group3/pi-data_2025-10-28_12-49-11_Prat_Urgency_group3/box01/mic/20251028_133000.WAV,20251028_133000_subject069_091,069_091,M,Control_EtOH,125719
/datastar/behavior_rooms/2CAP/2025-10-28_12-49-11_Prat_Urgency_group3/pi-data_2025-10-28_12-49-11_Prat_Urgency_group3/box01/mic/20251028_133500.WAV,20251028_133500_subject069_091,069_091,M,Control_EtOH,125719
/datastar/behavior_rooms/2CAP/2025-10-28_12-49-11_Prat_Urgency_group3/pi-data_2025-10-28_12-49-11_Prat_Urgency_group3/box01/mic/20251028_134000.WAV,20251028_134000_subject069_091,069_091,M,Control_EtOH,125719
/datastar/behavior_rooms/2CAP/2025-10-28_12-49-11_Prat_Urgency_group3/pi-data_2025-10-28_12-49-11_Prat_Urgency_group3/box01/mic/20251028_134500.WAV,20251028_134500_subject069_091,069_091,M,Control_EtOH,125719
/datastar/behavior_rooms/2CAP/2025-10-28_12-49-11_Prat_Urgency_group3/pi-data_2025-10-28_12-49-11_Prat_Urgency_group3/box01/mic/20251028_135000.WAV,20251028_135000_subject069_091,069_091,M,Control_EtOH,125719
/datastar/behavior_rooms/2CAP/2025-10-28_12-49-11_Prat_Urgency_group3/pi-data_2025-10-28_12-49-11_Prat_Urgency_group3/box01/mic/20251028_135500.WAV,20251028_135500_subject069_091,069_091,M,Control_EtOH,125719
/datastar/behavior_rooms/2CAP/2025-10-28_12-49-11_Prat_Urgency_group3/pi-data_2025-10-28_12-49-11_Prat_Urgency_group3/box01/mic/20251028_140000.WAV,20251028_140000_subject069_091,069_091,M,Control_EtOH,125719
/datastar/behavior_rooms/2CAP/2025-10-28_12-49-11_Prat_Urgency_group3/pi-data_2025-10-28_12-49-11_Prat_Urgency_group3/box03/mic/20251028_125504.WAV,20251028_125504_subject073_067,073_067,M,Control_Control,125824
/datastar/behavior_rooms/2CAP/2025-10-28_12-49-11_Prat_Urgency_group3/pi-data_2025-10-28_12-49-11_Prat_Urgency_group3/box03/mic/20251028_130000.WAV,20251028_130000_subject073_067,073_067,M,Control_Control,125824
/datastar/behavior_rooms/2CAP/2025-10-28_12-49-11_Prat_Urgency_group3/pi-data_2025-10-28_12-49-11_Prat_Urgency_group3/box03/mic/20251028_130500.WAV,20251028_130500_subject073_067,073_067,M,Control_Control,125824
/datastar/behavior_rooms/2CAP/2025-10-28_12-49-11_Prat_Urgency_group3/pi-data_2025-10-28_12-49-11_Prat_Urgency_group3/box03/mic/20251028_131000.WAV,20251028_131000_subject073_067,073_067,M,Control_Control,125824
/datastar/behavior_rooms/2CAP/2025-10-28_12-49-11_Prat_Urgency_group3/pi-data_2025-10-28_12-49-11_Prat_Urgency_group3/box03/mic/20251028_131500.WAV,20251028_131500_subject073_067,073_067,M,Control_Control,125824
/datastar/behavior_rooms/2CAP/2025-10-28_12-49-11_Prat_Urgency_group3/pi-data_2025-10-28_12-49-11_Prat_Urgency_group3/box03/mic/20251028_132000.WAV,20251028_132000_subject073_067,073_067,M,Control_Control,125824
/datastar/behavior_rooms/2CAP/2025-10-28_12-49-11_Prat_Urgency_group3/pi-data_2025-10-28_12-49-11_Prat_Urgency_group3/box03/mic/20251028_132500.WAV,20251028_132500_subject073_067,073_067,M,Control_Control,125824
/datastar/behavior_rooms/2CAP/2025-10-28_12-49-11_Prat_Urgency_group3/pi-data_2025-10-28_12-49-11_Prat_Urgency_group3/box03/mic/20251028_133000.WAV,20251028_133000_subject073_067,073_067,M,Control_Control,125824
/datastar/behavior_rooms/2CAP/2025-10-28_12-49-11_Prat_Urgency_group3/pi-data_2025-10-28_12-49-11_Prat_Urgency_group3/box03/mic/20251028_133500.WAV,20251028_133500_subject073_067,073_067,M,Control_Control,125824
/datastar/behavior_rooms/2CAP/2025-10-28_12-49-11_Prat_Urgency_group3/pi-data_2025-10-28_12-49-11_Prat_Urgency_group3/box03/mic/20251028_134000.WAV,20251028_134000_subject073_067,073_067,M,Control_Control,125824
/datastar/behavior_rooms/2CAP/2025-10-28_12-49-11_Prat_Urgency_group3/pi-data_2025-10-28_12-49-11_Prat_Urgency_group3/box03/mic/20251028_134500.WAV,20251028_134500_subject073_067,073_067,M,Control_Control,125824
/datastar/behavior_rooms/2CAP/2025-10-28_12-49-11_Prat_Urgency_group3/pi-data_2025-10-28_12-49-11_Prat_Urgency_group3/box03/mic/20251028_135000.WAV,20251028_135000_subject073_067,073_067,M,Control_Control,125824
/datastar/behavior_rooms/2CAP/2025-10-28_12-49-11_Prat_Urgency_group3/pi-data_2025-10-28_12-49-11_Prat_Urgency_group3/box03/mic/20251028_135500.WAV,20251028_135500_subject073_067,073_067,M,Control_Control,125824
/datastar/behavior_rooms/2CAP/2025-10-28_12-49-11_Prat_Urgency_group3/pi-data_2025-10-28_12-49-11_Prat_Urgency_group3/box03/mic/20251028_140000.WAV,20251028_140000_subject073_067,073_067,M,Control_Control,125824
/datastar/behavior_rooms/2CAP/2025-10-28_12-49-11_Prat_Urgency_group3/pi-data_2025-10-28_12-49-11_Prat_Urgency_group3/box04/mic/20251028_125504.WAV,20251028_125504_subject084_096,084_096,F,EtOH_EtOH,125908
/datastar/behavior_rooms/2CAP/2025-10-28_12-49-11_Prat_Urgency_group3/pi-data_2025-10-28_12-49-11_Prat_Urgency_group3/box04/mic/20251028_130000.WAV,20251028_130000_subject084_096,084_096,F,EtOH_EtOH,125908
/datastar/behavior_rooms/2CAP/2025-10-28_12-49-11_Prat_Urgency_group3/pi-data_2025-10-28_12-49-11_Prat_Urgency_group3/box04/mic/20251028_130500.WAV,20251028_130500_subject084_096,084_096,F,EtOH_EtOH,125908
/datastar/behavior_rooms/2CAP/2025-10-28_12-49-11_Prat_Urgency_group3/pi-data_2025-10-28_12-49-11_Prat_Urgency_group3/box04/mic/20251028_131000.WAV,20251028_131000_subject084_096,084_096,F,EtOH_EtOH,125908
/datastar/behavior_rooms/2CAP/2025-10-28_12-49-11_Prat_Urgency_group3/pi-data_2025-10-28_12-49-11_Prat_Urgency_group3/box04/mic/20251028_131500.WAV,20251028_131500_subject084_096,084_096,F,EtOH_EtOH,125908
/datastar/behavior_rooms/2CAP/2025-10-28_12-49-11_Prat_Urgency_group3/pi-data_2025-10-28_12-49-11_Prat_Urgency_group3/box04/mic/20251028_132000.WAV,20251028_132000_subject084_096,084_096,F,EtOH_EtOH,125908
/datastar/behavior_rooms/2CAP/2025-10-28_12-49-11_Prat_Urgency_group3/pi-data_2025-10-28_12-49-11_Prat_Urgency_group3/box04/mic/20251028_132500.WAV,20251028_132500_subject084_096,084_096,F,EtOH_EtOH,125908
/datastar/behavior_rooms/2CAP/2025-10-28_12-49-11_Prat_Urgency_group3/pi-data_2025-10-28_12-49-11_Prat_Urgency_group3/box04/mic/20251028_133000.WAV,20251028_133000_subject084_096,084_096,F,EtOH_EtOH,125908
/datastar/behavior_rooms/2CAP/2025-10-28_12-49-11_Prat_Urgency_group3/pi-data_2025-10-28_12-49-11_Prat_Urgency_group3/box04/mic/20251028_133500.WAV,20251028_133500_subject084_096,084_096,F,EtOH_EtOH,125908
/datastar/behavior_rooms/2CAP/2025-10-28_12-49-11_Prat_Urgency_group3/pi-data_2025-10-28_12-49-11_Prat_Urgency_group3/box04/mic/20251028_134000.WAV,20251028_134000_subject084_096,084_096,F,EtOH_EtOH,125908
/datastar/behavior_rooms/2CAP/2025-10-28_12-49-11_Prat_Urgency_group3/pi-data_2025-10-28_12-49-11_Prat_Urgency_group3/box04/mic/20251028_134500.WAV,20251028_134500_subject084_096,084_096,F,EtOH_EtOH,125908
/datastar/behavior_rooms/2CAP/2025-10-28_12-49-11_Prat_Urgency_group3/pi-data_2025-10-28_12-49-11_Prat_Urgency_group3/box04/mic/20251028_135000.WAV,20251028_135000_subject084_096,084_096,F,EtOH_EtOH,125908
/datastar/behavior_rooms/2CAP/2025-10-28_12-49-11_Prat_Urgency_group3/pi-data_2025-10-28_12-49-11_Prat_Urgency_group3/box04/mic/20251028_135500.WAV,20251028_135500_subject084_096,084_096,F,EtOH_EtOH,125908
/datastar/behavior_rooms/2CAP/2025-10-28_12-49-11_Prat_Urgency_group3/pi-data_2025-10-28_12-49-11_Prat_Urgency_group3/box04/mic/20251028_140000.WAV,20251028_140000_subject084_096,084_096,F,EtOH_EtOH,125908
/datastar/behavior_rooms/2CAP/2025-10-28_12-49-11_Prat_Urgency_group3/pi-data_2025-10-28_12-49-11_Prat_Urgency_group3/box06/mic/20251028_125504.WAV,20251028_125504_subject092_062,092_062,F,EtOH_Control,125946
/datastar/behavior_rooms/2CAP/2025-10-28_12-49-11_Prat_Urgency_group3/pi-data_2025-10-28_12-49-11_Prat_Urgency_group3/box06/mic/20251028_130000.WAV,20251028_130000_subject092_062,092_062,F,EtOH_Control,125946
/datastar/behavior_rooms/2CAP/2025-10-28_12-49-11_Prat_Urgency_group3/pi-data_2025-10-28_12-49-11_Prat_Urgency_group3/box06/mic/20251028_130500.WAV,20251028_130500_subject092_062,092_062,F,EtOH_Control,125946
/datastar/behavior_rooms/2CAP/2025-10-28_12-49-11_Prat_Urgency_group3/pi-data_2025-10-28_12-49-11_Prat_Urgency_group3/box06/mic/20251028_131000.WAV,20251028_131000_subject092_062,092_062,F,EtOH_Control,125946
/datastar/behavior_rooms/2CAP/2025-10-28_12-49-11_Prat_Urgency_group3/pi-data_2025-10-28_12-49-11_Prat_Urgency_group3/box06/mic/20251028_131500.WAV,20251028_131500_subject092_062,092_062,F,EtOH_Control,125946
/datastar/behavior_rooms/2CAP/2025-10-28_12-49-11_Prat_Urgency_group3/pi-data_2025-10-28_12-49-11_Prat_Urgency_group3/box06/mic/20251028_132000.WAV,20251028_132000_subject092_062,092_062,F,EtOH_Control,125946
/datastar/behavior_rooms/2CAP/2025-10-28_12-49-11_Prat_Urgency_group3/pi-data_2025-10-28_12-49-11_Prat_Urgency_group3/box06/mic/20251028_132500.WAV,20251028_132500_subject092_062,092_062,F,EtOH_Control,125946
/datastar/behavior_rooms/2CAP/2025-10-28_12-49-11_Prat_Urgency_group3/pi-data_2025-10-28_12-49-11_Prat_Urgency_group3/box06/mic/20251028_133000.WAV,20251028_133000_subject092_062,092_062,F,EtOH_Control,125946
/datastar/behavior_rooms/2CAP/2025-10-28_12-49-11_Prat_Urgency_group3/pi-data_2025-10-28_12-49-11_Prat_Urgency_group3/box06/mic/20251028_133500.WAV,20251028_133500_subject092_062,092_062,F,EtOH_Control,125946
/datastar/behavior_rooms/2CAP/2025-10-28_12-49-11_Prat_Urgency_group3/pi-data_2025-10-28_12-49-11_Prat_Urgency_group3/box06/mic/20251028_134000.WAV,20251028_134000_subject092_062,092_062,F,EtOH_Control,125946
/datastar/behavior_rooms/2CAP/2025-10-28_12-49-11_Prat_Urgency_group3/pi-data_2025-10-28_12-49-11_Prat_Urgency_group3/box06/mic/20251028_134500.WAV,20251028_134500_subject092_062,092_062,F,EtOH_Control,125946
/datastar/behavior_rooms/2CAP/2025-10-28_12-49-11_Prat_Urgency_group3/pi-data_2025-10-28_12-49-11_Prat_Urgency_group3/box06/mic/20251028_135000.WAV,20251028_135000_subject092_062,092_062,F,EtOH_Control,125946
/datastar/behavior_rooms/2CAP/2025-10-28_12-49-11_Prat_Urgency_group3/pi-data_2025-10-28_12-49-11_Prat_Urgency_group3/box06/mic/20251028_135500.WAV,20251028_135500_subject092_062,092_062,F,EtOH_Control,125946
/datastar/behavior_rooms/2CAP/2025-10-28_12-49-11_Prat_Urgency_group3/pi-data_2025-10-28_12-49-11_Prat_Urgency_group3/box06/mic/20251028_140000.WAV,20251028_140000_subject092_062,092_062,F,EtOH_Control,125946
/datastar/behavior_rooms/2CAP/2025-10-28_14-20-54_Prat_Urgency_group4/pi-data_2025-10-28_14-20-54_Prat_Urgency_group4/box01/mic/20251028_142726.WAV,20251028_142726_subject064_094,064_094,F,Control_EtOH,142937
/datastar/behavior_rooms/2CAP/2025-10-28_14-20-54_Prat_Urgency_group4/pi-data_2025-10-28_14-20-54_Prat_Urgency_group4/box01/mic/20251028_143000.WAV,20251028_143000_subject064_094,064_094,F,Control_EtOH,142937
/datastar/behavior_rooms/2CAP/2025-10-28_14-20-54_Prat_Urgency_group4/pi-data_2025-10-28_14-20-54_Prat_Urgency_group4/box01/mic/20251028_143500.WAV,20251028_143500_subject064_094,064_094,F,Control_EtOH,142937
/datastar/behavior_rooms/2CAP/2025-10-28_14-20-54_Prat_Urgency_group4/pi-data_2025-10-28_14-20-54_Prat_Urgency_group4/box01/mic/20251028_144000.WAV,20251028_144000_subject064_094,064_094,F,Control_EtOH,142937
/datastar/behavior_rooms/2CAP/2025-10-28_14-20-54_Prat_Urgency_group4/pi-data_2025-10-28_14-20-54_Prat_Urgency_group4/box01/mic/20251028_144500.WAV,20251028_144500_subject064_094,064_094,F,Control_EtOH,142937
/datastar/behavior_rooms/2CAP/2025-10-28_14-20-54_Prat_Urgency_group4/pi-data_2025-10-28_14-20-54_Prat_Urgency_group4/box01/mic/20251028_145000.WAV,20251028_145000_subject064_094,064_094,F,Control_EtOH,142937
/datastar/behavior_rooms/2CAP/2025-10-28_14-20-54_Prat_Urgency_group4/pi-data_2025-10-28_14-20-54_Prat_Urgency_group4/box01/mic/20251028_145500.WAV,20251028_145500_subject064_094,064_094,F,Control_EtOH,142937
/datastar/behavior_rooms/2CAP/2025-10-28_14-20-54_Prat_Urgency_group4/pi-data_2025-10-28_14-20-54_Prat_Urgency_group4/box01/mic/20251028_150000.WAV,20251028_150000_subject064_094,064_094,F,Control_EtOH,142937
/datastar/behavior_rooms/2CAP/2025-10-28_14-20-54_Prat_Urgency_group4/pi-data_2025-10-28_14-20-54_Prat_Urgency_group4/box01/mic/20251028_150500.WAV,20251028_150500_subject064_094,064_094,F,Control_EtOH,142937
/datastar/behavior_rooms/2CAP/2025-10-28_14-20-54_Prat_Urgency_group4/pi-data_2025-10-28_14-20-54_Prat_Urgency_group4/box01/mic/20251028_151000.WAV,20251028_151000_subject064_094,064_094,F,Control_EtOH,142937
/datastar/behavior_rooms/2CAP/2025-10-28_14-20-54_Prat_Urgency_group4/pi-data_2025-10-28_14-20-54_Prat_Urgency_group4/box01/mic/20251028_151500.WAV,20251028_151500_subject064_094,064_094,F,Control_EtOH,142937
/datastar/behavior_rooms/2CAP/2025-10-28_14-20-54_Prat_Urgency_group4/pi-data_2025-10-28_14-20-54_Prat_Urgency_group4/box01/mic/20251028_152000.WAV,20251028_152000_subject064_094,064_094,F,Control_EtOH,142937
/datastar/behavior_rooms/2CAP/2025-10-28_14-20-54_Prat_Urgency_group4/pi-data_2025-10-28_14-20-54_Prat_Urgency_group4/box01/mic/20251028_152500.WAV,20251028_152500_subject064_094,064_094,F,Control_EtOH,142937
/datastar/behavior_rooms/2CAP/2025-10-28_14-20-54_Prat_Urgency_group4/pi-data_2025-10-28_14-20-54_Prat_Urgency_group4/box01/mic/20251028_153000.WAV,20251028_153000_subject064_094,064_094,F,Control_EtOH,142937
/datastar/behavior_rooms/2CAP/2025-10-28_14-20-54_Prat_Urgency_group4/pi-data_2025-10-28_14-20-54_Prat_Urgency_group4/box04/mic/20251028_142726.WAV,20251028_142726_subject068,068,F,Control,143107
/datastar/behavior_rooms/2CAP/2025-10-28_14-20-54_Prat_Urgency_group4/pi-data_2025-10-28_14-20-54_Prat_Urgency_group4/box04/mic/20251028_143000.WAV,20251028_143000_subject068,068,F,Control,143107
/datastar/behavior_rooms/2CAP/2025-10-28_14-20-54_Prat_Urgency_group4/pi-data_2025-10-28_14-20-54_Prat_Urgency_group4/box04/mic/20251028_143500.WAV,20251028_143500_subject068,068,F,Control,143107
/datastar/behavior_rooms/2CAP/2025-10-28_14-20-54_Prat_Urgency_group4/pi-data_2025-10-28_14-20-54_Prat_Urgency_group4/box04/mic/20251028_144000.WAV,20251028_144000_subject068,068,F,Control,143107
/datastar/behavior_rooms/2CAP/2025-10-28_14-20-54_Prat_Urgency_group4/pi-data_2025-10-28_14-20-54_Prat_Urgency_group4/box04/mic/20251028_144500.WAV,20251028_144500_subject068,068,F,Control,143107
/datastar/behavior_rooms/2CAP/2025-10-28_14-20-54_Prat_Urgency_group4/pi-data_2025-10-28_14-20-54_Prat_Urgency_group4/box04/mic/20251028_145000.WAV,20251028_145000_subject068,068,F,Control,143107
/datastar/behavior_rooms/2CAP/2025-10-28_14-20-54_Prat_Urgency_group4/pi-data_2025-10-28_14-20-54_Prat_Urgency_group4/box04/mic/20251028_145500.WAV,20251028_145500_subject068,068,F,Control,143107
/datastar/behavior_rooms/2CAP/2025-10-28_14-20-54_Prat_Urgency_group4/pi-data_2025-10-28_14-20-54_Prat_Urgency_group4/box04/mic/20251028_150000.WAV,20251028_150000_subject068,068,F,Control,143107
/datastar/behavior_rooms/2CAP/2025-10-28_14-20-54_Prat_Urgency_group4/pi-data_2025-10-28_14-20-54_Prat_Urgency_group4/box04/mic/20251028_150500.WAV,20251028_150500_subject068,068,F,Control,143107
/datastar/behavior_rooms/2CAP/2025-10-28_14-20-54_Prat_Urgency_group4/pi-data_2025-10-28_14-20-54_Prat_Urgency_group4/box04/mic/20251028_151000.WAV,20251028_151000_subject068,068,F,Control,143107
/datastar/behavior_rooms/2CAP/2025-10-28_14-20-54_Prat_Urgency_group4/pi-data_2025-10-28_14-20-54_Prat_Urgency_group4/box04/mic/20251028_151500.WAV,20251028_151500_subject068,068,F,Control,143107
/datastar/behavior_rooms/2CAP/2025-10-28_14-20-54_Prat_Urgency_group4/pi-data_2025-10-28_14-20-54_Prat_Urgency_group4/box04/mic/20251028_152000.WAV,20251028_152000_subject068,068,F,Control,143107
/datastar/behavior_rooms/2CAP/2025-10-28_14-20-54_Prat_Urgency_group4/pi-data_2025-10-28_14-20-54_Prat_Urgency_group4/box04/mic/20251028_152500.WAV,20251028_152500_subject068,068,F,Control,143107
/datastar/behavior_rooms/2CAP/2025-10-28_14-20-54_Prat_Urgency_group4/pi-data_2025-10-28_14-20-54_Prat_Urgency_group4/box04/mic/20251028_153000.WAV,20251028_153000_subject068,068,F,Control,143107
/datastar/behavior_rooms/2CAP/2025-10-28_14-20-54_Prat_Urgency_group4/pi-data_2025-10-28_14-20-54_Prat_Urgency_group4/box03/mic/20251028_142726.WAV,20251028_142726_subject070_066,070_066,F,Control_Control,143044
/datastar/behavior_rooms/2CAP/2025-10-28_14-20-54_Prat_Urgency_group4/pi-data_2025-10-28_14-20-54_Prat_Urgency_group4/box03/mic/20251028_143000.WAV,20251028_143000_subject070_066,070_066,F,Control_Control,143044
/datastar/behavior_rooms/2CAP/2025-10-28_14-20-54_Prat_Urgency_group4/pi-data_2025-10-28_14-20-54_Prat_Urgency_group4/box03/mic/20251028_143500.WAV,20251028_143500_subject070_066,070_066,F,Control_Control,143044
/datastar/behavior_rooms/2CAP/2025-10-28_14-20-54_Prat_Urgency_group4/pi-data_2025-10-28_14-20-54_Prat_Urgency_group4/box03/mic/20251028_144000.WAV,20251028_144000_subject070_066,070_066,F,Control_Control,143044
/datastar/behavior_rooms/2CAP/2025-10-28_14-20-54_Prat_Urgency_group4/pi-data_2025-10-28_14-20-54_Prat_Urgency_group4/box03/mic/20251028_144500.WAV,20251028_144500_subject070_066,070_066,F,Control_Control,143044
/datastar/behavior_rooms/2CAP/2025-10-28_14-20-54_Prat_Urgency_group4/pi-data_2025-10-28_14-20-54_Prat_Urgency_group4/box03/mic/20251028_145000.WAV,20251028_145000_subject070_066,070_066,F,Control_Control,143044
/datastar/behavior_rooms/2CAP/2025-10-28_14-20-54_Prat_Urgency_group4/pi-data_2025-10-28_14-20-54_Prat_Urgency_group4/box03/mic/20251028_145500.WAV,20251028_145500_subject070_066,070_066,F,Control_Control,143044
/datastar/behavior_rooms/2CAP/2025-10-28_14-20-54_Prat_Urgency_group4/pi-data_2025-10-28_14-20-54_Prat_Urgency_group4/box03/mic/20251028_150000.WAV,20251028_150000_subject070_066,070_066,F,Control_Control,143044
/datastar/behavior_rooms/2CAP/2025-10-28_14-20-54_Prat_Urgency_group4/pi-data_2025-10-28_14-20-54_Prat_Urgency_group4/box03/mic/20251028_150500.WAV,20251028_150500_subject070_066,070_066,F,Control_Control,143044
/datastar/behavior_rooms/2CAP/2025-10-28_14-20-54_Prat_Urgency_group4/pi-data_2025-10-28_14-20-54_Prat_Urgency_group4/box03/mic/20251028_151000.WAV,20251028_151000_subject070_066,070_066,F,Control_Control,143044
/datastar/behavior_rooms/2CAP/2025-10-28_14-20-54_Prat_Urgency_group4/pi-data_2025-10-28_14-20-54_Prat_Urgency_group4/box03/mic/20251028_151500.WAV,20251028_151500_subject070_066,070_066,F,Control_Control,143044
/datastar/behavior_rooms/2CAP/2025-10-28_14-20-54_Prat_Urgency_group4/pi-data_2025-10-28_14-20-54_Prat_Urgency_group4/box03/mic/20251028_152000.WAV,20251028_152000_subject070_066,070_066,F,Control_Control,143044
/datastar/behavior_rooms/2CAP/2025-10-28_14-20-54_Prat_Urgency_group4/pi-data_2025-10-28_14-20-54_Prat_Urgency_group4/box03/mic/20251028_152500.WAV,20251028_152500_subject070_066,070_066,F,Control_Control,143044
/datastar/behavior_rooms/2CAP/2025-10-28_14-20-54_Prat_Urgency_group4/pi-data_2025-10-28_14-20-54_Prat_Urgency_group4/box03/mic/20251028_153000.WAV,20251028_153000_subject070_066,070_066,F,Control_Control,143044
/datastar/behavior_rooms/2CAP/2025-10-28_14-20-54_Prat_Urgency_group4/pi-data_2025-10-28_14-20-54_Prat_Urgency_group4/box02/mic/20251028_142726.WAV,20251028_142726_subject081,081,M,EtOH,142959
/datastar/behavior_rooms/2CAP/2025-10-28_14-20-54_Prat_Urgency_group4/pi-data_2025-10-28_14-20-54_Prat_Urgency_group4/box02/mic/20251028_143000.WAV,20251028_143000_subject081,081,M,EtOH,142959
/datastar/behavior_rooms/2CAP/2025-10-28_14-20-54_Prat_Urgency_group4/pi-data_2025-10-28_14-20-54_Prat_Urgency_group4/box02/mic/20251028_143500.WAV,20251028_143500_subject081,081,M,EtOH,142959
/datastar/behavior_rooms/2CAP/2025-10-28_14-20-54_Prat_Urgency_group4/pi-data_2025-10-28_14-20-54_Prat_Urgency_group4/box02/mic/20251028_144000.WAV,20251028_144000_subject081,081,M,EtOH,142959
/datastar/behavior_rooms/2CAP/2025-10-28_14-20-54_Prat_Urgency_group4/pi-data_2025-10-28_14-20-54_Prat_Urgency_group4/box02/mic/20251028_144500.WAV,20251028_144500_subject081,081,M,EtOH,142959
/datastar/behavior_rooms/2CAP/2025-10-28_14-20-54_Prat_Urgency_group4/pi-data_2025-10-28_14-20-54_Prat_Urgency_group4/box02/mic/20251028_145000.WAV,20251028_145000_subject081,081,M,EtOH,142959
/datastar/behavior_rooms/2CAP/2025-10-28_14-20-54_Prat_Urgency_group4/pi-data_2025-10-28_14-20-54_Prat_Urgency_group4/box02/mic/20251028_145500.WAV,20251028_145500_subject081,081,M,EtOH,142959
/datastar/behavior_rooms/2CAP/2025-10-28_14-20-54_Prat_Urgency_group4/pi-data_2025-10-28_14-20-54_Prat_Urgency_group4/box02/mic/20251028_150000.WAV,20251028_150000_subject081,081,M,EtOH,142959
/datastar/behavior_rooms/2CAP/2025-10-28_14-20-54_Prat_Urgency_group4/pi-data_2025-10-28_14-20-54_Prat_Urgency_group4/box02/mic/20251028_150500.WAV,20251028_150500_subject081,081,M,EtOH,142959
/datastar/behavior_rooms/2CAP/2025-10-28_14-20-54_Prat_Urgency_group4/pi-data_2025-10-28_14-20-54_Prat_Urgency_group4/box02/mic/20251028_151000.WAV,20251028_151000_subject081,081,M,EtOH,142959
/datastar/behavior_rooms/2CAP/2025-10-28_14-20-54_Prat_Urgency_group4/pi-data_2025-10-28_14-20-54_Prat_Urgency_group4/box02/mic/20251028_151500.WAV,20251028_151500_subject081,081,M,EtOH,142959
/datastar/behavior_rooms/2CAP/2025-10-28_14-20-54_Prat_Urgency_group4/pi-data_2025-10-28_14-20-54_Prat_Urgency_group4/box02/mic/20251028_152000.WAV,20251028_152000_subject081,081,M,EtOH,142959
/datastar/behavior_rooms/2CAP/2025-10-28_14-20-54_Prat_Urgency_group4/pi-data_2025-10-28_14-20-54_Prat_Urgency_group4/box02/mic/20251028_152500.WAV,20251028_152500_subject081,081,M,EtOH,142959
/datastar/behavior_rooms/2CAP/2025-10-28_14-20-54_Prat_Urgency_group4/pi-data_2025-10-28_14-20-54_Prat_Urgency_group4/box02/mic/20251028_153000.WAV,20251028_153000_subject081,081,M,EtOH,142959
/datastar/behavior_rooms/2CAP/2025-10-28_14-20-54_Prat_Urgency_group4/pi-data_2025-10-28_14-20-54_Prat_Urgency_group4/box05/mic/20251028_142726.WAV,20251028_142726_subject083_063,083_063,M,EtOH_Control,143145
/datastar/behavior_rooms/2CAP/2025-10-28_14-20-54_Prat_Urgency_group4/pi-data_2025-10-28_14-20-54_Prat_Urgency_group4/box05/mic/20251028_143000.WAV,20251028_143000_subject083_063,083_063,M,EtOH_Control,143145
/datastar/behavior_rooms/2CAP/2025-10-28_14-20-54_Prat_Urgency_group4/pi-data_2025-10-28_14-20-54_Prat_Urgency_group4/box05/mic/20251028_143500.WAV,20251028_143500_subject083_063,083_063,M,EtOH_Control,143145
/datastar/behavior_rooms/2CAP/2025-10-28_14-20-54_Prat_Urgency_group4/pi-data_2025-10-28_14-20-54_Prat_Urgency_group4/box05/mic/20251028_144000.WAV,20251028_144000_subject083_063,083_063,M,EtOH_Control,143145
/datastar/behavior_rooms/2CAP/2025-10-28_14-20-54_Prat_Urgency_group4/pi-data_2025-10-28_14-20-54_Prat_Urgency_group4/box05/mic/20251028_144500.WAV,20251028_144500_subject083_063,083_063,M,EtOH_Control,143145
/datastar/behavior_rooms/2CAP/2025-10-28_14-20-54_Prat_Urgency_group4/pi-data_2025-10-28_14-20-54_Prat_Urgency_group4/box05/mic/20251028_145000.WAV,20251028_145000_subject083_063,083_063,M,EtOH_Control,143145
/datastar/behavior_rooms/2CAP/2025-10-28_14-20-54_Prat_Urgency_group4/pi-data_2025-10-28_14-20-54_Prat_Urgency_group4/box05/mic/20251028_145500.WAV,20251028_145500_subject083_063,083_063,M,EtOH_Control,143145
/datastar/behavior_rooms/2CAP/2025-10-28_14-20-54_Prat_Urgency_group4/pi-data_2025-10-28_14-20-54_Prat_Urgency_group4/box05/mic/20251028_150000.WAV,20251028_150000_subject083_063,083_063,M,EtOH_Control,143145
/datastar/behavior_rooms/2CAP/2025-10-28_14-20-54_Prat_Urgency_group4/pi-data_2025-10-28_14-20-54_Prat_Urgency_group4/box05/mic/20251028_150500.WAV,20251028_150500_subject083_063,083_063,M,EtOH_Control,143145
/datastar/behavior_rooms/2CAP/2025-10-28_14-20-54_Prat_Urgency_group4/pi-data_2025-10-28_14-20-54_Prat_Urgency_group4/box05/mic/20251028_151000.WAV,20251028_151000_subject083_063,083_063,M,EtOH_Control,143145
/datastar/behavior_rooms/2CAP/2025-10-28_14-20-54_Prat_Urgency_group4/pi-data_2025-10-28_14-20-54_Prat_Urgency_group4/box05/mic/20251028_151500.WAV,20251028_151500_subject083_063,083_063,M,EtOH_Control,143145
/datastar/behavior_rooms/2CAP/2025-10-28_14-20-54_Prat_Urgency_group4/pi-data_2025-10-28_14-20-54_Prat_Urgency_group4/box05/mic/20251028_152000.WAV,20251028_152000_subject083_063,083_063,M,EtOH_Control,143145
/datastar/behavior_rooms/2CAP/2025-10-28_14-20-54_Prat_Urgency_group4/pi-data_2025-10-28_14-20-54_Prat_Urgency_group4/box05/mic/20251028_152500.WAV,20251028_152500_subject083_063,083_063,M,EtOH_Control,143145
/datastar/behavior_rooms/2CAP/2025-10-28_14-20-54_Prat_Urgency_group4/pi-data_2025-10-28_14-20-54_Prat_Urgency_group4/box05/mic/20251028_153000.WAV,20251028_153000_subject083_063,083_063,M,EtOH_Control,143145
/datastar/behavior_rooms/2CAP/2025-10-28_14-20-54_Prat_Urgency_group4/pi-data_2025-10-28_14-20-54_Prat_Urgency_group4/box06/mic/20251028_142725.WAV,20251028_142725_subject095_087,095_087,M,EtOH_EtOH,143227
/datastar/behavior_rooms/2CAP/2025-10-28_14-20-54_Prat_Urgency_group4/pi-data_2025-10-28_14-20-54_Prat_Urgency_group4/box06/mic/20251028_143000.WAV,20251028_143000_subject095_087,095_087,M,EtOH_EtOH,143227
/datastar/behavior_rooms/2CAP/2025-10-28_14-20-54_Prat_Urgency_group4/pi-data_2025-10-28_14-20-54_Prat_Urgency_group4/box06/mic/20251028_143500.WAV,20251028_143500_subject095_087,095_087,M,EtOH_EtOH,143227
/datastar/behavior_rooms/2CAP/2025-10-28_14-20-54_Prat_Urgency_group4/pi-data_2025-10-28_14-20-54_Prat_Urgency_group4/box06/mic/20251028_144000.WAV,20251028_144000_subject095_087,095_087,M,EtOH_EtOH,143227
/datastar/behavior_rooms/2CAP/2025-10-28_14-20-54_Prat_Urgency_group4/pi-data_2025-10-28_14-20-54_Prat_Urgency_group4/box06/mic/20251028_144500.WAV,20251028_144500_subject095_087,095_087,M,EtOH_EtOH,143227
/datastar/behavior_rooms/2CAP/2025-10-28_14-20-54_Prat_Urgency_group4/pi-data_2025-10-28_14-20-54_Prat_Urgency_group4/box06/mic/20251028_145000.WAV,20251028_145000_subject095_087,095_087,M,EtOH_EtOH,143227
/datastar/behavior_rooms/2CAP/2025-10-28_14-20-54_Prat_Urgency_group4/pi-data_2025-10-28_14-20-54_Prat_Urgency_group4/box06/mic/20251028_145500.WAV,20251028_145500_subject095_087,095_087,M,EtOH_EtOH,143227
/datastar/behavior_rooms/2CAP/2025-10-28_14-20-54_Prat_Urgency_group4/pi-data_2025-10-28_14-20-54_Prat_Urgency_group4/box06/mic/20251028_150000.WAV,20251028_150000_subject095_087,095_087,M,EtOH_EtOH,143227
/datastar/behavior_rooms/2CAP/2025-10-28_14-20-54_Prat_Urgency_group4/pi-data_2025-10-28_14-20-54_Prat_Urgency_group4/box06/mic/20251028_150500.WAV,20251028_150500_subject095_087,095_087,M,EtOH_EtOH,143227
/datastar/behavior_rooms/2CAP/2025-10-28_14-20-54_Prat_Urgency_group4/pi-data_2025-10-28_14-20-54_Prat_Urgency_group4/box06/mic/20251028_151000.WAV,20251028_151000_subject095_087,095_087,M,EtOH_EtOH,143227
/datastar/behavior_rooms/2CAP/2025-10-28_14-20-54_Prat_Urgency_group4/pi-data_2025-10-28_14-20-54_Prat_Urgency_group4/box06/mic/20251028_151500.WAV,20251028_151500_subject095_087,095_087,M,EtOH_EtOH,143227
/datastar/behavior_rooms/2CAP/2025-10-28_14-20-54_Prat_Urgency_group4/pi-data_2025-10-28_14-20-54_Prat_Urgency_group4/box06/mic/20251028_152000.WAV,20251028_152000_subject095_087,095_087,M,EtOH_EtOH,143227
/datastar/behavior_rooms/2CAP/2025-10-28_14-20-54_Prat_Urgency_group4/pi-data_2025-10-28_14-20-54_Prat_Urgency_group4/box06/mic/20251028_152500.WAV,20251028_152500_subject095_087,095_087,M,EtOH_EtOH,143227
/datastar/behavior_rooms/2CAP/2025-10-28_14-20-54_Prat_Urgency_group4/pi-data_2025-10-28_14-20-54_Prat_Urgency_group4/box06/mic/20251028_153000.WAV,20251028_153000_subject095_087,095_087,M,EtOH_EtOH,143227
/datastar/behavior_rooms/2CAP/2025-10-29_09-26-24_Prat_Urgency_group1/pi-data_2025-10-29_09-26-24_Prat_Urgency_group1/box03/mic/20251029_093505.WAV,20251029_093505_subject059_085,059_085,M,Control_EtOH,093742
/datastar/behavior_rooms/2CAP/2025-10-29_09-26-24_Prat_Urgency_group1/pi-data_2025-10-29_09-26-24_Prat_Urgency_group1/box03/mic/20251029_094000.WAV,20251029_094000_subject059_085,059_085,M,Control_EtOH,093742
/datastar/behavior_rooms/2CAP/2025-10-29_09-26-24_Prat_Urgency_group1/pi-data_2025-10-29_09-26-24_Prat_Urgency_group1/box03/mic/20251029_094500.WAV,20251029_094500_subject059_085,059_085,M,Control_EtOH,093742
/datastar/behavior_rooms/2CAP/2025-10-29_09-26-24_Prat_Urgency_group1/pi-data_2025-10-29_09-26-24_Prat_Urgency_group1/box03/mic/20251029_095000.WAV,20251029_095000_subject059_085,059_085,M,Control_EtOH,093742
/datastar/behavior_rooms/2CAP/2025-10-29_09-26-24_Prat_Urgency_group1/pi-data_2025-10-29_09-26-24_Prat_Urgency_group1/box03/mic/20251029_095500.WAV,20251029_095500_subject059_085,059_085,M,Control_EtOH,093742
/datastar/behavior_rooms/2CAP/2025-10-29_09-26-24_Prat_Urgency_group1/pi-data_2025-10-29_09-26-24_Prat_Urgency_group1/box03/mic/20251029_100000.WAV,20251029_100000_subject059_085,059_085,M,Control_EtOH,093742
/datastar/behavior_rooms/2CAP/2025-10-29_09-26-24_Prat_Urgency_group1/pi-data_2025-10-29_09-26-24_Prat_Urgency_group1/box03/mic/20251029_100500.WAV,20251029_100500_subject059_085,059_085,M,Control_EtOH,093742
/datastar/behavior_rooms/2CAP/2025-10-29_09-26-24_Prat_Urgency_group1/pi-data_2025-10-29_09-26-24_Prat_Urgency_group1/box03/mic/20251029_101000.WAV,20251029_101000_subject059_085,059_085,M,Control_EtOH,093742
/datastar/behavior_rooms/2CAP/2025-10-29_09-26-24_Prat_Urgency_group1/pi-data_2025-10-29_09-26-24_Prat_Urgency_group1/box03/mic/20251029_101500.WAV,20251029_101500_subject059_085,059_085,M,Control_EtOH,093742
/datastar/behavior_rooms/2CAP/2025-10-29_09-26-24_Prat_Urgency_group1/pi-data_2025-10-29_09-26-24_Prat_Urgency_group1/box03/mic/20251029_102000.WAV,20251029_102000_subject059_085,059_085,M,Control_EtOH,093742
/datastar/behavior_rooms/2CAP/2025-10-29_09-26-24_Prat_Urgency_group1/pi-data_2025-10-29_09-26-24_Prat_Urgency_group1/box03/mic/20251029_102500.WAV,20251029_102500_subject059_085,059_085,M,Control_EtOH,093742
/datastar/behavior_rooms/2CAP/2025-10-29_09-26-24_Prat_Urgency_group1/pi-data_2025-10-29_09-26-24_Prat_Urgency_group1/box03/mic/20251029_103000.WAV,20251029_103000_subject059_085,059_085,M,Control_EtOH,093742
/datastar/behavior_rooms/2CAP/2025-10-29_09-26-24_Prat_Urgency_group1/pi-data_2025-10-29_09-26-24_Prat_Urgency_group1/box03/mic/20251029_103500.WAV,20251029_103500_subject059_085,059_085,M,Control_EtOH,093742
/datastar/behavior_rooms/2CAP/2025-10-29_09-26-24_Prat_Urgency_group1/pi-data_2025-10-29_09-26-24_Prat_Urgency_group1/box04/mic/20251029_093505.WAV,20251029_093505_subject065_061,065_061,M,Control_Control,093821
/datastar/behavior_rooms/2CAP/2025-10-29_09-26-24_Prat_Urgency_group1/pi-data_2025-10-29_09-26-24_Prat_Urgency_group1/box04/mic/20251029_094000.WAV,20251029_094000_subject065_061,065_061,M,Control_Control,093821
/datastar/behavior_rooms/2CAP/2025-10-29_09-26-24_Prat_Urgency_group1/pi-data_2025-10-29_09-26-24_Prat_Urgency_group1/box04/mic/20251029_094500.WAV,20251029_094500_subject065_061,065_061,M,Control_Control,093821
/datastar/behavior_rooms/2CAP/2025-10-29_09-26-24_Prat_Urgency_group1/pi-data_2025-10-29_09-26-24_Prat_Urgency_group1/box04/mic/20251029_095000.WAV,20251029_095000_subject065_061,065_061,M,Control_Control,093821
/datastar/behavior_rooms/2CAP/2025-10-29_09-26-24_Prat_Urgency_group1/pi-data_2025-10-29_09-26-24_Prat_Urgency_group1/box04/mic/20251029_095500.WAV,20251029_095500_subject065_061,065_061,M,Control_Control,093821
/datastar/behavior_rooms/2CAP/2025-10-29_09-26-24_Prat_Urgency_group1/pi-data_2025-10-29_09-26-24_Prat_Urgency_group1/box04/mic/20251029_100000.WAV,20251029_100000_subject065_061,065_061,M,Control_Control,093821
/datastar/behavior_rooms/2CAP/2025-10-29_09-26-24_Prat_Urgency_group1/pi-data_2025-10-29_09-26-24_Prat_Urgency_group1/box04/mic/20251029_100500.WAV,20251029_100500_subject065_061,065_061,M,Control_Control,093821
/datastar/behavior_rooms/2CAP/2025-10-29_09-26-24_Prat_Urgency_group1/pi-data_2025-10-29_09-26-24_Prat_Urgency_group1/box04/mic/20251029_101000.WAV,20251029_101000_subject065_061,065_061,M,Control_Control,093821
/datastar/behavior_rooms/2CAP/2025-10-29_09-26-24_Prat_Urgency_group1/pi-data_2025-10-29_09-26-24_Prat_Urgency_group1/box04/mic/20251029_101500.WAV,20251029_101500_subject065_061,065_061,M,Control_Control,093821
/datastar/behavior_rooms/2CAP/2025-10-29_09-26-24_Prat_Urgency_group1/pi-data_2025-10-29_09-26-24_Prat_Urgency_group1/box04/mic/20251029_102000.WAV,20251029_102000_subject065_061,065_061,M,Control_Control,093821
/datastar/behavior_rooms/2CAP/2025-10-29_09-26-24_Prat_Urgency_group1/pi-data_2025-10-29_09-26-24_Prat_Urgency_group1/box04/mic/20251029_102500.WAV,20251029_102500_subject065_061,065_061,M,Control_Control,093821
/datastar/behavior_rooms/2CAP/2025-10-29_09-26-24_Prat_Urgency_group1/pi-data_2025-10-29_09-26-24_Prat_Urgency_group1/box04/mic/20251029_103000.WAV,20251029_103000_subject065_061,065_061,M,Control_Control,093821
/datastar/behavior_rooms/2CAP/2025-10-29_09-26-24_Prat_Urgency_group1/pi-data_2025-10-29_09-26-24_Prat_Urgency_group1/box04/mic/20251029_103500.WAV,20251029_103500_subject065_061,065_061,M,Control_Control,093821
/datastar/behavior_rooms/2CAP/2025-10-29_09-26-24_Prat_Urgency_group1/pi-data_2025-10-29_09-26-24_Prat_Urgency_group1/box05/mic/20251029_093505.WAV,20251029_093505_subject076,076,F,Control,093840
/datastar/behavior_rooms/2CAP/2025-10-29_09-26-24_Prat_Urgency_group1/pi-data_2025-10-29_09-26-24_Prat_Urgency_group1/box05/mic/20251029_094000.WAV,20251029_094000_subject076,076,F,Control,093840
/datastar/behavior_rooms/2CAP/2025-10-29_09-26-24_Prat_Urgency_group1/pi-data_2025-10-29_09-26-24_Prat_Urgency_group1/box05/mic/20251029_094500.WAV,20251029_094500_subject076,076,F,Control,093840
/datastar/behavior_rooms/2CAP/2025-10-29_09-26-24_Prat_Urgency_group1/pi-data_2025-10-29_09-26-24_Prat_Urgency_group1/box05/mic/20251029_095000.WAV,20251029_095000_subject076,076,F,Control,093840
/datastar/behavior_rooms/2CAP/2025-10-29_09-26-24_Prat_Urgency_group1/pi-data_2025-10-29_09-26-24_Prat_Urgency_group1/box05/mic/20251029_095500.WAV,20251029_095500_subject076,076,F,Control,093840
/datastar/behavior_rooms/2CAP/2025-10-29_09-26-24_Prat_Urgency_group1/pi-data_2025-10-29_09-26-24_Prat_Urgency_group1/box05/mic/20251029_100000.WAV,20251029_100000_subject076,076,F,Control,093840
/datastar/behavior_rooms/2CAP/2025-10-29_09-26-24_Prat_Urgency_group1/pi-data_2025-10-29_09-26-24_Prat_Urgency_group1/box05/mic/20251029_100500.WAV,20251029_100500_subject076,076,F,Control,093840
/datastar/behavior_rooms/2CAP/2025-10-29_09-26-24_Prat_Urgency_group1/pi-data_2025-10-29_09-26-24_Prat_Urgency_group1/box05/mic/20251029_101000.WAV,20251029_101000_subject076,076,F,Control,093840
/datastar/behavior_rooms/2CAP/2025-10-29_09-26-24_Prat_Urgency_group1/pi-data_2025-10-29_09-26-24_Prat_Urgency_group1/box05/mic/20251029_101500.WAV,20251029_101500_subject076,076,F,Control,093840
/datastar/behavior_rooms/2CAP/2025-10-29_09-26-24_Prat_Urgency_group1/pi-data_2025-10-29_09-26-24_Prat_Urgency_group1/box05/mic/20251029_102000.WAV,20251029_102000_subject076,076,F,Control,093840
/datastar/behavior_rooms/2CAP/2025-10-29_09-26-24_Prat_Urgency_group1/pi-data_2025-10-29_09-26-24_Prat_Urgency_group1/box05/mic/20251029_102500.WAV,20251029_102500_subject076,076,F,Control,093840
/datastar/behavior_rooms/2CAP/2025-10-29_09-26-24_Prat_Urgency_group1/pi-data_2025-10-29_09-26-24_Prat_Urgency_group1/box05/mic/20251029_103000.WAV,20251029_103000_subject076,076,F,Control,093840
/datastar/behavior_rooms/2CAP/2025-10-29_09-26-24_Prat_Urgency_group1/pi-data_2025-10-29_09-26-24_Prat_Urgency_group1/box05/mic/20251029_103500.WAV,20251029_103500_subject076,076,F,Control,093840
/datastar/behavior_rooms/2CAP/2025-10-29_09-26-24_Prat_Urgency_group1/pi-data_2025-10-29_09-26-24_Prat_Urgency_group1/box01/mic/20251029_093505.WAV,20251029_093505_subject082_072,082_072,F,EtOH_Control,093620
/datastar/behavior_rooms/2CAP/2025-10-29_09-26-24_Prat_Urgency_group1/pi-data_2025-10-29_09-26-24_Prat_Urgency_group1/box01/mic/20251029_094000.WAV,20251029_094000_subject082_072,082_072,F,EtOH_Control,093620
/datastar/behavior_rooms/2CAP/2025-10-29_09-26-24_Prat_Urgency_group1/pi-data_2025-10-29_09-26-24_Prat_Urgency_group1/box01/mic/20251029_094500.WAV,20251029_094500_subject082_072,082_072,F,EtOH_Control,093620
/datastar/behavior_rooms/2CAP/2025-10-29_09-26-24_Prat_Urgency_group1/pi-data_2025-10-29_09-26-24_Prat_Urgency_group1/box01/mic/20251029_095000.WAV,20251029_095000_subject082_072,082_072,F,EtOH_Control,093620
/datastar/behavior_rooms/2CAP/2025-10-29_09-26-24_Prat_Urgency_group1/pi-data_2025-10-29_09-26-24_Prat_Urgency_group1/box01/mic/20251029_095500.WAV,20251029_095500_subject082_072,082_072,F,EtOH_Control,093620
/datastar/behavior_rooms/2CAP/2025-10-29_09-26-24_Prat_Urgency_group1/pi-data_2025-10-29_09-26-24_Prat_Urgency_group1/box01/mic/20251029_100000.WAV,20251029_100000_subject082_072,082_072,F,EtOH_Control,093620
/datastar/behavior_rooms/2CAP/2025-10-29_09-26-24_Prat_Urgency_group1/pi-data_2025-10-29_09-26-24_Prat_Urgency_group1/box01/mic/20251029_100500.WAV,20251029_100500_subject082_072,082_072,F,EtOH_Control,093620
/datastar/behavior_rooms/2CAP/2025-10-29_09-26-24_Prat_Urgency_group1/pi-data_2025-10-29_09-26-24_Prat_Urgency_group1/box01/mic/20251029_101000.WAV,20251029_101000_subject082_072,082_072,F,EtOH_Control,093620
/datastar/behavior_rooms/2CAP/2025-10-29_09-26-24_Prat_Urgency_group1/pi-data_2025-10-29_09-26-24_Prat_Urgency_group1/box01/mic/20251029_101500.WAV,20251029_101500_subject082_072,082_072,F,EtOH_Control,093620
/datastar/behavior_rooms/2CAP/2025-10-29_09-26-24_Prat_Urgency_group1/pi-data_2025-10-29_09-26-24_Prat_Urgency_group1/box01/mic/20251029_102000.WAV,20251029_102000_subject082_072,082_072,F,EtOH_Control,093620
/datastar/behavior_rooms/2CAP/2025-10-29_09-26-24_Prat_Urgency_group1/pi-data_2025-10-29_09-26-24_Prat_Urgency_group1/box01/mic/20251029_102500.WAV,20251029_102500_subject082_072,082_072,F,EtOH_Control,093620
/datastar/behavior_rooms/2CAP/2025-10-29_09-26-24_Prat_Urgency_group1/pi-data_2025-10-29_09-26-24_Prat_Urgency_group1/box01/mic/20251029_103000.WAV,20251029_103000_subject082_072,082_072,F,EtOH_Control,093620
/datastar/behavior_rooms/2CAP/2025-10-29_09-26-24_Prat_Urgency_group1/pi-data_2025-10-29_09-26-24_Prat_Urgency_group1/box01/mic/20251029_103500.WAV,20251029_103500_subject082_072,082_072,F,EtOH_Control,093620
/datastar/behavior_rooms/2CAP/2025-10-29_09-26-24_Prat_Urgency_group1/pi-data_2025-10-29_09-26-24_Prat_Urgency_group1/box06/mic/20251029_093504.WAV,20251029_093504_subject089,089,M,EtOH,093902
/datastar/behavior_rooms/2CAP/2025-10-29_09-26-24_Prat_Urgency_group1/pi-data_2025-10-29_09-26-24_Prat_Urgency_group1/box06/mic/20251029_094000.WAV,20251029_094000_subject089,089,M,EtOH,093902
/datastar/behavior_rooms/2CAP/2025-10-29_09-26-24_Prat_Urgency_group1/pi-data_2025-10-29_09-26-24_Prat_Urgency_group1/box06/mic/20251029_094500.WAV,20251029_094500_subject089,089,M,EtOH,093902
/datastar/behavior_rooms/2CAP/2025-10-29_09-26-24_Prat_Urgency_group1/pi-data_2025-10-29_09-26-24_Prat_Urgency_group1/box06/mic/20251029_095000.WAV,20251029_095000_subject089,089,M,EtOH,093902
/datastar/behavior_rooms/2CAP/2025-10-29_09-26-24_Prat_Urgency_group1/pi-data_2025-10-29_09-26-24_Prat_Urgency_group1/box06/mic/20251029_095500.WAV,20251029_095500_subject089,089,M,EtOH,093902
/datastar/behavior_rooms/2CAP/2025-10-29_09-26-24_Prat_Urgency_group1/pi-data_2025-10-29_09-26-24_Prat_Urgency_group1/box06/mic/20251029_100000.WAV,20251029_100000_subject089,089,M,EtOH,093902
/datastar/behavior_rooms/2CAP/2025-10-29_09-26-24_Prat_Urgency_group1/pi-data_2025-10-29_09-26-24_Prat_Urgency_group1/box06/mic/20251029_100500.WAV,20251029_100500_subject089,089,M,EtOH,093902
/datastar/behavior_rooms/2CAP/2025-10-29_09-26-24_Prat_Urgency_group1/pi-data_2025-10-29_09-26-24_Prat_Urgency_group1/box06/mic/20251029_101000.WAV,20251029_101000_subject089,089,M,EtOH,093902
/datastar/behavior_rooms/2CAP/2025-10-29_09-26-24_Prat_Urgency_group1/pi-data_2025-10-29_09-26-24_Prat_Urgency_group1/box06/mic/20251029_101500.WAV,20251029_101500_subject089,089,M,EtOH,093902
/datastar/behavior_rooms/2CAP/2025-10-29_09-26-24_Prat_Urgency_group1/pi-data_2025-10-29_09-26-24_Prat_Urgency_group1/box06/mic/20251029_102000.WAV,20251029_102000_subject089,089,M,EtOH,093902
/datastar/behavior_rooms/2CAP/2025-10-29_09-26-24_Prat_Urgency_group1/pi-data_2025-10-29_09-26-24_Prat_Urgency_group1/box06/mic/20251029_102500.WAV,20251029_102500_subject089,089,M,EtOH,093902
/datastar/behavior_rooms/2CAP/2025-10-29_09-26-24_Prat_Urgency_group1/pi-data_2025-10-29_09-26-24_Prat_Urgency_group1/box06/mic/20251029_103000.WAV,20251029_103000_subject089,089,M,EtOH,093902
/datastar/behavior_rooms/2CAP/2025-10-29_09-26-24_Prat_Urgency_group1/pi-data_2025-10-29_09-26-24_Prat_Urgency_group1/box06/mic/20251029_103500.WAV,20251029_103500_subject089,089,M,EtOH,093902
/datastar/behavior_rooms/2CAP/2025-10-29_09-26-24_Prat_Urgency_group1/pi-data_2025-10-29_09-26-24_Prat_Urgency_group1/box02/mic/20251029_093505.WAV,20251029_093505_subject090_080,090_080,F,EtOH_EtOH,093657
/datastar/behavior_rooms/2CAP/2025-10-29_09-26-24_Prat_Urgency_group1/pi-data_2025-10-29_09-26-24_Prat_Urgency_group1/box02/mic/20251029_094000.WAV,20251029_094000_subject090_080,090_080,F,EtOH_EtOH,093657
/datastar/behavior_rooms/2CAP/2025-10-29_09-26-24_Prat_Urgency_group1/pi-data_2025-10-29_09-26-24_Prat_Urgency_group1/box02/mic/20251029_094500.WAV,20251029_094500_subject090_080,090_080,F,EtOH_EtOH,093657
/datastar/behavior_rooms/2CAP/2025-10-29_09-26-24_Prat_Urgency_group1/pi-data_2025-10-29_09-26-24_Prat_Urgency_group1/box02/mic/20251029_095000.WAV,20251029_095000_subject090_080,090_080,F,EtOH_EtOH,093657
/datastar/behavior_rooms/2CAP/2025-10-29_09-26-24_Prat_Urgency_group1/pi-data_2025-10-29_09-26-24_Prat_Urgency_group1/box02/mic/20251029_095500.WAV,20251029_095500_subject090_080,090_080,F,EtOH_EtOH,093657
/datastar/behavior_rooms/2CAP/2025-10-29_09-26-24_Prat_Urgency_group1/pi-data_2025-10-29_09-26-24_Prat_Urgency_group1/box02/mic/20251029_100000.WAV,20251029_100000_subject090_080,090_080,F,EtOH_EtOH,093657
/datastar/behavior_rooms/2CAP/2025-10-29_09-26-24_Prat_Urgency_group1/pi-data_2025-10-29_09-26-24_Prat_Urgency_group1/box02/mic/20251029_100500.WAV,20251029_100500_subject090_080,090_080,F,EtOH_EtOH,093657
/datastar/behavior_rooms/2CAP/2025-10-29_09-26-24_Prat_Urgency_group1/pi-data_2025-10-29_09-26-24_Prat_Urgency_group1/box02/mic/20251029_101000.WAV,20251029_101000_subject090_080,090_080,F,EtOH_EtOH,093657
/datastar/behavior_rooms/2CAP/2025-10-29_09-26-24_Prat_Urgency_group1/pi-data_2025-10-29_09-26-24_Prat_Urgency_group1/box02/mic/20251029_101500.WAV,20251029_101500_subject090_080,090_080,F,EtOH_EtOH,093657
/datastar/behavior_rooms/2CAP/2025-10-29_09-26-24_Prat_Urgency_group1/pi-data_2025-10-29_09-26-24_Prat_Urgency_group1/box02/mic/20251029_102000.WAV,20251029_102000_subject090_080,090_080,F,EtOH_EtOH,093657
/datastar/behavior_rooms/2CAP/2025-10-29_09-26-24_Prat_Urgency_group1/pi-data_2025-10-29_09-26-24_Prat_Urgency_group1/box02/mic/20251029_102500.WAV,20251029_102500_subject090_080,090_080,F,EtOH_EtOH,093657
/datastar/behavior_rooms/2CAP/2025-10-29_09-26-24_Prat_Urgency_group1/pi-data_2025-10-29_09-26-24_Prat_Urgency_group1/box02/mic/20251029_103000.WAV,20251029_103000_subject090_080,090_080,F,EtOH_EtOH,093657
/datastar/behavior_rooms/2CAP/2025-10-29_09-26-24_Prat_Urgency_group1/pi-data_2025-10-29_09-26-24_Prat_Urgency_group1/box02/mic/20251029_103500.WAV,20251029_103500_subject090_080,090_080,F,EtOH_EtOH,093657
/datastar/behavior_rooms/2CAP/2025-10-29_10-56-14_Prat_Urgency_group2/pi-data_2025-10-29_10-56-14_Prat_Urgency_group2/box04/mic/20251029_110656.WAV,20251029_110656_subject062_084,062_084,F,Control_EtOH,110940
/datastar/behavior_rooms/2CAP/2025-10-29_10-56-14_Prat_Urgency_group2/pi-data_2025-10-29_10-56-14_Prat_Urgency_group2/box04/mic/20251029_111000.WAV,20251029_111000_subject062_084,062_084,F,Control_EtOH,110940
/datastar/behavior_rooms/2CAP/2025-10-29_10-56-14_Prat_Urgency_group2/pi-data_2025-10-29_10-56-14_Prat_Urgency_group2/box04/mic/20251029_111500.WAV,20251029_111500_subject062_084,062_084,F,Control_EtOH,110940
/datastar/behavior_rooms/2CAP/2025-10-29_10-56-14_Prat_Urgency_group2/pi-data_2025-10-29_10-56-14_Prat_Urgency_group2/box04/mic/20251029_112000.WAV,20251029_112000_subject062_084,062_084,F,Control_EtOH,110940
/datastar/behavior_rooms/2CAP/2025-10-29_10-56-14_Prat_Urgency_group2/pi-data_2025-10-29_10-56-14_Prat_Urgency_group2/box04/mic/20251029_112500.WAV,20251029_112500_subject062_084,062_084,F,Control_EtOH,110940
/datastar/behavior_rooms/2CAP/2025-10-29_10-56-14_Prat_Urgency_group2/pi-data_2025-10-29_10-56-14_Prat_Urgency_group2/box04/mic/20251029_113000.WAV,20251029_113000_subject062_084,062_084,F,Control_EtOH,110940
/datastar/behavior_rooms/2CAP/2025-10-29_10-56-14_Prat_Urgency_group2/pi-data_2025-10-29_10-56-14_Prat_Urgency_group2/box04/mic/20251029_113500.WAV,20251029_113500_subject062_084,062_084,F,Control_EtOH,110940
/datastar/behavior_rooms/2CAP/2025-10-29_10-56-14_Prat_Urgency_group2/pi-data_2025-10-29_10-56-14_Prat_Urgency_group2/box04/mic/20251029_114000.WAV,20251029_114000_subject062_084,062_084,F,Control_EtOH,110940
/datastar/behavior_rooms/2CAP/2025-10-29_10-56-14_Prat_Urgency_group2/pi-data_2025-10-29_10-56-14_Prat_Urgency_group2/box04/mic/20251029_114500.WAV,20251029_114500_subject062_084,062_084,F,Control_EtOH,110940
/datastar/behavior_rooms/2CAP/2025-10-29_10-56-14_Prat_Urgency_group2/pi-data_2025-10-29_10-56-14_Prat_Urgency_group2/box04/mic/20251029_115000.WAV,20251029_115000_subject062_084,062_084,F,Control_EtOH,110940
/datastar/behavior_rooms/2CAP/2025-10-29_10-56-14_Prat_Urgency_group2/pi-data_2025-10-29_10-56-14_Prat_Urgency_group2/box04/mic/20251029_115500.WAV,20251029_115500_subject062_084,062_084,F,Control_EtOH,110940
/datastar/behavior_rooms/2CAP/2025-10-29_10-56-14_Prat_Urgency_group2/pi-data_2025-10-29_10-56-14_Prat_Urgency_group2/box04/mic/20251029_120000.WAV,20251029_120000_subject062_084,062_084,F,Control_EtOH,110940
/datastar/behavior_rooms/2CAP/2025-10-29_10-56-14_Prat_Urgency_group2/pi-data_2025-10-29_10-56-14_Prat_Urgency_group2/box04/mic/20251029_120500.WAV,20251029_120500_subject062_084,062_084,F,Control_EtOH,110940
/datastar/behavior_rooms/2CAP/2025-10-29_10-56-14_Prat_Urgency_group2/pi-data_2025-10-29_10-56-14_Prat_Urgency_group2/box04/mic/20251029_121000.WAV,20251029_121000_subject062_084,062_084,F,Control_EtOH,110940
/datastar/behavior_rooms/2CAP/2025-10-29_10-56-14_Prat_Urgency_group2/pi-data_2025-10-29_10-56-14_Prat_Urgency_group2/box02/mic/20251029_110657.WAV,20251029_110657_subject067_073,067_073,M,Control_Control,110842
/datastar/behavior_rooms/2CAP/2025-10-29_10-56-14_Prat_Urgency_group2/pi-data_2025-10-29_10-56-14_Prat_Urgency_group2/box02/mic/20251029_111000.WAV,20251029_111000_subject067_073,067_073,M,Control_Control,110842
/datastar/behavior_rooms/2CAP/2025-10-29_10-56-14_Prat_Urgency_group2/pi-data_2025-10-29_10-56-14_Prat_Urgency_group2/box02/mic/20251029_111500.WAV,20251029_111500_subject067_073,067_073,M,Control_Control,110842
/datastar/behavior_rooms/2CAP/2025-10-29_10-56-14_Prat_Urgency_group2/pi-data_2025-10-29_10-56-14_Prat_Urgency_group2/box02/mic/20251029_112000.WAV,20251029_112000_subject067_073,067_073,M,Control_Control,110842
/datastar/behavior_rooms/2CAP/2025-10-29_10-56-14_Prat_Urgency_group2/pi-data_2025-10-29_10-56-14_Prat_Urgency_group2/box02/mic/20251029_112500.WAV,20251029_112500_subject067_073,067_073,M,Control_Control,110842
/datastar/behavior_rooms/2CAP/2025-10-29_10-56-14_Prat_Urgency_group2/pi-data_2025-10-29_10-56-14_Prat_Urgency_group2/box02/mic/20251029_113000.WAV,20251029_113000_subject067_073,067_073,M,Control_Control,110842
/datastar/behavior_rooms/2CAP/2025-10-29_10-56-14_Prat_Urgency_group2/pi-data_2025-10-29_10-56-14_Prat_Urgency_group2/box02/mic/20251029_113500.WAV,20251029_113500_subject067_073,067_073,M,Control_Control,110842
/datastar/behavior_rooms/2CAP/2025-10-29_10-56-14_Prat_Urgency_group2/pi-data_2025-10-29_10-56-14_Prat_Urgency_group2/box02/mic/20251029_114000.WAV,20251029_114000_subject067_073,067_073,M,Control_Control,110842
/datastar/behavior_rooms/2CAP/2025-10-29_10-56-14_Prat_Urgency_group2/pi-data_2025-10-29_10-56-14_Prat_Urgency_group2/box02/mic/20251029_114500.WAV,20251029_114500_subject067_073,067_073,M,Control_Control,110842
/datastar/behavior_rooms/2CAP/2025-10-29_10-56-14_Prat_Urgency_group2/pi-data_2025-10-29_10-56-14_Prat_Urgency_group2/box02/mic/20251029_115000.WAV,20251029_115000_subject067_073,067_073,M,Control_Control,110842
/datastar/behavior_rooms/2CAP/2025-10-29_10-56-14_Prat_Urgency_group2/pi-data_2025-10-29_10-56-14_Prat_Urgency_group2/box02/mic/20251029_115500.WAV,20251029_115500_subject067_073,067_073,M,Control_Control,110842
/datastar/behavior_rooms/2CAP/2025-10-29_10-56-14_Prat_Urgency_group2/pi-data_2025-10-29_10-56-14_Prat_Urgency_group2/box02/mic/20251029_120000.WAV,20251029_120000_subject067_073,067_073,M,Control_Control,110842
/datastar/behavior_rooms/2CAP/2025-10-29_10-56-14_Prat_Urgency_group2/pi-data_2025-10-29_10-56-14_Prat_Urgency_group2/box02/mic/20251029_120500.WAV,20251029_120500_subject067_073,067_073,M,Control_Control,110842
/datastar/behavior_rooms/2CAP/2025-10-29_10-56-14_Prat_Urgency_group2/pi-data_2025-10-29_10-56-14_Prat_Urgency_group2/box02/mic/20251029_121000.WAV,20251029_121000_subject067_073,067_073,M,Control_Control,110842
/datastar/behavior_rooms/2CAP/2025-10-29_10-56-14_Prat_Urgency_group2/pi-data_2025-10-29_10-56-14_Prat_Urgency_group2/box05/mic/20251029_110657.WAV,20251029_110657_subject086,086,F,EtOH,111002
/datastar/behavior_rooms/2CAP/2025-10-29_10-56-14_Prat_Urgency_group2/pi-data_2025-10-29_10-56-14_Prat_Urgency_group2/box05/mic/20251029_111000.WAV,20251029_111000_subject086,086,F,EtOH,111002
/datastar/behavior_rooms/2CAP/2025-10-29_10-56-14_Prat_Urgency_group2/pi-data_2025-10-29_10-56-14_Prat_Urgency_group2/box05/mic/20251029_111500.WAV,20251029_111500_subject086,086,F,EtOH,111002
/datastar/behavior_rooms/2CAP/2025-10-29_10-56-14_Prat_Urgency_group2/pi-data_2025-10-29_10-56-14_Prat_Urgency_group2/box05/mic/20251029_112000.WAV,20251029_112000_subject086,086,F,EtOH,111002
/datastar/behavior_rooms/2CAP/2025-10-29_10-56-14_Prat_Urgency_group2/pi-data_2025-10-29_10-56-14_Prat_Urgency_group2/box05/mic/20251029_112500.WAV,20251029_112500_subject086,086,F,EtOH,111002
/datastar/behavior_rooms/2CAP/2025-10-29_10-56-14_Prat_Urgency_group2/pi-data_2025-10-29_10-56-14_Prat_Urgency_group2/box05/mic/20251029_113000.WAV,20251029_113000_subject086,086,F,EtOH,111002
/datastar/behavior_rooms/2CAP/2025-10-29_10-56-14_Prat_Urgency_group2/pi-data_2025-10-29_10-56-14_Prat_Urgency_group2/box05/mic/20251029_113500.WAV,20251029_113500_subject086,086,F,EtOH,111002
/datastar/behavior_rooms/2CAP/2025-10-29_10-56-14_Prat_Urgency_group2/pi-data_2025-10-29_10-56-14_Prat_Urgency_group2/box05/mic/20251029_114000.WAV,20251029_114000_subject086,086,F,EtOH,111002
/datastar/behavior_rooms/2CAP/2025-10-29_10-56-14_Prat_Urgency_group2/pi-data_2025-10-29_10-56-14_Prat_Urgency_group2/box05/mic/20251029_114500.WAV,20251029_114500_subject086,086,F,EtOH,111002
/datastar/behavior_rooms/2CAP/2025-10-29_10-56-14_Prat_Urgency_group2/pi-data_2025-10-29_10-56-14_Prat_Urgency_group2/box05/mic/20251029_115000.WAV,20251029_115000_subject086,086,F,EtOH,111002
/datastar/behavior_rooms/2CAP/2025-10-29_10-56-14_Prat_Urgency_group2/pi-data_2025-10-29_10-56-14_Prat_Urgency_group2/box05/mic/20251029_115500.WAV,20251029_115500_subject086,086,F,EtOH,111002
/datastar/behavior_rooms/2CAP/2025-10-29_10-56-14_Prat_Urgency_group2/pi-data_2025-10-29_10-56-14_Prat_Urgency_group2/box05/mic/20251029_120000.WAV,20251029_120000_subject086,086,F,EtOH,111002
/datastar/behavior_rooms/2CAP/2025-10-29_10-56-14_Prat_Urgency_group2/pi-data_2025-10-29_10-56-14_Prat_Urgency_group2/box05/mic/20251029_120500.WAV,20251029_120500_subject086,086,F,EtOH,111002
/datastar/behavior_rooms/2CAP/2025-10-29_10-56-14_Prat_Urgency_group2/pi-data_2025-10-29_10-56-14_Prat_Urgency_group2/box05/mic/20251029_121000.WAV,20251029_121000_subject086,086,F,EtOH,111002
/datastar/behavior_rooms/2CAP/2025-10-29_10-56-14_Prat_Urgency_group2/pi-data_2025-10-29_10-56-14_Prat_Urgency_group2/box01/mic/20251029_110657.WAV,20251029_110657_subject091_069,091_069,M,EtOH_Control,110808
/datastar/behavior_rooms/2CAP/2025-10-29_10-56-14_Prat_Urgency_group2/pi-data_2025-10-29_10-56-14_Prat_Urgency_group2/box01/mic/20251029_111000.WAV,20251029_111000_subject091_069,091_069,M,EtOH_Control,110808
/datastar/behavior_rooms/2CAP/2025-10-29_10-56-14_Prat_Urgency_group2/pi-data_2025-10-29_10-56-14_Prat_Urgency_group2/box01/mic/20251029_111500.WAV,20251029_111500_subject091_069,091_069,M,EtOH_Control,110808
/datastar/behavior_rooms/2CAP/2025-10-29_10-56-14_Prat_Urgency_group2/pi-data_2025-10-29_10-56-14_Prat_Urgency_group2/box01/mic/20251029_112000.WAV,20251029_112000_subject091_069,091_069,M,EtOH_Control,110808
/datastar/behavior_rooms/2CAP/2025-10-29_10-56-14_Prat_Urgency_group2/pi-data_2025-10-29_10-56-14_Prat_Urgency_group2/box01/mic/20251029_112500.WAV,20251029_112500_subject091_069,091_069,M,EtOH_Control,110808
/datastar/behavior_rooms/2CAP/2025-10-29_10-56-14_Prat_Urgency_group2/pi-data_2025-10-29_10-56-14_Prat_Urgency_group2/box01/mic/20251029_113000.WAV,20251029_113000_subject091_069,091_069,M,EtOH_Control,110808
/datastar/behavior_rooms/2CAP/2025-10-29_10-56-14_Prat_Urgency_group2/pi-data_2025-10-29_10-56-14_Prat_Urgency_group2/box01/mic/20251029_113500.WAV,20251029_113500_subject091_069,091_069,M,EtOH_Control,110808
/datastar/behavior_rooms/2CAP/2025-10-29_10-56-14_Prat_Urgency_group2/pi-data_2025-10-29_10-56-14_Prat_Urgency_group2/box01/mic/20251029_114000.WAV,20251029_114000_subject091_069,091_069,M,EtOH_Control,110808
/datastar/behavior_rooms/2CAP/2025-10-29_10-56-14_Prat_Urgency_group2/pi-data_2025-10-29_10-56-14_Prat_Urgency_group2/box01/mic/20251029_114500.WAV,20251029_114500_subject091_069,091_069,M,EtOH_Control,110808
/datastar/behavior_rooms/2CAP/2025-10-29_10-56-14_Prat_Urgency_group2/pi-data_2025-10-29_10-56-14_Prat_Urgency_group2/box01/mic/20251029_115000.WAV,20251029_115000_subject091_069,091_069,M,EtOH_Control,110808
/datastar/behavior_rooms/2CAP/2025-10-29_10-56-14_Prat_Urgency_group2/pi-data_2025-10-29_10-56-14_Prat_Urgency_group2/box01/mic/20251029_115500.WAV,20251029_115500_subject091_069,091_069,M,EtOH_Control,110808
/datastar/behavior_rooms/2CAP/2025-10-29_10-56-14_Prat_Urgency_group2/pi-data_2025-10-29_10-56-14_Prat_Urgency_group2/box01/mic/20251029_120000.WAV,20251029_120000_subject091_069,091_069,M,EtOH_Control,110808
/datastar/behavior_rooms/2CAP/2025-10-29_10-56-14_Prat_Urgency_group2/pi-data_2025-10-29_10-56-14_Prat_Urgency_group2/box01/mic/20251029_120500.WAV,20251029_120500_subject091_069,091_069,M,EtOH_Control,110808
/datastar/behavior_rooms/2CAP/2025-10-29_10-56-14_Prat_Urgency_group2/pi-data_2025-10-29_10-56-14_Prat_Urgency_group2/box01/mic/20251029_121000.WAV,20251029_121000_subject091_069,091_069,M,EtOH_Control,110808
/datastar/behavior_rooms/2CAP/2025-10-29_10-56-14_Prat_Urgency_group2/pi-data_2025-10-29_10-56-14_Prat_Urgency_group2/box03/mic/20251029_110656.WAV,20251029_110656_subject092,092,F,EtOH,110903
/datastar/behavior_rooms/2CAP/2025-10-29_10-56-14_Prat_Urgency_group2/pi-data_2025-10-29_10-56-14_Prat_Urgency_group2/box03/mic/20251029_111000.WAV,20251029_111000_subject092,092,F,EtOH,110903
/datastar/behavior_rooms/2CAP/2025-10-29_10-56-14_Prat_Urgency_group2/pi-data_2025-10-29_10-56-14_Prat_Urgency_group2/box03/mic/20251029_111500.WAV,20251029_111500_subject092,092,F,EtOH,110903
/datastar/behavior_rooms/2CAP/2025-10-29_10-56-14_Prat_Urgency_group2/pi-data_2025-10-29_10-56-14_Prat_Urgency_group2/box03/mic/20251029_112000.WAV,20251029_112000_subject092,092,F,EtOH,110903
/datastar/behavior_rooms/2CAP/2025-10-29_10-56-14_Prat_Urgency_group2/pi-data_2025-10-29_10-56-14_Prat_Urgency_group2/box03/mic/20251029_112500.WAV,20251029_112500_subject092,092,F,EtOH,110903
/datastar/behavior_rooms/2CAP/2025-10-29_10-56-14_Prat_Urgency_group2/pi-data_2025-10-29_10-56-14_Prat_Urgency_group2/box03/mic/20251029_113000.WAV,20251029_113000_subject092,092,F,EtOH,110903
/datastar/behavior_rooms/2CAP/2025-10-29_10-56-14_Prat_Urgency_group2/pi-data_2025-10-29_10-56-14_Prat_Urgency_group2/box03/mic/20251029_113500.WAV,20251029_113500_subject092,092,F,EtOH,110903
/datastar/behavior_rooms/2CAP/2025-10-29_10-56-14_Prat_Urgency_group2/pi-data_2025-10-29_10-56-14_Prat_Urgency_group2/box03/mic/20251029_114000.WAV,20251029_114000_subject092,092,F,EtOH,110903
/datastar/behavior_rooms/2CAP/2025-10-29_10-56-14_Prat_Urgency_group2/pi-data_2025-10-29_10-56-14_Prat_Urgency_group2/box03/mic/20251029_114500.WAV,20251029_114500_subject092,092,F,EtOH,110903
/datastar/behavior_rooms/2CAP/2025-10-29_10-56-14_Prat_Urgency_group2/pi-data_2025-10-29_10-56-14_Prat_Urgency_group2/box03/mic/20251029_115000.WAV,20251029_115000_subject092,092,F,EtOH,110903
/datastar/behavior_rooms/2CAP/2025-10-29_10-56-14_Prat_Urgency_group2/pi-data_2025-10-29_10-56-14_Prat_Urgency_group2/box03/mic/20251029_115500.WAV,20251029_115500_subject092,092,F,EtOH,110903
/datastar/behavior_rooms/2CAP/2025-10-29_10-56-14_Prat_Urgency_group2/pi-data_2025-10-29_10-56-14_Prat_Urgency_group2/box03/mic/20251029_120000.WAV,20251029_120000_subject092,092,F,EtOH,110903
/datastar/behavior_rooms/2CAP/2025-10-29_10-56-14_Prat_Urgency_group2/pi-data_2025-10-29_10-56-14_Prat_Urgency_group2/box03/mic/20251029_120500.WAV,20251029_120500_subject092,092,F,EtOH,110903
/datastar/behavior_rooms/2CAP/2025-10-29_10-56-14_Prat_Urgency_group2/pi-data_2025-10-29_10-56-14_Prat_Urgency_group2/box03/mic/20251029_121000.WAV,20251029_121000_subject092,092,F,EtOH,110903
/datastar/behavior_rooms/2CAP/2025-10-29_10-56-14_Prat_Urgency_group2/pi-data_2025-10-29_10-56-14_Prat_Urgency_group2/box06/mic/20251029_110656.WAV,20251029_110656_subject096_060,096_060,F,EtOH_Control,111034
/datastar/behavior_rooms/2CAP/2025-10-29_10-56-14_Prat_Urgency_group2/pi-data_2025-10-29_10-56-14_Prat_Urgency_group2/box06/mic/20251029_111000.WAV,20251029_111000_subject096_060,096_060,F,EtOH_Control,111034
/datastar/behavior_rooms/2CAP/2025-10-29_10-56-14_Prat_Urgency_group2/pi-data_2025-10-29_10-56-14_Prat_Urgency_group2/box06/mic/20251029_111500.WAV,20251029_111500_subject096_060,096_060,F,EtOH_Control,111034
/datastar/behavior_rooms/2CAP/2025-10-29_10-56-14_Prat_Urgency_group2/pi-data_2025-10-29_10-56-14_Prat_Urgency_group2/box06/mic/20251029_112000.WAV,20251029_112000_subject096_060,096_060,F,EtOH_Control,111034
/datastar/behavior_rooms/2CAP/2025-10-29_10-56-14_Prat_Urgency_group2/pi-data_2025-10-29_10-56-14_Prat_Urgency_group2/box06/mic/20251029_112500.WAV,20251029_112500_subject096_060,096_060,F,EtOH_Control,111034
/datastar/behavior_rooms/2CAP/2025-10-29_10-56-14_Prat_Urgency_group2/pi-data_2025-10-29_10-56-14_Prat_Urgency_group2/box06/mic/20251029_113000.WAV,20251029_113000_subject096_060,096_060,F,EtOH_Control,111034
/datastar/behavior_rooms/2CAP/2025-10-29_10-56-14_Prat_Urgency_group2/pi-data_2025-10-29_10-56-14_Prat_Urgency_group2/box06/mic/20251029_113500.WAV,20251029_113500_subject096_060,096_060,F,EtOH_Control,111034
/datastar/behavior_rooms/2CAP/2025-10-29_10-56-14_Prat_Urgency_group2/pi-data_2025-10-29_10-56-14_Prat_Urgency_group2/box06/mic/20251029_114000.WAV,20251029_114000_subject096_060,096_060,F,EtOH_Control,111034
/datastar/behavior_rooms/2CAP/2025-10-29_10-56-14_Prat_Urgency_group2/pi-data_2025-10-29_10-56-14_Prat_Urgency_group2/box06/mic/20251029_114500.WAV,20251029_114500_subject096_060,096_060,F,EtOH_Control,111034
/datastar/behavior_rooms/2CAP/2025-10-29_10-56-14_Prat_Urgency_group2/pi-data_2025-10-29_10-56-14_Prat_Urgency_group2/box06/mic/20251029_115000.WAV,20251029_115000_subject096_060,096_060,F,EtOH_Control,111034
/datastar/behavior_rooms/2CAP/2025-10-29_10-56-14_Prat_Urgency_group2/pi-data_2025-10-29_10-56-14_Prat_Urgency_group2/box06/mic/20251029_115500.WAV,20251029_115500_subject096_060,096_060,F,EtOH_Control,111034
/datastar/behavior_rooms/2CAP/2025-10-29_10-56-14_Prat_Urgency_group2/pi-data_2025-10-29_10-56-14_Prat_Urgency_group2/box06/mic/20251029_120000.WAV,20251029_120000_subject096_060,096_060,F,EtOH_Control,111034
/datastar/behavior_rooms/2CAP/2025-10-29_10-56-14_Prat_Urgency_group2/pi-data_2025-10-29_10-56-14_Prat_Urgency_group2/box06/mic/20251029_120500.WAV,20251029_120500_subject096_060,096_060,F,EtOH_Control,111034
/datastar/behavior_rooms/2CAP/2025-10-29_10-56-14_Prat_Urgency_group2/pi-data_2025-10-29_10-56-14_Prat_Urgency_group2/box06/mic/20251029_121000.WAV,20251029_121000_subject096_060,096_060,F,EtOH_Control,111034
/datastar/behavior_rooms/2CAP/2025-10-29_12-26-25_Prat_Urgency_group3/pi-data_2025-10-29_12-26-25_Prat_Urgency_group3/box02/mic/20251029_123520.WAV,20251029_123520_subject064_066,064_066,F,Control_Control,123652
/datastar/behavior_rooms/2CAP/2025-10-29_12-26-25_Prat_Urgency_group3/pi-data_2025-10-29_12-26-25_Prat_Urgency_group3/box02/mic/20251029_124000.WAV,20251029_124000_subject064_066,064_066,F,Control_Control,123652
/datastar/behavior_rooms/2CAP/2025-10-29_12-26-25_Prat_Urgency_group3/pi-data_2025-10-29_12-26-25_Prat_Urgency_group3/box02/mic/20251029_124500.WAV,20251029_124500_subject064_066,064_066,F,Control_Control,123652
/datastar/behavior_rooms/2CAP/2025-10-29_12-26-25_Prat_Urgency_group3/pi-data_2025-10-29_12-26-25_Prat_Urgency_group3/box02/mic/20251029_125000.WAV,20251029_125000_subject064_066,064_066,F,Control_Control,123652
/datastar/behavior_rooms/2CAP/2025-10-29_12-26-25_Prat_Urgency_group3/pi-data_2025-10-29_12-26-25_Prat_Urgency_group3/box02/mic/20251029_125500.WAV,20251029_125500_subject064_066,064_066,F,Control_Control,123652
/datastar/behavior_rooms/2CAP/2025-10-29_12-26-25_Prat_Urgency_group3/pi-data_2025-10-29_12-26-25_Prat_Urgency_group3/box02/mic/20251029_130000.WAV,20251029_130000_subject064_066,064_066,F,Control_Control,123652
/datastar/behavior_rooms/2CAP/2025-10-29_12-26-25_Prat_Urgency_group3/pi-data_2025-10-29_12-26-25_Prat_Urgency_group3/box02/mic/20251029_130500.WAV,20251029_130500_subject064_066,064_066,F,Control_Control,123652
/datastar/behavior_rooms/2CAP/2025-10-29_12-26-25_Prat_Urgency_group3/pi-data_2025-10-29_12-26-25_Prat_Urgency_group3/box02/mic/20251029_131000.WAV,20251029_131000_subject064_066,064_066,F,Control_Control,123652
/datastar/behavior_rooms/2CAP/2025-10-29_12-26-25_Prat_Urgency_group3/pi-data_2025-10-29_12-26-25_Prat_Urgency_group3/box02/mic/20251029_131500.WAV,20251029_131500_subject064_066,064_066,F,Control_Control,123652
/datastar/behavior_rooms/2CAP/2025-10-29_12-26-25_Prat_Urgency_group3/pi-data_2025-10-29_12-26-25_Prat_Urgency_group3/box02/mic/20251029_132000.WAV,20251029_132000_subject064_066,064_066,F,Control_Control,123652
/datastar/behavior_rooms/2CAP/2025-10-29_12-26-25_Prat_Urgency_group3/pi-data_2025-10-29_12-26-25_Prat_Urgency_group3/box02/mic/20251029_132500.WAV,20251029_132500_subject064_066,064_066,F,Control_Control,123652
/datastar/behavior_rooms/2CAP/2025-10-29_12-26-25_Prat_Urgency_group3/pi-data_2025-10-29_12-26-25_Prat_Urgency_group3/box02/mic/20251029_133000.WAV,20251029_133000_subject064_066,064_066,F,Control_Control,123652
/datastar/behavior_rooms/2CAP/2025-10-29_12-26-25_Prat_Urgency_group3/pi-data_2025-10-29_12-26-25_Prat_Urgency_group3/box02/mic/20251029_133500.WAV,20251029_133500_subject064_066,064_066,F,Control_Control,123652
/datastar/behavior_rooms/2CAP/2025-10-29_12-26-25_Prat_Urgency_group3/pi-data_2025-10-29_12-26-25_Prat_Urgency_group3/box02/mic/20251029_134000.WAV,20251029_134000_subject064_066,064_066,F,Control_Control,123652
/datastar/behavior_rooms/2CAP/2025-10-29_12-26-25_Prat_Urgency_group3/pi-data_2025-10-29_12-26-25_Prat_Urgency_group3/box02/mic/20251029_134500.WAV,20251029_134500_subject064_066,064_066,F,Control_Control,123652
/datastar/behavior_rooms/2CAP/2025-10-29_12-26-25_Prat_Urgency_group3/pi-data_2025-10-29_12-26-25_Prat_Urgency_group3/box02/mic/20251029_135000.WAV,20251029_135000_subject064_066,064_066,F,Control_Control,123652
/datastar/behavior_rooms/2CAP/2025-10-29_12-26-25_Prat_Urgency_group3/pi-data_2025-10-29_12-26-25_Prat_Urgency_group3/box01/mic/20251029_123519.WAV,20251029_123519_subject068,068,F,Control,123614
/datastar/behavior_rooms/2CAP/2025-10-29_12-26-25_Prat_Urgency_group3/pi-data_2025-10-29_12-26-25_Prat_Urgency_group3/box01/mic/20251029_124000.WAV,20251029_124000_subject068,068,F,Control,123614
/datastar/behavior_rooms/2CAP/2025-10-29_12-26-25_Prat_Urgency_group3/pi-data_2025-10-29_12-26-25_Prat_Urgency_group3/box01/mic/20251029_124500.WAV,20251029_124500_subject068,068,F,Control,123614
/datastar/behavior_rooms/2CAP/2025-10-29_12-26-25_Prat_Urgency_group3/pi-data_2025-10-29_12-26-25_Prat_Urgency_group3/box01/mic/20251029_125000.WAV,20251029_125000_subject068,068,F,Control,123614
/datastar/behavior_rooms/2CAP/2025-10-29_12-26-25_Prat_Urgency_group3/pi-data_2025-10-29_12-26-25_Prat_Urgency_group3/box01/mic/20251029_125500.WAV,20251029_125500_subject068,068,F,Control,123614
/datastar/behavior_rooms/2CAP/2025-10-29_12-26-25_Prat_Urgency_group3/pi-data_2025-10-29_12-26-25_Prat_Urgency_group3/box01/mic/20251029_130000.WAV,20251029_130000_subject068,068,F,Control,123614
/datastar/behavior_rooms/2CAP/2025-10-29_12-26-25_Prat_Urgency_group3/pi-data_2025-10-29_12-26-25_Prat_Urgency_group3/box01/mic/20251029_130500.WAV,20251029_130500_subject068,068,F,Control,123614
/datastar/behavior_rooms/2CAP/2025-10-29_12-26-25_Prat_Urgency_group3/pi-data_2025-10-29_12-26-25_Prat_Urgency_group3/box01/mic/20251029_131000.WAV,20251029_131000_subject068,068,F,Control,123614
/datastar/behavior_rooms/2CAP/2025-10-29_12-26-25_Prat_Urgency_group3/pi-data_2025-10-29_12-26-25_Prat_Urgency_group3/box01/mic/20251029_131500.WAV,20251029_131500_subject068,068,F,Control,123614
/datastar/behavior_rooms/2CAP/2025-10-29_12-26-25_Prat_Urgency_group3/pi-data_2025-10-29_12-26-25_Prat_Urgency_group3/box01/mic/20251029_132000.WAV,20251029_132000_subject068,068,F,Control,123614
/datastar/behavior_rooms/2CAP/2025-10-29_12-26-25_Prat_Urgency_group3/pi-data_2025-10-29_12-26-25_Prat_Urgency_group3/box01/mic/20251029_132500.WAV,20251029_132500_subject068,068,F,Control,123614
/datastar/behavior_rooms/2CAP/2025-10-29_12-26-25_Prat_Urgency_group3/pi-data_2025-10-29_12-26-25_Prat_Urgency_group3/box01/mic/20251029_133000.WAV,20251029_133000_subject068,068,F,Control,123614
/datastar/behavior_rooms/2CAP/2025-10-29_12-26-25_Prat_Urgency_group3/pi-data_2025-10-29_12-26-25_Prat_Urgency_group3/box01/mic/20251029_133500.WAV,20251029_133500_subject068,068,F,Control,123614
/datastar/behavior_rooms/2CAP/2025-10-29_12-26-25_Prat_Urgency_group3/pi-data_2025-10-29_12-26-25_Prat_Urgency_group3/box01/mic/20251029_134000.WAV,20251029_134000_subject068,068,F,Control,123614
/datastar/behavior_rooms/2CAP/2025-10-29_12-26-25_Prat_Urgency_group3/pi-data_2025-10-29_12-26-25_Prat_Urgency_group3/box01/mic/20251029_134500.WAV,20251029_134500_subject068,068,F,Control,123614
/datastar/behavior_rooms/2CAP/2025-10-29_12-26-25_Prat_Urgency_group3/pi-data_2025-10-29_12-26-25_Prat_Urgency_group3/box01/mic/20251029_135000.WAV,20251029_135000_subject068,068,F,Control,123614
/datastar/behavior_rooms/2CAP/2025-10-29_12-26-25_Prat_Urgency_group3/pi-data_2025-10-29_12-26-25_Prat_Urgency_group3/box04/mic/20251029_123519.WAV,20251029_123519_subject081,081,M,EtOH,123804
/datastar/behavior_rooms/2CAP/2025-10-29_12-26-25_Prat_Urgency_group3/pi-data_2025-10-29_12-26-25_Prat_Urgency_group3/box04/mic/20251029_124000.WAV,20251029_124000_subject081,081,M,EtOH,123804
/datastar/behavior_rooms/2CAP/2025-10-29_12-26-25_Prat_Urgency_group3/pi-data_2025-10-29_12-26-25_Prat_Urgency_group3/box04/mic/20251029_124500.WAV,20251029_124500_subject081,081,M,EtOH,123804
/datastar/behavior_rooms/2CAP/2025-10-29_12-26-25_Prat_Urgency_group3/pi-data_2025-10-29_12-26-25_Prat_Urgency_group3/box04/mic/20251029_125000.WAV,20251029_125000_subject081,081,M,EtOH,123804
/datastar/behavior_rooms/2CAP/2025-10-29_12-26-25_Prat_Urgency_group3/pi-data_2025-10-29_12-26-25_Prat_Urgency_group3/box04/mic/20251029_125500.WAV,20251029_125500_subject081,081,M,EtOH,123804
/datastar/behavior_rooms/2CAP/2025-10-29_12-26-25_Prat_Urgency_group3/pi-data_2025-10-29_12-26-25_Prat_Urgency_group3/box04/mic/20251029_130000.WAV,20251029_130000_subject081,081,M,EtOH,123804
/datastar/behavior_rooms/2CAP/2025-10-29_12-26-25_Prat_Urgency_group3/pi-data_2025-10-29_12-26-25_Prat_Urgency_group3/box04/mic/20251029_130500.WAV,20251029_130500_subject081,081,M,EtOH,123804
/datastar/behavior_rooms/2CAP/2025-10-29_12-26-25_Prat_Urgency_group3/pi-data_2025-10-29_12-26-25_Prat_Urgency_group3/box04/mic/20251029_131000.WAV,20251029_131000_subject081,081,M,EtOH,123804
/datastar/behavior_rooms/2CAP/2025-10-29_12-26-25_Prat_Urgency_group3/pi-data_2025-10-29_12-26-25_Prat_Urgency_group3/box04/mic/20251029_131500.WAV,20251029_131500_subject081,081,M,EtOH,123804
/datastar/behavior_rooms/2CAP/2025-10-29_12-26-25_Prat_Urgency_group3/pi-data_2025-10-29_12-26-25_Prat_Urgency_group3/box04/mic/20251029_132000.WAV,20251029_132000_subject081,081,M,EtOH,123804
/datastar/behavior_rooms/2CAP/2025-10-29_12-26-25_Prat_Urgency_group3/pi-data_2025-10-29_12-26-25_Prat_Urgency_group3/box04/mic/20251029_132500.WAV,20251029_132500_subject081,081,M,EtOH,123804
/datastar/behavior_rooms/2CAP/2025-10-29_12-26-25_Prat_Urgency_group3/pi-data_2025-10-29_12-26-25_Prat_Urgency_group3/box04/mic/20251029_133000.WAV,20251029_133000_subject081,081,M,EtOH,123804
/datastar/behavior_rooms/2CAP/2025-10-29_12-26-25_Prat_Urgency_group3/pi-data_2025-10-29_12-26-25_Prat_Urgency_group3/box04/mic/20251029_133500.WAV,20251029_133500_subject081,081,M,EtOH,123804
/datastar/behavior_rooms/2CAP/2025-10-29_12-26-25_Prat_Urgency_group3/pi-data_2025-10-29_12-26-25_Prat_Urgency_group3/box04/mic/20251029_134000.WAV,20251029_134000_subject081,081,M,EtOH,123804
/datastar/behavior_rooms/2CAP/2025-10-29_12-26-25_Prat_Urgency_group3/pi-data_2025-10-29_12-26-25_Prat_Urgency_group3/box04/mic/20251029_134500.WAV,20251029_134500_subject081,081,M,EtOH,123804
/datastar/behavior_rooms/2CAP/2025-10-29_12-26-25_Prat_Urgency_group3/pi-data_2025-10-29_12-26-25_Prat_Urgency_group3/box04/mic/20251029_135000.WAV,20251029_135000_subject081,081,M,EtOH,123804
/datastar/behavior_rooms/2CAP/2025-10-29_12-26-25_Prat_Urgency_group3/pi-data_2025-10-29_12-26-25_Prat_Urgency_group3/box03/mic/20251029_123519.WAV,20251029_123519_subject083_063,083_063,M,EtOH_Control,123734
/datastar/behavior_rooms/2CAP/2025-10-29_12-26-25_Prat_Urgency_group3/pi-data_2025-10-29_12-26-25_Prat_Urgency_group3/box03/mic/20251029_124000.WAV,20251029_124000_subject083_063,083_063,M,EtOH_Control,123734
/datastar/behavior_rooms/2CAP/2025-10-29_12-26-25_Prat_Urgency_group3/pi-data_2025-10-29_12-26-25_Prat_Urgency_group3/box03/mic/20251029_124500.WAV,20251029_124500_subject083_063,083_063,M,EtOH_Control,123734
/datastar/behavior_rooms/2CAP/2025-10-29_12-26-25_Prat_Urgency_group3/pi-data_2025-10-29_12-26-25_Prat_Urgency_group3/box03/mic/20251029_125000.WAV,20251029_125000_subject083_063,083_063,M,EtOH_Control,123734
/datastar/behavior_rooms/2CAP/2025-10-29_12-26-25_Prat_Urgency_group3/pi-data_2025-10-29_12-26-25_Prat_Urgency_group3/box03/mic/20251029_125500.WAV,20251029_125500_subject083_063,083_063,M,EtOH_Control,123734
/datastar/behavior_rooms/2CAP/2025-10-29_12-26-25_Prat_Urgency_group3/pi-data_2025-10-29_12-26-25_Prat_Urgency_group3/box03/mic/20251029_130000.WAV,20251029_130000_subject083_063,083_063,M,EtOH_Control,123734
/datastar/behavior_rooms/2CAP/2025-10-29_12-26-25_Prat_Urgency_group3/pi-data_2025-10-29_12-26-25_Prat_Urgency_group3/box03/mic/20251029_130500.WAV,20251029_130500_subject083_063,083_063,M,EtOH_Control,123734
/datastar/behavior_rooms/2CAP/2025-10-29_12-26-25_Prat_Urgency_group3/pi-data_2025-10-29_12-26-25_Prat_Urgency_group3/box03/mic/20251029_131000.WAV,20251029_131000_subject083_063,083_063,M,EtOH_Control,123734
/datastar/behavior_rooms/2CAP/2025-10-29_12-26-25_Prat_Urgency_group3/pi-data_2025-10-29_12-26-25_Prat_Urgency_group3/box03/mic/20251029_131500.WAV,20251029_131500_subject083_063,083_063,M,EtOH_Control,123734
/datastar/behavior_rooms/2CAP/2025-10-29_12-26-25_Prat_Urgency_group3/pi-data_2025-10-29_12-26-25_Prat_Urgency_group3/box03/mic/20251029_132000.WAV,20251029_132000_subject083_063,083_063,M,EtOH_Control,123734
/datastar/behavior_rooms/2CAP/2025-10-29_12-26-25_Prat_Urgency_group3/pi-data_2025-10-29_12-26-25_Prat_Urgency_group3/box03/mic/20251029_132500.WAV,20251029_132500_subject083_063,083_063,M,EtOH_Control,123734
/datastar/behavior_rooms/2CAP/2025-10-29_12-26-25_Prat_Urgency_group3/pi-data_2025-10-29_12-26-25_Prat_Urgency_group3/box03/mic/20251029_133000.WAV,20251029_133000_subject083_063,083_063,M,EtOH_Control,123734
/datastar/behavior_rooms/2CAP/2025-10-29_12-26-25_Prat_Urgency_group3/pi-data_2025-10-29_12-26-25_Prat_Urgency_group3/box03/mic/20251029_133500.WAV,20251029_133500_subject083_063,083_063,M,EtOH_Control,123734
/datastar/behavior_rooms/2CAP/2025-10-29_12-26-25_Prat_Urgency_group3/pi-data_2025-10-29_12-26-25_Prat_Urgency_group3/box03/mic/20251029_134000.WAV,20251029_134000_subject083_063,083_063,M,EtOH_Control,123734
/datastar/behavior_rooms/2CAP/2025-10-29_12-26-25_Prat_Urgency_group3/pi-data_2025-10-29_12-26-25_Prat_Urgency_group3/box03/mic/20251029_134500.WAV,20251029_134500_subject083_063,083_063,M,EtOH_Control,123734
/datastar/behavior_rooms/2CAP/2025-10-29_12-26-25_Prat_Urgency_group3/pi-data_2025-10-29_12-26-25_Prat_Urgency_group3/box03/mic/20251029_135000.WAV,20251029_135000_subject083_063,083_063,M,EtOH_Control,123734
/datastar/behavior_rooms/2CAP/2025-10-29_12-26-25_Prat_Urgency_group3/pi-data_2025-10-29_12-26-25_Prat_Urgency_group3/box05/mic/20251029_123520.WAV,20251029_123520_subject094_070,094_070,F,EtOH_Control,123844
/datastar/behavior_rooms/2CAP/2025-10-29_12-26-25_Prat_Urgency_group3/pi-data_2025-10-29_12-26-25_Prat_Urgency_group3/box05/mic/20251029_124000.WAV,20251029_124000_subject094_070,094_070,F,EtOH_Control,123844
/datastar/behavior_rooms/2CAP/2025-10-29_12-26-25_Prat_Urgency_group3/pi-data_2025-10-29_12-26-25_Prat_Urgency_group3/box05/mic/20251029_124500.WAV,20251029_124500_subject094_070,094_070,F,EtOH_Control,123844
/datastar/behavior_rooms/2CAP/2025-10-29_12-26-25_Prat_Urgency_group3/pi-data_2025-10-29_12-26-25_Prat_Urgency_group3/box05/mic/20251029_125000.WAV,20251029_125000_subject094_070,094_070,F,EtOH_Control,123844
/datastar/behavior_rooms/2CAP/2025-10-29_12-26-25_Prat_Urgency_group3/pi-data_2025-10-29_12-26-25_Prat_Urgency_group3/box05/mic/20251029_125500.WAV,20251029_125500_subject094_070,094_070,F,EtOH_Control,123844
/datastar/behavior_rooms/2CAP/2025-10-29_12-26-25_Prat_Urgency_group3/pi-data_2025-10-29_12-26-25_Prat_Urgency_group3/box05/mic/20251029_130000.WAV,20251029_130000_subject094_070,094_070,F,EtOH_Control,123844
/datastar/behavior_rooms/2CAP/2025-10-29_12-26-25_Prat_Urgency_group3/pi-data_2025-10-29_12-26-25_Prat_Urgency_group3/box05/mic/20251029_130500.WAV,20251029_130500_subject094_070,094_070,F,EtOH_Control,123844
/datastar/behavior_rooms/2CAP/2025-10-29_12-26-25_Prat_Urgency_group3/pi-data_2025-10-29_12-26-25_Prat_Urgency_group3/box05/mic/20251029_131000.WAV,20251029_131000_subject094_070,094_070,F,EtOH_Control,123844
/datastar/behavior_rooms/2CAP/2025-10-29_12-26-25_Prat_Urgency_group3/pi-data_2025-10-29_12-26-25_Prat_Urgency_group3/box05/mic/20251029_131500.WAV,20251029_131500_subject094_070,094_070,F,EtOH_Control,123844
/datastar/behavior_rooms/2CAP/2025-10-29_12-26-25_Prat_Urgency_group3/pi-data_2025-10-29_12-26-25_Prat_Urgency_group3/box05/mic/20251029_132000.WAV,20251029_132000_subject094_070,094_070,F,EtOH_Control,123844
/datastar/behavior_rooms/2CAP/2025-10-29_12-26-25_Prat_Urgency_group3/pi-data_2025-10-29_12-26-25_Prat_Urgency_group3/box05/mic/20251029_132500.WAV,20251029_132500_subject094_070,094_070,F,EtOH_Control,123844
/datastar/behavior_rooms/2CAP/2025-10-29_12-26-25_Prat_Urgency_group3/pi-data_2025-10-29_12-26-25_Prat_Urgency_group3/box05/mic/20251029_133000.WAV,20251029_133000_subject094_070,094_070,F,EtOH_Control,123844
/datastar/behavior_rooms/2CAP/2025-10-29_12-26-25_Prat_Urgency_group3/pi-data_2025-10-29_12-26-25_Prat_Urgency_group3/box05/mic/20251029_133500.WAV,20251029_133500_subject094_070,094_070,F,EtOH_Control,123844
/datastar/behavior_rooms/2CAP/2025-10-29_12-26-25_Prat_Urgency_group3/pi-data_2025-10-29_12-26-25_Prat_Urgency_group3/box05/mic/20251029_134000.WAV,20251029_134000_subject094_070,094_070,F,EtOH_Control,123844
/datastar/behavior_rooms/2CAP/2025-10-29_12-26-25_Prat_Urgency_group3/pi-data_2025-10-29_12-26-25_Prat_Urgency_group3/box05/mic/20251029_134500.WAV,20251029_134500_subject094_070,094_070,F,EtOH_Control,123844
/datastar/behavior_rooms/2CAP/2025-10-29_12-26-25_Prat_Urgency_group3/pi-data_2025-10-29_12-26-25_Prat_Urgency_group3/box05/mic/20251029_135000.WAV,20251029_135000_subject094_070,094_070,F,EtOH_Control,123844
/datastar/behavior_rooms/2CAP/2025-10-29_12-26-25_Prat_Urgency_group3/pi-data_2025-10-29_12-26-25_Prat_Urgency_group3/box06/mic/20251029_123520.WAV,20251029_123520_subject095_087,095_087,M,EtOH_EtOH,123935
/datastar/behavior_rooms/2CAP/2025-10-29_12-26-25_Prat_Urgency_group3/pi-data_2025-10-29_12-26-25_Prat_Urgency_group3/box06/mic/20251029_124000.WAV,20251029_124000_subject095_087,095_087,M,EtOH_EtOH,123935
/datastar/behavior_rooms/2CAP/2025-10-29_12-26-25_Prat_Urgency_group3/pi-data_2025-10-29_12-26-25_Prat_Urgency_group3/box06/mic/20251029_124500.WAV,20251029_124500_subject095_087,095_087,M,EtOH_EtOH,123935
/datastar/behavior_rooms/2CAP/2025-10-29_12-26-25_Prat_Urgency_group3/pi-data_2025-10-29_12-26-25_Prat_Urgency_group3/box06/mic/20251029_125000.WAV,20251029_125000_subject095_087,095_087,M,EtOH_EtOH,123935
/datastar/behavior_rooms/2CAP/2025-10-29_12-26-25_Prat_Urgency_group3/pi-data_2025-10-29_12-26-25_Prat_Urgency_group3/box06/mic/20251029_125500.WAV,20251029_125500_subject095_087,095_087,M,EtOH_EtOH,123935
/datastar/behavior_rooms/2CAP/2025-10-29_12-26-25_Prat_Urgency_group3/pi-data_2025-10-29_12-26-25_Prat_Urgency_group3/box06/mic/20251029_130000.WAV,20251029_130000_subject095_087,095_087,M,EtOH_EtOH,123935
/datastar/behavior_rooms/2CAP/2025-10-29_12-26-25_Prat_Urgency_group3/pi-data_2025-10-29_12-26-25_Prat_Urgency_group3/box06/mic/20251029_130500.WAV,20251029_130500_subject095_087,095_087,M,EtOH_EtOH,123935
/datastar/behavior_rooms/2CAP/2025-10-29_12-26-25_Prat_Urgency_group3/pi-data_2025-10-29_12-26-25_Prat_Urgency_group3/box06/mic/20251029_131000.WAV,20251029_131000_subject095_087,095_087,M,EtOH_EtOH,123935
/datastar/behavior_rooms/2CAP/2025-10-29_12-26-25_Prat_Urgency_group3/pi-data_2025-10-29_12-26-25_Prat_Urgency_group3/box06/mic/20251029_131500.WAV,20251029_131500_subject095_087,095_087,M,EtOH_EtOH,123935
/datastar/behavior_rooms/2CAP/2025-10-29_12-26-25_Prat_Urgency_group3/pi-data_2025-10-29_12-26-25_Prat_Urgency_group3/box06/mic/20251029_132000.WAV,20251029_132000_subject095_087,095_087,M,EtOH_EtOH,123935
/datastar/behavior_rooms/2CAP/2025-10-29_12-26-25_Prat_Urgency_group3/pi-data_2025-10-29_12-26-25_Prat_Urgency_group3/box06/mic/20251029_132500.WAV,20251029_132500_subject095_087,095_087,M,EtOH_EtOH,123935
/datastar/behavior_rooms/2CAP/2025-10-29_12-26-25_Prat_Urgency_group3/pi-data_2025-10-29_12-26-25_Prat_Urgency_group3/box06/mic/20251029_133000.WAV,20251029_133000_subject095_087,095_087,M,EtOH_EtOH,123935
/datastar/behavior_rooms/2CAP/2025-10-29_12-26-25_Prat_Urgency_group3/pi-data_2025-10-29_12-26-25_Prat_Urgency_group3/box06/mic/20251029_133500.WAV,20251029_133500_subject095_087,095_087,M,EtOH_EtOH,123935
/datastar/behavior_rooms/2CAP/2025-10-29_12-26-25_Prat_Urgency_group3/pi-data_2025-10-29_12-26-25_Prat_Urgency_group3/box06/mic/20251029_134000.WAV,20251029_134000_subject095_087,095_087,M,EtOH_EtOH,123935
/datastar/behavior_rooms/2CAP/2025-10-29_12-26-25_Prat_Urgency_group3/pi-data_2025-10-29_12-26-25_Prat_Urgency_group3/box06/mic/20251029_134500.WAV,20251029_134500_subject095_087,095_087,M,EtOH_EtOH,123935
/datastar/behavior_rooms/2CAP/2025-10-29_12-26-25_Prat_Urgency_group3/pi-data_2025-10-29_12-26-25_Prat_Urgency_group3/box06/mic/20251029_135000.WAV,20251029_135000_subject095_087,095_087,M,EtOH_EtOH,123935
/datastar/behavior_rooms/2CAP/2025-10-29_13-54-05_Prat_Urgency_group4/pi-data_2025-10-29_13-54-05_Prat_Urgency_group4/box04/mic/20251029_140539.WAV,20251029_140539_subject074_088,074_088,F,Control_EtOH,140835
/datastar/behavior_rooms/2CAP/2025-10-29_13-54-05_Prat_Urgency_group4/pi-data_2025-10-29_13-54-05_Prat_Urgency_group4/box04/mic/20251029_141000.WAV,20251029_141000_subject074_088,074_088,F,Control_EtOH,140835
/datastar/behavior_rooms/2CAP/2025-10-29_13-54-05_Prat_Urgency_group4/pi-data_2025-10-29_13-54-05_Prat_Urgency_group4/box04/mic/20251029_141500.WAV,20251029_141500_subject074_088,074_088,F,Control_EtOH,140835
/datastar/behavior_rooms/2CAP/2025-10-29_13-54-05_Prat_Urgency_group4/pi-data_2025-10-29_13-54-05_Prat_Urgency_group4/box04/mic/20251029_142000.WAV,20251029_142000_subject074_088,074_088,F,Control_EtOH,140835
/datastar/behavior_rooms/2CAP/2025-10-29_13-54-05_Prat_Urgency_group4/pi-data_2025-10-29_13-54-05_Prat_Urgency_group4/box04/mic/20251029_142500.WAV,20251029_142500_subject074_088,074_088,F,Control_EtOH,140835
/datastar/behavior_rooms/2CAP/2025-10-29_13-54-05_Prat_Urgency_group4/pi-data_2025-10-29_13-54-05_Prat_Urgency_group4/box04/mic/20251029_143000.WAV,20251029_143000_subject074_088,074_088,F,Control_EtOH,140835
/datastar/behavior_rooms/2CAP/2025-10-29_13-54-05_Prat_Urgency_group4/pi-data_2025-10-29_13-54-05_Prat_Urgency_group4/box04/mic/20251029_143500.WAV,20251029_143500_subject074_088,074_088,F,Control_EtOH,140835
/datastar/behavior_rooms/2CAP/2025-10-29_13-54-05_Prat_Urgency_group4/pi-data_2025-10-29_13-54-05_Prat_Urgency_group4/box04/mic/20251029_144000.WAV,20251029_144000_subject074_088,074_088,F,Control_EtOH,140835
/datastar/behavior_rooms/2CAP/2025-10-29_13-54-05_Prat_Urgency_group4/pi-data_2025-10-29_13-54-05_Prat_Urgency_group4/box04/mic/20251029_144500.WAV,20251029_144500_subject074_088,074_088,F,Control_EtOH,140835
/datastar/behavior_rooms/2CAP/2025-10-29_13-54-05_Prat_Urgency_group4/pi-data_2025-10-29_13-54-05_Prat_Urgency_group4/box04/mic/20251029_145000.WAV,20251029_145000_subject074_088,074_088,F,Control_EtOH,140835
/datastar/behavior_rooms/2CAP/2025-10-29_13-54-05_Prat_Urgency_group4/pi-data_2025-10-29_13-54-05_Prat_Urgency_group4/box04/mic/20251029_145500.WAV,20251029_145500_subject074_088,074_088,F,Control_EtOH,140835
/datastar/behavior_rooms/2CAP/2025-10-29_13-54-05_Prat_Urgency_group4/pi-data_2025-10-29_13-54-05_Prat_Urgency_group4/box04/mic/20251029_150000.WAV,20251029_150000_subject074_088,074_088,F,Control_EtOH,140835
/datastar/behavior_rooms/2CAP/2025-10-29_13-54-05_Prat_Urgency_group4/pi-data_2025-10-29_13-54-05_Prat_Urgency_group4/box04/mic/20251029_150500.WAV,20251029_150500_subject074_088,074_088,F,Control_EtOH,140835
/datastar/behavior_rooms/2CAP/2025-10-29_13-54-05_Prat_Urgency_group4/pi-data_2025-10-29_13-54-05_Prat_Urgency_group4/box04/mic/20251029_151000.WAV,20251029_151000_subject074_088,074_088,F,Control_EtOH,140835
/datastar/behavior_rooms/2CAP/2025-10-29_13-54-05_Prat_Urgency_group4/pi-data_2025-10-29_13-54-05_Prat_Urgency_group4/box06/mic/20251029_140539.WAV,20251029_140539_subject075_071,075_071,M,Control_Control,140935
/datastar/behavior_rooms/2CAP/2025-10-29_13-54-05_Prat_Urgency_group4/pi-data_2025-10-29_13-54-05_Prat_Urgency_group4/box06/mic/20251029_141000.WAV,20251029_141000_subject075_071,075_071,M,Control_Control,140935
/datastar/behavior_rooms/2CAP/2025-10-29_13-54-05_Prat_Urgency_group4/pi-data_2025-10-29_13-54-05_Prat_Urgency_group4/box06/mic/20251029_141500.WAV,20251029_141500_subject075_071,075_071,M,Control_Control,140935
/datastar/behavior_rooms/2CAP/2025-10-29_13-54-05_Prat_Urgency_group4/pi-data_2025-10-29_13-54-05_Prat_Urgency_group4/box06/mic/20251029_142000.WAV,20251029_142000_subject075_071,075_071,M,Control_Control,140935
/datastar/behavior_rooms/2CAP/2025-10-29_13-54-05_Prat_Urgency_group4/pi-data_2025-10-29_13-54-05_Prat_Urgency_group4/box06/mic/20251029_142500.WAV,20251029_142500_subject075_071,075_071,M,Control_Control,140935
/datastar/behavior_rooms/2CAP/2025-10-29_13-54-05_Prat_Urgency_group4/pi-data_2025-10-29_13-54-05_Prat_Urgency_group4/box06/mic/20251029_143000.WAV,20251029_143000_subject075_071,075_071,M,Control_Control,140935
/datastar/behavior_rooms/2CAP/2025-10-29_13-54-05_Prat_Urgency_group4/pi-data_2025-10-29_13-54-05_Prat_Urgency_group4/box06/mic/20251029_143500.WAV,20251029_143500_subject075_071,075_071,M,Control_Control,140935
/datastar/behavior_rooms/2CAP/2025-10-29_13-54-05_Prat_Urgency_group4/pi-data_2025-10-29_13-54-05_Prat_Urgency_group4/box06/mic/20251029_144000.WAV,20251029_144000_subject075_071,075_071,M,Control_Control,140935
/datastar/behavior_rooms/2CAP/2025-10-29_13-54-05_Prat_Urgency_group4/pi-data_2025-10-29_13-54-05_Prat_Urgency_group4/box06/mic/20251029_144500.WAV,20251029_144500_subject075_071,075_071,M,Control_Control,140935
/datastar/behavior_rooms/2CAP/2025-10-29_13-54-05_Prat_Urgency_group4/pi-data_2025-10-29_13-54-05_Prat_Urgency_group4/box06/mic/20251029_145000.WAV,20251029_145000_subject075_071,075_071,M,Control_Control,140935
/datastar/behavior_rooms/2CAP/2025-10-29_13-54-05_Prat_Urgency_group4/pi-data_2025-10-29_13-54-05_Prat_Urgency_group4/box06/mic/20251029_145500.WAV,20251029_145500_subject075_071,075_071,M,Control_Control,140935
/datastar/behavior_rooms/2CAP/2025-10-29_13-54-05_Prat_Urgency_group4/pi-data_2025-10-29_13-54-05_Prat_Urgency_group4/box06/mic/20251029_150000.WAV,20251029_150000_subject075_071,075_071,M,Control_Control,140935
/datastar/behavior_rooms/2CAP/2025-10-29_13-54-05_Prat_Urgency_group4/pi-data_2025-10-29_13-54-05_Prat_Urgency_group4/box06/mic/20251029_150500.WAV,20251029_150500_subject075_071,075_071,M,Control_Control,140935
/datastar/behavior_rooms/2CAP/2025-10-29_13-54-05_Prat_Urgency_group4/pi-data_2025-10-29_13-54-05_Prat_Urgency_group4/box06/mic/20251029_151000.WAV,20251029_151000_subject075_071,075_071,M,Control_Control,140935
/datastar/behavior_rooms/2CAP/2025-10-29_13-54-05_Prat_Urgency_group4/pi-data_2025-10-29_13-54-05_Prat_Urgency_group4/box02/mic/20251029_140539.WAV,20251029_140539_subject077_097,077_097,M,Control_EtOH,140739
/datastar/behavior_rooms/2CAP/2025-10-29_13-54-05_Prat_Urgency_group4/pi-data_2025-10-29_13-54-05_Prat_Urgency_group4/box02/mic/20251029_141000.WAV,20251029_141000_subject077_097,077_097,M,Control_EtOH,140739
/datastar/behavior_rooms/2CAP/2025-10-29_13-54-05_Prat_Urgency_group4/pi-data_2025-10-29_13-54-05_Prat_Urgency_group4/box02/mic/20251029_141500.WAV,20251029_141500_subject077_097,077_097,M,Control_EtOH,140739
/datastar/behavior_rooms/2CAP/2025-10-29_13-54-05_Prat_Urgency_group4/pi-data_2025-10-29_13-54-05_Prat_Urgency_group4/box02/mic/20251029_142000.WAV,20251029_142000_subject077_097,077_097,M,Control_EtOH,140739
/datastar/behavior_rooms/2CAP/2025-10-29_13-54-05_Prat_Urgency_group4/pi-data_2025-10-29_13-54-05_Prat_Urgency_group4/box02/mic/20251029_142500.WAV,20251029_142500_subject077_097,077_097,M,Control_EtOH,140739
/datastar/behavior_rooms/2CAP/2025-10-29_13-54-05_Prat_Urgency_group4/pi-data_2025-10-29_13-54-05_Prat_Urgency_group4/box02/mic/20251029_143000.WAV,20251029_143000_subject077_097,077_097,M,Control_EtOH,140739
/datastar/behavior_rooms/2CAP/2025-10-29_13-54-05_Prat_Urgency_group4/pi-data_2025-10-29_13-54-05_Prat_Urgency_group4/box02/mic/20251029_143500.WAV,20251029_143500_subject077_097,077_097,M,Control_EtOH,140739
/datastar/behavior_rooms/2CAP/2025-10-29_13-54-05_Prat_Urgency_group4/pi-data_2025-10-29_13-54-05_Prat_Urgency_group4/box02/mic/20251029_144000.WAV,20251029_144000_subject077_097,077_097,M,Control_EtOH,140739
/datastar/behavior_rooms/2CAP/2025-10-29_13-54-05_Prat_Urgency_group4/pi-data_2025-10-29_13-54-05_Prat_Urgency_group4/box02/mic/20251029_144500.WAV,20251029_144500_subject077_097,077_097,M,Control_EtOH,140739
/datastar/behavior_rooms/2CAP/2025-10-29_13-54-05_Prat_Urgency_group4/pi-data_2025-10-29_13-54-05_Prat_Urgency_group4/box02/mic/20251029_145000.WAV,20251029_145000_subject077_097,077_097,M,Control_EtOH,140739
/datastar/behavior_rooms/2CAP/2025-10-29_13-54-05_Prat_Urgency_group4/pi-data_2025-10-29_13-54-05_Prat_Urgency_group4/box02/mic/20251029_145500.WAV,20251029_145500_subject077_097,077_097,M,Control_EtOH,140739
/datastar/behavior_rooms/2CAP/2025-10-29_13-54-05_Prat_Urgency_group4/pi-data_2025-10-29_13-54-05_Prat_Urgency_group4/box02/mic/20251029_150000.WAV,20251029_150000_subject077_097,077_097,M,Control_EtOH,140739
/datastar/behavior_rooms/2CAP/2025-10-29_13-54-05_Prat_Urgency_group4/pi-data_2025-10-29_13-54-05_Prat_Urgency_group4/box02/mic/20251029_150500.WAV,20251029_150500_subject077_097,077_097,M,Control_EtOH,140739
/datastar/behavior_rooms/2CAP/2025-10-29_13-54-05_Prat_Urgency_group4/pi-data_2025-10-29_13-54-05_Prat_Urgency_group4/box02/mic/20251029_151000.WAV,20251029_151000_subject077_097,077_097,M,Control_EtOH,140739
/datastar/behavior_rooms/2CAP/2025-10-29_13-54-05_Prat_Urgency_group4/pi-data_2025-10-29_13-54-05_Prat_Urgency_group4/box03/mic/20251029_140539.WAV,20251029_140539_subject078,078,F,Control,140751
/datastar/behavior_rooms/2CAP/2025-10-29_13-54-05_Prat_Urgency_group4/pi-data_2025-10-29_13-54-05_Prat_Urgency_group4/box03/mic/20251029_141000.WAV,20251029_141000_subject078,078,F,Control,140751
/datastar/behavior_rooms/2CAP/2025-10-29_13-54-05_Prat_Urgency_group4/pi-data_2025-10-29_13-54-05_Prat_Urgency_group4/box03/mic/20251029_141500.WAV,20251029_141500_subject078,078,F,Control,140751
/datastar/behavior_rooms/2CAP/2025-10-29_13-54-05_Prat_Urgency_group4/pi-data_2025-10-29_13-54-05_Prat_Urgency_group4/box03/mic/20251029_142000.WAV,20251029_142000_subject078,078,F,Control,140751
/datastar/behavior_rooms/2CAP/2025-10-29_13-54-05_Prat_Urgency_group4/pi-data_2025-10-29_13-54-05_Prat_Urgency_group4/box03/mic/20251029_142500.WAV,20251029_142500_subject078,078,F,Control,140751
/datastar/behavior_rooms/2CAP/2025-10-29_13-54-05_Prat_Urgency_group4/pi-data_2025-10-29_13-54-05_Prat_Urgency_group4/box03/mic/20251029_143000.WAV,20251029_143000_subject078,078,F,Control,140751
/datastar/behavior_rooms/2CAP/2025-10-29_13-54-05_Prat_Urgency_group4/pi-data_2025-10-29_13-54-05_Prat_Urgency_group4/box03/mic/20251029_143500.WAV,20251029_143500_subject078,078,F,Control,140751
/datastar/behavior_rooms/2CAP/2025-10-29_13-54-05_Prat_Urgency_group4/pi-data_2025-10-29_13-54-05_Prat_Urgency_group4/box03/mic/20251029_144000.WAV,20251029_144000_subject078,078,F,Control,140751
/datastar/behavior_rooms/2CAP/2025-10-29_13-54-05_Prat_Urgency_group4/pi-data_2025-10-29_13-54-05_Prat_Urgency_group4/box03/mic/20251029_144500.WAV,20251029_144500_subject078,078,F,Control,140751
/datastar/behavior_rooms/2CAP/2025-10-29_13-54-05_Prat_Urgency_group4/pi-data_2025-10-29_13-54-05_Prat_Urgency_group4/box03/mic/20251029_145000.WAV,20251029_145000_subject078,078,F,Control,140751
/datastar/behavior_rooms/2CAP/2025-10-29_13-54-05_Prat_Urgency_group4/pi-data_2025-10-29_13-54-05_Prat_Urgency_group4/box03/mic/20251029_145500.WAV,20251029_145500_subject078,078,F,Control,140751
/datastar/behavior_rooms/2CAP/2025-10-29_13-54-05_Prat_Urgency_group4/pi-data_2025-10-29_13-54-05_Prat_Urgency_group4/box03/mic/20251029_150000.WAV,20251029_150000_subject078,078,F,Control,140751
/datastar/behavior_rooms/2CAP/2025-10-29_13-54-05_Prat_Urgency_group4/pi-data_2025-10-29_13-54-05_Prat_Urgency_group4/box03/mic/20251029_150500.WAV,20251029_150500_subject078,078,F,Control,140751
/datastar/behavior_rooms/2CAP/2025-10-29_13-54-05_Prat_Urgency_group4/pi-data_2025-10-29_13-54-05_Prat_Urgency_group4/box03/mic/20251029_151000.WAV,20251029_151000_subject078,078,F,Control,140751
/datastar/behavior_rooms/2CAP/2025-10-29_13-54-05_Prat_Urgency_group4/pi-data_2025-10-29_13-54-05_Prat_Urgency_group4/box01/mic/20251029_140539.WAV,20251029_140539_subject093_079,093_079,M,EtOH_EtOH,140652
/datastar/behavior_rooms/2CAP/2025-10-29_13-54-05_Prat_Urgency_group4/pi-data_2025-10-29_13-54-05_Prat_Urgency_group4/box01/mic/20251029_141000.WAV,20251029_141000_subject093_079,093_079,M,EtOH_EtOH,140652
/datastar/behavior_rooms/2CAP/2025-10-29_13-54-05_Prat_Urgency_group4/pi-data_2025-10-29_13-54-05_Prat_Urgency_group4/box01/mic/20251029_141500.WAV,20251029_141500_subject093_079,093_079,M,EtOH_EtOH,140652
/datastar/behavior_rooms/2CAP/2025-10-29_13-54-05_Prat_Urgency_group4/pi-data_2025-10-29_13-54-05_Prat_Urgency_group4/box01/mic/20251029_142000.WAV,20251029_142000_subject093_079,093_079,M,EtOH_EtOH,140652
/datastar/behavior_rooms/2CAP/2025-10-29_13-54-05_Prat_Urgency_group4/pi-data_2025-10-29_13-54-05_Prat_Urgency_group4/box01/mic/20251029_142500.WAV,20251029_142500_subject093_079,093_079,M,EtOH_EtOH,140652
/datastar/behavior_rooms/2CAP/2025-10-29_13-54-05_Prat_Urgency_group4/pi-data_2025-10-29_13-54-05_Prat_Urgency_group4/box01/mic/20251029_143000.WAV,20251029_143000_subject093_079,093_079,M,EtOH_EtOH,140652
/datastar/behavior_rooms/2CAP/2025-10-29_13-54-05_Prat_Urgency_group4/pi-data_2025-10-29_13-54-05_Prat_Urgency_group4/box01/mic/20251029_143500.WAV,20251029_143500_subject093_079,093_079,M,EtOH_EtOH,140652
/datastar/behavior_rooms/2CAP/2025-10-29_13-54-05_Prat_Urgency_group4/pi-data_2025-10-29_13-54-05_Prat_Urgency_group4/box01/mic/20251029_144000.WAV,20251029_144000_subject093_079,093_079,M,EtOH_EtOH,140652
/datastar/behavior_rooms/2CAP/2025-10-29_13-54-05_Prat_Urgency_group4/pi-data_2025-10-29_13-54-05_Prat_Urgency_group4/box01/mic/20251029_144500.WAV,20251029_144500_subject093_079,093_079,M,EtOH_EtOH,140652
/datastar/behavior_rooms/2CAP/2025-10-29_13-54-05_Prat_Urgency_group4/pi-data_2025-10-29_13-54-05_Prat_Urgency_group4/box01/mic/20251029_145000.WAV,20251029_145000_subject093_079,093_079,M,EtOH_EtOH,140652
/datastar/behavior_rooms/2CAP/2025-10-29_13-54-05_Prat_Urgency_group4/pi-data_2025-10-29_13-54-05_Prat_Urgency_group4/box01/mic/20251029_145500.WAV,20251029_145500_subject093_079,093_079,M,EtOH_EtOH,140652
/datastar/behavior_rooms/2CAP/2025-10-29_13-54-05_Prat_Urgency_group4/pi-data_2025-10-29_13-54-05_Prat_Urgency_group4/box01/mic/20251029_150000.WAV,20251029_150000_subject093_079,093_079,M,EtOH_EtOH,140652
/datastar/behavior_rooms/2CAP/2025-10-29_13-54-05_Prat_Urgency_group4/pi-data_2025-10-29_13-54-05_Prat_Urgency_group4/box01/mic/20251029_150500.WAV,20251029_150500_subject093_079,093_079,M,EtOH_EtOH,140652
/datastar/behavior_rooms/2CAP/2025-10-29_13-54-05_Prat_Urgency_group4/pi-data_2025-10-29_13-54-05_Prat_Urgency_group4/box01/mic/20251029_151000.WAV,20251029_151000_subject093_079,093_079,M,EtOH_EtOH,140652
/datastar/behavior_rooms/2CAP/2025-10-29_13-54-05_Prat_Urgency_group4/pi-data_2025-10-29_13-54-05_Prat_Urgency_group4/box05/mic/20251029_140540.WAV,20251029_140540_subject098,098,F,EtOH,140844
/datastar/behavior_rooms/2CAP/2025-10-29_13-54-05_Prat_Urgency_group4/pi-data_2025-10-29_13-54-05_Prat_Urgency_group4/box05/mic/20251029_141000.WAV,20251029_141000_subject098,098,F,EtOH,140844
/datastar/behavior_rooms/2CAP/2025-10-29_13-54-05_Prat_Urgency_group4/pi-data_2025-10-29_13-54-05_Prat_Urgency_group4/box05/mic/20251029_141500.WAV,20251029_141500_subject098,098,F,EtOH,140844
/datastar/behavior_rooms/2CAP/2025-10-29_13-54-05_Prat_Urgency_group4/pi-data_2025-10-29_13-54-05_Prat_Urgency_group4/box05/mic/20251029_142000.WAV,20251029_142000_subject098,098,F,EtOH,140844
/datastar/behavior_rooms/2CAP/2025-10-29_13-54-05_Prat_Urgency_group4/pi-data_2025-10-29_13-54-05_Prat_Urgency_group4/box05/mic/20251029_142500.WAV,20251029_142500_subject098,098,F,EtOH,140844
/datastar/behavior_rooms/2CAP/2025-10-29_13-54-05_Prat_Urgency_group4/pi-data_2025-10-29_13-54-05_Prat_Urgency_group4/box05/mic/20251029_143000.WAV,20251029_143000_subject098,098,F,EtOH,140844
/datastar/behavior_rooms/2CAP/2025-10-29_13-54-05_Prat_Urgency_group4/pi-data_2025-10-29_13-54-05_Prat_Urgency_group4/box05/mic/20251029_143500.WAV,20251029_143500_subject098,098,F,EtOH,140844
/datastar/behavior_rooms/2CAP/2025-10-29_13-54-05_Prat_Urgency_group4/pi-data_2025-10-29_13-54-05_Prat_Urgency_group4/box05/mic/20251029_144000.WAV,20251029_144000_subject098,098,F,EtOH,140844
/datastar/behavior_rooms/2CAP/2025-10-29_13-54-05_Prat_Urgency_group4/pi-data_2025-10-29_13-54-05_Prat_Urgency_group4/box05/mic/20251029_144500.WAV,20251029_144500_subject098,098,F,EtOH,140844
/datastar/behavior_rooms/2CAP/2025-10-29_13-54-05_Prat_Urgency_group4/pi-data_2025-10-29_13-54-05_Prat_Urgency_group4/box05/mic/20251029_145000.WAV,20251029_145000_subject098,098,F,EtOH,140844
/datastar/behavior_rooms/2CAP/2025-10-29_13-54-05_Prat_Urgency_group4/pi-data_2025-10-29_13-54-05_Prat_Urgency_group4/box05/mic/20251029_145500.WAV,20251029_145500_subject098,098,F,EtOH,140844
/datastar/behavior_rooms/2CAP/2025-10-29_13-54-05_Prat_Urgency_group4/pi-data_2025-10-29_13-54-05_Prat_Urgency_group4/box05/mic/20251029_150000.WAV,20251029_150000_subject098,098,F,EtOH,140844
/datastar/behavior_rooms/2CAP/2025-10-29_13-54-05_Prat_Urgency_group4/pi-data_2025-10-29_13-54-05_Prat_Urgency_group4/box05/mic/20251029_150500.WAV,20251029_150500_subject098,098,F,EtOH,140844
/datastar/behavior_rooms/2CAP/2025-10-29_13-54-05_Prat_Urgency_group4/pi-data_2025-10-29_13-54-05_Prat_Urgency_group4/box05/mic/20251029_151000.WAV,20251029_151000_subject098,098,F,EtOH,140844
/datastar/behavior_rooms/2CAP/2025-10-30_09-10-24_Prat_Urgency_group1/pi-data_2025-10-30_09-10-24_Prat_Urgency_group1/box04/mic/20251030_093058.WAV,20251030_093058_subject069_067,069_067,M,Control_Control,093453
/datastar/behavior_rooms/2CAP/2025-10-30_09-10-24_Prat_Urgency_group1/pi-data_2025-10-30_09-10-24_Prat_Urgency_group1/box04/mic/20251030_093500.WAV,20251030_093500_subject069_067,069_067,M,Control_Control,093453
/datastar/behavior_rooms/2CAP/2025-10-30_09-10-24_Prat_Urgency_group1/pi-data_2025-10-30_09-10-24_Prat_Urgency_group1/box04/mic/20251030_094000.WAV,20251030_094000_subject069_067,069_067,M,Control_Control,093453
/datastar/behavior_rooms/2CAP/2025-10-30_09-10-24_Prat_Urgency_group1/pi-data_2025-10-30_09-10-24_Prat_Urgency_group1/box04/mic/20251030_094500.WAV,20251030_094500_subject069_067,069_067,M,Control_Control,093453
/datastar/behavior_rooms/2CAP/2025-10-30_09-10-24_Prat_Urgency_group1/pi-data_2025-10-30_09-10-24_Prat_Urgency_group1/box04/mic/20251030_095000.WAV,20251030_095000_subject069_067,069_067,M,Control_Control,093453
/datastar/behavior_rooms/2CAP/2025-10-30_09-10-24_Prat_Urgency_group1/pi-data_2025-10-30_09-10-24_Prat_Urgency_group1/box04/mic/20251030_095500.WAV,20251030_095500_subject069_067,069_067,M,Control_Control,093453
/datastar/behavior_rooms/2CAP/2025-10-30_09-10-24_Prat_Urgency_group1/pi-data_2025-10-30_09-10-24_Prat_Urgency_group1/box04/mic/20251030_100000.WAV,20251030_100000_subject069_067,069_067,M,Control_Control,093453
/datastar/behavior_rooms/2CAP/2025-10-30_09-10-24_Prat_Urgency_group1/pi-data_2025-10-30_09-10-24_Prat_Urgency_group1/box04/mic/20251030_100500.WAV,20251030_100500_subject069_067,069_067,M,Control_Control,093453
/datastar/behavior_rooms/2CAP/2025-10-30_09-10-24_Prat_Urgency_group1/pi-data_2025-10-30_09-10-24_Prat_Urgency_group1/box04/mic/20251030_101000.WAV,20251030_101000_subject069_067,069_067,M,Control_Control,093453
/datastar/behavior_rooms/2CAP/2025-10-30_09-10-24_Prat_Urgency_group1/pi-data_2025-10-30_09-10-24_Prat_Urgency_group1/box04/mic/20251030_101500.WAV,20251030_101500_subject069_067,069_067,M,Control_Control,093453
/datastar/behavior_rooms/2CAP/2025-10-30_09-10-24_Prat_Urgency_group1/pi-data_2025-10-30_09-10-24_Prat_Urgency_group1/box04/mic/20251030_102000.WAV,20251030_102000_subject069_067,069_067,M,Control_Control,093453
/datastar/behavior_rooms/2CAP/2025-10-30_09-10-24_Prat_Urgency_group1/pi-data_2025-10-30_09-10-24_Prat_Urgency_group1/box04/mic/20251030_102500.WAV,20251030_102500_subject069_067,069_067,M,Control_Control,093453
/datastar/behavior_rooms/2CAP/2025-10-30_09-10-24_Prat_Urgency_group1/pi-data_2025-10-30_09-10-24_Prat_Urgency_group1/box04/mic/20251030_103000.WAV,20251030_103000_subject069_067,069_067,M,Control_Control,093453
/datastar/behavior_rooms/2CAP/2025-10-30_09-10-24_Prat_Urgency_group1/pi-data_2025-10-30_09-10-24_Prat_Urgency_group1/box04/mic/20251030_103500.WAV,20251030_103500_subject069_067,069_067,M,Control_Control,093453
/datastar/behavior_rooms/2CAP/2025-10-30_09-10-24_Prat_Urgency_group1/pi-data_2025-10-30_09-10-24_Prat_Urgency_group1/box02/mic/20251030_093058.WAV,20251030_093058_subject073,073,M,Control,093350
/datastar/behavior_rooms/2CAP/2025-10-30_09-10-24_Prat_Urgency_group1/pi-data_2025-10-30_09-10-24_Prat_Urgency_group1/box02/mic/20251030_093500.WAV,20251030_093500_subject073,073,M,Control,093350
/datastar/behavior_rooms/2CAP/2025-10-30_09-10-24_Prat_Urgency_group1/pi-data_2025-10-30_09-10-24_Prat_Urgency_group1/box02/mic/20251030_094000.WAV,20251030_094000_subject073,073,M,Control,093350
/datastar/behavior_rooms/2CAP/2025-10-30_09-10-24_Prat_Urgency_group1/pi-data_2025-10-30_09-10-24_Prat_Urgency_group1/box02/mic/20251030_094500.WAV,20251030_094500_subject073,073,M,Control,093350
/datastar/behavior_rooms/2CAP/2025-10-30_09-10-24_Prat_Urgency_group1/pi-data_2025-10-30_09-10-24_Prat_Urgency_group1/box02/mic/20251030_095000.WAV,20251030_095000_subject073,073,M,Control,093350
/datastar/behavior_rooms/2CAP/2025-10-30_09-10-24_Prat_Urgency_group1/pi-data_2025-10-30_09-10-24_Prat_Urgency_group1/box02/mic/20251030_095500.WAV,20251030_095500_subject073,073,M,Control,093350
/datastar/behavior_rooms/2CAP/2025-10-30_09-10-24_Prat_Urgency_group1/pi-data_2025-10-30_09-10-24_Prat_Urgency_group1/box02/mic/20251030_100000.WAV,20251030_100000_subject073,073,M,Control,093350
/datastar/behavior_rooms/2CAP/2025-10-30_09-10-24_Prat_Urgency_group1/pi-data_2025-10-30_09-10-24_Prat_Urgency_group1/box02/mic/20251030_100500.WAV,20251030_100500_subject073,073,M,Control,093350
/datastar/behavior_rooms/2CAP/2025-10-30_09-10-24_Prat_Urgency_group1/pi-data_2025-10-30_09-10-24_Prat_Urgency_group1/box02/mic/20251030_101000.WAV,20251030_101000_subject073,073,M,Control,093350
/datastar/behavior_rooms/2CAP/2025-10-30_09-10-24_Prat_Urgency_group1/pi-data_2025-10-30_09-10-24_Prat_Urgency_group1/box02/mic/20251030_101500.WAV,20251030_101500_subject073,073,M,Control,093350
/datastar/behavior_rooms/2CAP/2025-10-30_09-10-24_Prat_Urgency_group1/pi-data_2025-10-30_09-10-24_Prat_Urgency_group1/box02/mic/20251030_102000.WAV,20251030_102000_subject073,073,M,Control,093350
/datastar/behavior_rooms/2CAP/2025-10-30_09-10-24_Prat_Urgency_group1/pi-data_2025-10-30_09-10-24_Prat_Urgency_group1/box02/mic/20251030_102500.WAV,20251030_102500_subject073,073,M,Control,093350
/datastar/behavior_rooms/2CAP/2025-10-30_09-10-24_Prat_Urgency_group1/pi-data_2025-10-30_09-10-24_Prat_Urgency_group1/box02/mic/20251030_103000.WAV,20251030_103000_subject073,073,M,Control,093350
/datastar/behavior_rooms/2CAP/2025-10-30_09-10-24_Prat_Urgency_group1/pi-data_2025-10-30_09-10-24_Prat_Urgency_group1/box02/mic/20251030_103500.WAV,20251030_103500_subject073,073,M,Control,093350
/datastar/behavior_rooms/2CAP/2025-10-30_09-10-24_Prat_Urgency_group1/pi-data_2025-10-30_09-10-24_Prat_Urgency_group1/box01/mic/20251030_093058.WAV,20251030_093058_subject084_062,084_062,F,EtOH_Control,093324
/datastar/behavior_rooms/2CAP/2025-10-30_09-10-24_Prat_Urgency_group1/pi-data_2025-10-30_09-10-24_Prat_Urgency_group1/box01/mic/20251030_093500.WAV,20251030_093500_subject084_062,084_062,F,EtOH_Control,093324
/datastar/behavior_rooms/2CAP/2025-10-30_09-10-24_Prat_Urgency_group1/pi-data_2025-10-30_09-10-24_Prat_Urgency_group1/box01/mic/20251030_094000.WAV,20251030_094000_subject084_062,084_062,F,EtOH_Control,093324
/datastar/behavior_rooms/2CAP/2025-10-30_09-10-24_Prat_Urgency_group1/pi-data_2025-10-30_09-10-24_Prat_Urgency_group1/box01/mic/20251030_094500.WAV,20251030_094500_subject084_062,084_062,F,EtOH_Control,093324
/datastar/behavior_rooms/2CAP/2025-10-30_09-10-24_Prat_Urgency_group1/pi-data_2025-10-30_09-10-24_Prat_Urgency_group1/box01/mic/20251030_095000.WAV,20251030_095000_subject084_062,084_062,F,EtOH_Control,093324
/datastar/behavior_rooms/2CAP/2025-10-30_09-10-24_Prat_Urgency_group1/pi-data_2025-10-30_09-10-24_Prat_Urgency_group1/box01/mic/20251030_095500.WAV,20251030_095500_subject084_062,084_062,F,EtOH_Control,093324
/datastar/behavior_rooms/2CAP/2025-10-30_09-10-24_Prat_Urgency_group1/pi-data_2025-10-30_09-10-24_Prat_Urgency_group1/box01/mic/20251030_100000.WAV,20251030_100000_subject084_062,084_062,F,EtOH_Control,093324
/datastar/behavior_rooms/2CAP/2025-10-30_09-10-24_Prat_Urgency_group1/pi-data_2025-10-30_09-10-24_Prat_Urgency_group1/box01/mic/20251030_100500.WAV,20251030_100500_subject084_062,084_062,F,EtOH_Control,093324
/datastar/behavior_rooms/2CAP/2025-10-30_09-10-24_Prat_Urgency_group1/pi-data_2025-10-30_09-10-24_Prat_Urgency_group1/box01/mic/20251030_101000.WAV,20251030_101000_subject084_062,084_062,F,EtOH_Control,093324
/datastar/behavior_rooms/2CAP/2025-10-30_09-10-24_Prat_Urgency_group1/pi-data_2025-10-30_09-10-24_Prat_Urgency_group1/box01/mic/20251030_101500.WAV,20251030_101500_subject084_062,084_062,F,EtOH_Control,093324
/datastar/behavior_rooms/2CAP/2025-10-30_09-10-24_Prat_Urgency_group1/pi-data_2025-10-30_09-10-24_Prat_Urgency_group1/box01/mic/20251030_102000.WAV,20251030_102000_subject084_062,084_062,F,EtOH_Control,093324
/datastar/behavior_rooms/2CAP/2025-10-30_09-10-24_Prat_Urgency_group1/pi-data_2025-10-30_09-10-24_Prat_Urgency_group1/box01/mic/20251030_102500.WAV,20251030_102500_subject084_062,084_062,F,EtOH_Control,093324
/datastar/behavior_rooms/2CAP/2025-10-30_09-10-24_Prat_Urgency_group1/pi-data_2025-10-30_09-10-24_Prat_Urgency_group1/box01/mic/20251030_103000.WAV,20251030_103000_subject084_062,084_062,F,EtOH_Control,093324
/datastar/behavior_rooms/2CAP/2025-10-30_09-10-24_Prat_Urgency_group1/pi-data_2025-10-30_09-10-24_Prat_Urgency_group1/box01/mic/20251030_103500.WAV,20251030_103500_subject084_062,084_062,F,EtOH_Control,093324
/datastar/behavior_rooms/2CAP/2025-10-30_09-10-24_Prat_Urgency_group1/pi-data_2025-10-30_09-10-24_Prat_Urgency_group1/box03/mic/20251030_093059.WAV,20251030_093059_subject091,091,M,EtOH,093414
/datastar/behavior_rooms/2CAP/2025-10-30_09-10-24_Prat_Urgency_group1/pi-data_2025-10-30_09-10-24_Prat_Urgency_group1/box03/mic/20251030_093500.WAV,20251030_093500_subject091,091,M,EtOH,093414
/datastar/behavior_rooms/2CAP/2025-10-30_09-10-24_Prat_Urgency_group1/pi-data_2025-10-30_09-10-24_Prat_Urgency_group1/box03/mic/20251030_094000.WAV,20251030_094000_subject091,091,M,EtOH,093414
/datastar/behavior_rooms/2CAP/2025-10-30_09-10-24_Prat_Urgency_group1/pi-data_2025-10-30_09-10-24_Prat_Urgency_group1/box03/mic/20251030_094500.WAV,20251030_094500_subject091,091,M,EtOH,093414
/datastar/behavior_rooms/2CAP/2025-10-30_09-10-24_Prat_Urgency_group1/pi-data_2025-10-30_09-10-24_Prat_Urgency_group1/box03/mic/20251030_095000.WAV,20251030_095000_subject091,091,M,EtOH,093414
/datastar/behavior_rooms/2CAP/2025-10-30_09-10-24_Prat_Urgency_group1/pi-data_2025-10-30_09-10-24_Prat_Urgency_group1/box03/mic/20251030_095500.WAV,20251030_095500_subject091,091,M,EtOH,093414
/datastar/behavior_rooms/2CAP/2025-10-30_09-10-24_Prat_Urgency_group1/pi-data_2025-10-30_09-10-24_Prat_Urgency_group1/box03/mic/20251030_100000.WAV,20251030_100000_subject091,091,M,EtOH,093414
/datastar/behavior_rooms/2CAP/2025-10-30_09-10-24_Prat_Urgency_group1/pi-data_2025-10-30_09-10-24_Prat_Urgency_group1/box03/mic/20251030_100500.WAV,20251030_100500_subject091,091,M,EtOH,093414
/datastar/behavior_rooms/2CAP/2025-10-30_09-10-24_Prat_Urgency_group1/pi-data_2025-10-30_09-10-24_Prat_Urgency_group1/box03/mic/20251030_101000.WAV,20251030_101000_subject091,091,M,EtOH,093414
/datastar/behavior_rooms/2CAP/2025-10-30_09-10-24_Prat_Urgency_group1/pi-data_2025-10-30_09-10-24_Prat_Urgency_group1/box03/mic/20251030_101500.WAV,20251030_101500_subject091,091,M,EtOH,093414
/datastar/behavior_rooms/2CAP/2025-10-30_09-10-24_Prat_Urgency_group1/pi-data_2025-10-30_09-10-24_Prat_Urgency_group1/box03/mic/20251030_102000.WAV,20251030_102000_subject091,091,M,EtOH,093414
/datastar/behavior_rooms/2CAP/2025-10-30_09-10-24_Prat_Urgency_group1/pi-data_2025-10-30_09-10-24_Prat_Urgency_group1/box03/mic/20251030_102500.WAV,20251030_102500_subject091,091,M,EtOH,093414
/datastar/behavior_rooms/2CAP/2025-10-30_09-10-24_Prat_Urgency_group1/pi-data_2025-10-30_09-10-24_Prat_Urgency_group1/box03/mic/20251030_103000.WAV,20251030_103000_subject091,091,M,EtOH,093414
/datastar/behavior_rooms/2CAP/2025-10-30_09-10-24_Prat_Urgency_group1/pi-data_2025-10-30_09-10-24_Prat_Urgency_group1/box03/mic/20251030_103500.WAV,20251030_103500_subject091,091,M,EtOH,093414
/datastar/behavior_rooms/2CAP/2025-10-30_09-10-24_Prat_Urgency_group1/pi-data_2025-10-30_09-10-24_Prat_Urgency_group1/box05/mic/20251030_093059.WAV,20251030_093059_subject092_086,092_086,F,EtOH_EtOH,093532
/datastar/behavior_rooms/2CAP/2025-10-30_09-10-24_Prat_Urgency_group1/pi-data_2025-10-30_09-10-24_Prat_Urgency_group1/box05/mic/20251030_093500.WAV,20251030_093500_subject092_086,092_086,F,EtOH_EtOH,093532
/datastar/behavior_rooms/2CAP/2025-10-30_09-10-24_Prat_Urgency_group1/pi-data_2025-10-30_09-10-24_Prat_Urgency_group1/box05/mic/20251030_094000.WAV,20251030_094000_subject092_086,092_086,F,EtOH_EtOH,093532
/datastar/behavior_rooms/2CAP/2025-10-30_09-10-24_Prat_Urgency_group1/pi-data_2025-10-30_09-10-24_Prat_Urgency_group1/box05/mic/20251030_094500.WAV,20251030_094500_subject092_086,092_086,F,EtOH_EtOH,093532
/datastar/behavior_rooms/2CAP/2025-10-30_09-10-24_Prat_Urgency_group1/pi-data_2025-10-30_09-10-24_Prat_Urgency_group1/box05/mic/20251030_095000.WAV,20251030_095000_subject092_086,092_086,F,EtOH_EtOH,093532
/datastar/behavior_rooms/2CAP/2025-10-30_09-10-24_Prat_Urgency_group1/pi-data_2025-10-30_09-10-24_Prat_Urgency_group1/box05/mic/20251030_095500.WAV,20251030_095500_subject092_086,092_086,F,EtOH_EtOH,093532
/datastar/behavior_rooms/2CAP/2025-10-30_09-10-24_Prat_Urgency_group1/pi-data_2025-10-30_09-10-24_Prat_Urgency_group1/box05/mic/20251030_100000.WAV,20251030_100000_subject092_086,092_086,F,EtOH_EtOH,093532
/datastar/behavior_rooms/2CAP/2025-10-30_09-10-24_Prat_Urgency_group1/pi-data_2025-10-30_09-10-24_Prat_Urgency_group1/box05/mic/20251030_100500.WAV,20251030_100500_subject092_086,092_086,F,EtOH_EtOH,093532
/datastar/behavior_rooms/2CAP/2025-10-30_09-10-24_Prat_Urgency_group1/pi-data_2025-10-30_09-10-24_Prat_Urgency_group1/box05/mic/20251030_101000.WAV,20251030_101000_subject092_086,092_086,F,EtOH_EtOH,093532
/datastar/behavior_rooms/2CAP/2025-10-30_09-10-24_Prat_Urgency_group1/pi-data_2025-10-30_09-10-24_Prat_Urgency_group1/box05/mic/20251030_101500.WAV,20251030_101500_subject092_086,092_086,F,EtOH_EtOH,093532
/datastar/behavior_rooms/2CAP/2025-10-30_09-10-24_Prat_Urgency_group1/pi-data_2025-10-30_09-10-24_Prat_Urgency_group1/box05/mic/20251030_102000.WAV,20251030_102000_subject092_086,092_086,F,EtOH_EtOH,093532
/datastar/behavior_rooms/2CAP/2025-10-30_09-10-24_Prat_Urgency_group1/pi-data_2025-10-30_09-10-24_Prat_Urgency_group1/box05/mic/20251030_102500.WAV,20251030_102500_subject092_086,092_086,F,EtOH_EtOH,093532
/datastar/behavior_rooms/2CAP/2025-10-30_09-10-24_Prat_Urgency_group1/pi-data_2025-10-30_09-10-24_Prat_Urgency_group1/box05/mic/20251030_103000.WAV,20251030_103000_subject092_086,092_086,F,EtOH_EtOH,093532
/datastar/behavior_rooms/2CAP/2025-10-30_09-10-24_Prat_Urgency_group1/pi-data_2025-10-30_09-10-24_Prat_Urgency_group1/box05/mic/20251030_103500.WAV,20251030_103500_subject092_086,092_086,F,EtOH_EtOH,093532
/datastar/behavior_rooms/2CAP/2025-10-30_09-10-24_Prat_Urgency_group1/pi-data_2025-10-30_09-10-24_Prat_Urgency_group1/box06/mic/20251030_093058.WAV,20251030_093058_subject096_060,096_060,F,EtOH_Control,093601
/datastar/behavior_rooms/2CAP/2025-10-30_09-10-24_Prat_Urgency_group1/pi-data_2025-10-30_09-10-24_Prat_Urgency_group1/box06/mic/20251030_093500.WAV,20251030_093500_subject096_060,096_060,F,EtOH_Control,093601
/datastar/behavior_rooms/2CAP/2025-10-30_09-10-24_Prat_Urgency_group1/pi-data_2025-10-30_09-10-24_Prat_Urgency_group1/box06/mic/20251030_094000.WAV,20251030_094000_subject096_060,096_060,F,EtOH_Control,093601
/datastar/behavior_rooms/2CAP/2025-10-30_09-10-24_Prat_Urgency_group1/pi-data_2025-10-30_09-10-24_Prat_Urgency_group1/box06/mic/20251030_094500.WAV,20251030_094500_subject096_060,096_060,F,EtOH_Control,093601
/datastar/behavior_rooms/2CAP/2025-10-30_09-10-24_Prat_Urgency_group1/pi-data_2025-10-30_09-10-24_Prat_Urgency_group1/box06/mic/20251030_095000.WAV,20251030_095000_subject096_060,096_060,F,EtOH_Control,093601
/datastar/behavior_rooms/2CAP/2025-10-30_09-10-24_Prat_Urgency_group1/pi-data_2025-10-30_09-10-24_Prat_Urgency_group1/box06/mic/20251030_095500.WAV,20251030_095500_subject096_060,096_060,F,EtOH_Control,093601
/datastar/behavior_rooms/2CAP/2025-10-30_09-10-24_Prat_Urgency_group1/pi-data_2025-10-30_09-10-24_Prat_Urgency_group1/box06/mic/20251030_100000.WAV,20251030_100000_subject096_060,096_060,F,EtOH_Control,093601
/datastar/behavior_rooms/2CAP/2025-10-30_09-10-24_Prat_Urgency_group1/pi-data_2025-10-30_09-10-24_Prat_Urgency_group1/box06/mic/20251030_100500.WAV,20251030_100500_subject096_060,096_060,F,EtOH_Control,093601
/datastar/behavior_rooms/2CAP/2025-10-30_09-10-24_Prat_Urgency_group1/pi-data_2025-10-30_09-10-24_Prat_Urgency_group1/box06/mic/20251030_101000.WAV,20251030_101000_subject096_060,096_060,F,EtOH_Control,093601
/datastar/behavior_rooms/2CAP/2025-10-30_09-10-24_Prat_Urgency_group1/pi-data_2025-10-30_09-10-24_Prat_Urgency_group1/box06/mic/20251030_101500.WAV,20251030_101500_subject096_060,096_060,F,EtOH_Control,093601
/datastar/behavior_rooms/2CAP/2025-10-30_09-10-24_Prat_Urgency_group1/pi-data_2025-10-30_09-10-24_Prat_Urgency_group1/box06/mic/20251030_102000.WAV,20251030_102000_subject096_060,096_060,F,EtOH_Control,093601
/datastar/behavior_rooms/2CAP/2025-10-30_09-10-24_Prat_Urgency_group1/pi-data_2025-10-30_09-10-24_Prat_Urgency_group1/box06/mic/20251030_102500.WAV,20251030_102500_subject096_060,096_060,F,EtOH_Control,093601
/datastar/behavior_rooms/2CAP/2025-10-30_09-10-24_Prat_Urgency_group1/pi-data_2025-10-30_09-10-24_Prat_Urgency_group1/box06/mic/20251030_103000.WAV,20251030_103000_subject096_060,096_060,F,EtOH_Control,093601
/datastar/behavior_rooms/2CAP/2025-10-30_09-10-24_Prat_Urgency_group1/pi-data_2025-10-30_09-10-24_Prat_Urgency_group1/box06/mic/20251030_103500.WAV,20251030_103500_subject096_060,096_060,F,EtOH_Control,093601
/datastar/behavior_rooms/2CAP/2025-10-30_10-50-40_Prat_Urgency_group2/pi-data_2025-10-30_10-50-40_Prat_Urgency_group2/box06/mic/20251030_105724.WAV,20251030_105724_subject063_087,063_087,M,Control_EtOH,110229
/datastar/behavior_rooms/2CAP/2025-10-30_10-50-40_Prat_Urgency_group2/pi-data_2025-10-30_10-50-40_Prat_Urgency_group2/box06/mic/20251030_110000.WAV,20251030_110000_subject063_087,063_087,M,Control_EtOH,110229
/datastar/behavior_rooms/2CAP/2025-10-30_10-50-40_Prat_Urgency_group2/pi-data_2025-10-30_10-50-40_Prat_Urgency_group2/box06/mic/20251030_110500.WAV,20251030_110500_subject063_087,063_087,M,Control_EtOH,110229
/datastar/behavior_rooms/2CAP/2025-10-30_10-50-40_Prat_Urgency_group2/pi-data_2025-10-30_10-50-40_Prat_Urgency_group2/box06/mic/20251030_111000.WAV,20251030_111000_subject063_087,063_087,M,Control_EtOH,110229
/datastar/behavior_rooms/2CAP/2025-10-30_10-50-40_Prat_Urgency_group2/pi-data_2025-10-30_10-50-40_Prat_Urgency_group2/box06/mic/20251030_111500.WAV,20251030_111500_subject063_087,063_087,M,Control_EtOH,110229
/datastar/behavior_rooms/2CAP/2025-10-30_10-50-40_Prat_Urgency_group2/pi-data_2025-10-30_10-50-40_Prat_Urgency_group2/box06/mic/20251030_112000.WAV,20251030_112000_subject063_087,063_087,M,Control_EtOH,110229
/datastar/behavior_rooms/2CAP/2025-10-30_10-50-40_Prat_Urgency_group2/pi-data_2025-10-30_10-50-40_Prat_Urgency_group2/box06/mic/20251030_112500.WAV,20251030_112500_subject063_087,063_087,M,Control_EtOH,110229
/datastar/behavior_rooms/2CAP/2025-10-30_10-50-40_Prat_Urgency_group2/pi-data_2025-10-30_10-50-40_Prat_Urgency_group2/box06/mic/20251030_113000.WAV,20251030_113000_subject063_087,063_087,M,Control_EtOH,110229
/datastar/behavior_rooms/2CAP/2025-10-30_10-50-40_Prat_Urgency_group2/pi-data_2025-10-30_10-50-40_Prat_Urgency_group2/box06/mic/20251030_113500.WAV,20251030_113500_subject063_087,063_087,M,Control_EtOH,110229
/datastar/behavior_rooms/2CAP/2025-10-30_10-50-40_Prat_Urgency_group2/pi-data_2025-10-30_10-50-40_Prat_Urgency_group2/box06/mic/20251030_114000.WAV,20251030_114000_subject063_087,063_087,M,Control_EtOH,110229
/datastar/behavior_rooms/2CAP/2025-10-30_10-50-40_Prat_Urgency_group2/pi-data_2025-10-30_10-50-40_Prat_Urgency_group2/box06/mic/20251030_114500.WAV,20251030_114500_subject063_087,063_087,M,Control_EtOH,110229
/datastar/behavior_rooms/2CAP/2025-10-30_10-50-40_Prat_Urgency_group2/pi-data_2025-10-30_10-50-40_Prat_Urgency_group2/box06/mic/20251030_115000.WAV,20251030_115000_subject063_087,063_087,M,Control_EtOH,110229
/datastar/behavior_rooms/2CAP/2025-10-30_10-50-40_Prat_Urgency_group2/pi-data_2025-10-30_10-50-40_Prat_Urgency_group2/box06/mic/20251030_115500.WAV,20251030_115500_subject063_087,063_087,M,Control_EtOH,110229
/datastar/behavior_rooms/2CAP/2025-10-30_10-50-40_Prat_Urgency_group2/pi-data_2025-10-30_10-50-40_Prat_Urgency_group2/box06/mic/20251030_120000.WAV,20251030_120000_subject063_087,063_087,M,Control_EtOH,110229
/datastar/behavior_rooms/2CAP/2025-10-30_10-50-40_Prat_Urgency_group2/pi-data_2025-10-30_10-50-40_Prat_Urgency_group2/box06/mic/20251030_120500.WAV,20251030_120500_subject063_087,063_087,M,Control_EtOH,110229
/datastar/behavior_rooms/2CAP/2025-10-30_10-50-40_Prat_Urgency_group2/pi-data_2025-10-30_10-50-40_Prat_Urgency_group2/box06/mic/20251030_121000.WAV,20251030_121000_subject063_087,063_087,M,Control_EtOH,110229
/datastar/behavior_rooms/2CAP/2025-10-30_10-50-40_Prat_Urgency_group2/pi-data_2025-10-30_10-50-40_Prat_Urgency_group2/box04/mic/20251030_105725.WAV,20251030_105725_subject066_064,066_064,F,Control_Control,110130
/datastar/behavior_rooms/2CAP/2025-10-30_10-50-40_Prat_Urgency_group2/pi-data_2025-10-30_10-50-40_Prat_Urgency_group2/box04/mic/20251030_110000.WAV,20251030_110000_subject066_064,066_064,F,Control_Control,110130
/datastar/behavior_rooms/2CAP/2025-10-30_10-50-40_Prat_Urgency_group2/pi-data_2025-10-30_10-50-40_Prat_Urgency_group2/box04/mic/20251030_110500.WAV,20251030_110500_subject066_064,066_064,F,Control_Control,110130
/datastar/behavior_rooms/2CAP/2025-10-30_10-50-40_Prat_Urgency_group2/pi-data_2025-10-30_10-50-40_Prat_Urgency_group2/box04/mic/20251030_111000.WAV,20251030_111000_subject066_064,066_064,F,Control_Control,110130
/datastar/behavior_rooms/2CAP/2025-10-30_10-50-40_Prat_Urgency_group2/pi-data_2025-10-30_10-50-40_Prat_Urgency_group2/box04/mic/20251030_111500.WAV,20251030_111500_subject066_064,066_064,F,Control_Control,110130
/datastar/behavior_rooms/2CAP/2025-10-30_10-50-40_Prat_Urgency_group2/pi-data_2025-10-30_10-50-40_Prat_Urgency_group2/box04/mic/20251030_112000.WAV,20251030_112000_subject066_064,066_064,F,Control_Control,110130
/datastar/behavior_rooms/2CAP/2025-10-30_10-50-40_Prat_Urgency_group2/pi-data_2025-10-30_10-50-40_Prat_Urgency_group2/box04/mic/20251030_112500.WAV,20251030_112500_subject066_064,066_064,F,Control_Control,110130
/datastar/behavior_rooms/2CAP/2025-10-30_10-50-40_Prat_Urgency_group2/pi-data_2025-10-30_10-50-40_Prat_Urgency_group2/box04/mic/20251030_113000.WAV,20251030_113000_subject066_064,066_064,F,Control_Control,110130
/datastar/behavior_rooms/2CAP/2025-10-30_10-50-40_Prat_Urgency_group2/pi-data_2025-10-30_10-50-40_Prat_Urgency_group2/box04/mic/20251030_113500.WAV,20251030_113500_subject066_064,066_064,F,Control_Control,110130
/datastar/behavior_rooms/2CAP/2025-10-30_10-50-40_Prat_Urgency_group2/pi-data_2025-10-30_10-50-40_Prat_Urgency_group2/box04/mic/20251030_114000.WAV,20251030_114000_subject066_064,066_064,F,Control_Control,110130
/datastar/behavior_rooms/2CAP/2025-10-30_10-50-40_Prat_Urgency_group2/pi-data_2025-10-30_10-50-40_Prat_Urgency_group2/box04/mic/20251030_114500.WAV,20251030_114500_subject066_064,066_064,F,Control_Control,110130
/datastar/behavior_rooms/2CAP/2025-10-30_10-50-40_Prat_Urgency_group2/pi-data_2025-10-30_10-50-40_Prat_Urgency_group2/box04/mic/20251030_115000.WAV,20251030_115000_subject066_064,066_064,F,Control_Control,110130
/datastar/behavior_rooms/2CAP/2025-10-30_10-50-40_Prat_Urgency_group2/pi-data_2025-10-30_10-50-40_Prat_Urgency_group2/box04/mic/20251030_115500.WAV,20251030_115500_subject066_064,066_064,F,Control_Control,110130
/datastar/behavior_rooms/2CAP/2025-10-30_10-50-40_Prat_Urgency_group2/pi-data_2025-10-30_10-50-40_Prat_Urgency_group2/box04/mic/20251030_120000.WAV,20251030_120000_subject066_064,066_064,F,Control_Control,110130
/datastar/behavior_rooms/2CAP/2025-10-30_10-50-40_Prat_Urgency_group2/pi-data_2025-10-30_10-50-40_Prat_Urgency_group2/box04/mic/20251030_120500.WAV,20251030_120500_subject066_064,066_064,F,Control_Control,110130
/datastar/behavior_rooms/2CAP/2025-10-30_10-50-40_Prat_Urgency_group2/pi-data_2025-10-30_10-50-40_Prat_Urgency_group2/box04/mic/20251030_121000.WAV,20251030_121000_subject066_064,066_064,F,Control_Control,110130
/datastar/behavior_rooms/2CAP/2025-10-30_10-50-40_Prat_Urgency_group2/pi-data_2025-10-30_10-50-40_Prat_Urgency_group2/box02/mic/20251030_105725.WAV,20251030_105725_subject070_068,070_068,F,Control_Control,110029
/datastar/behavior_rooms/2CAP/2025-10-30_10-50-40_Prat_Urgency_group2/pi-data_2025-10-30_10-50-40_Prat_Urgency_group2/box02/mic/20251030_110000.WAV,20251030_110000_subject070_068,070_068,F,Control_Control,110029
/datastar/behavior_rooms/2CAP/2025-10-30_10-50-40_Prat_Urgency_group2/pi-data_2025-10-30_10-50-40_Prat_Urgency_group2/box02/mic/20251030_110500.WAV,20251030_110500_subject070_068,070_068,F,Control_Control,110029
/datastar/behavior_rooms/2CAP/2025-10-30_10-50-40_Prat_Urgency_group2/pi-data_2025-10-30_10-50-40_Prat_Urgency_group2/box02/mic/20251030_111000.WAV,20251030_111000_subject070_068,070_068,F,Control_Control,110029
/datastar/behavior_rooms/2CAP/2025-10-30_10-50-40_Prat_Urgency_group2/pi-data_2025-10-30_10-50-40_Prat_Urgency_group2/box02/mic/20251030_111500.WAV,20251030_111500_subject070_068,070_068,F,Control_Control,110029
/datastar/behavior_rooms/2CAP/2025-10-30_10-50-40_Prat_Urgency_group2/pi-data_2025-10-30_10-50-40_Prat_Urgency_group2/box02/mic/20251030_112000.WAV,20251030_112000_subject070_068,070_068,F,Control_Control,110029
/datastar/behavior_rooms/2CAP/2025-10-30_10-50-40_Prat_Urgency_group2/pi-data_2025-10-30_10-50-40_Prat_Urgency_group2/box02/mic/20251030_112500.WAV,20251030_112500_subject070_068,070_068,F,Control_Control,110029
/datastar/behavior_rooms/2CAP/2025-10-30_10-50-40_Prat_Urgency_group2/pi-data_2025-10-30_10-50-40_Prat_Urgency_group2/box02/mic/20251030_113000.WAV,20251030_113000_subject070_068,070_068,F,Control_Control,110029
/datastar/behavior_rooms/2CAP/2025-10-30_10-50-40_Prat_Urgency_group2/pi-data_2025-10-30_10-50-40_Prat_Urgency_group2/box02/mic/20251030_113500.WAV,20251030_113500_subject070_068,070_068,F,Control_Control,110029
/datastar/behavior_rooms/2CAP/2025-10-30_10-50-40_Prat_Urgency_group2/pi-data_2025-10-30_10-50-40_Prat_Urgency_group2/box02/mic/20251030_114000.WAV,20251030_114000_subject070_068,070_068,F,Control_Control,110029
/datastar/behavior_rooms/2CAP/2025-10-30_10-50-40_Prat_Urgency_group2/pi-data_2025-10-30_10-50-40_Prat_Urgency_group2/box02/mic/20251030_114500.WAV,20251030_114500_subject070_068,070_068,F,Control_Control,110029
/datastar/behavior_rooms/2CAP/2025-10-30_10-50-40_Prat_Urgency_group2/pi-data_2025-10-30_10-50-40_Prat_Urgency_group2/box02/mic/20251030_115000.WAV,20251030_115000_subject070_068,070_068,F,Control_Control,110029
/datastar/behavior_rooms/2CAP/2025-10-30_10-50-40_Prat_Urgency_group2/pi-data_2025-10-30_10-50-40_Prat_Urgency_group2/box02/mic/20251030_115500.WAV,20251030_115500_subject070_068,070_068,F,Control_Control,110029
/datastar/behavior_rooms/2CAP/2025-10-30_10-50-40_Prat_Urgency_group2/pi-data_2025-10-30_10-50-40_Prat_Urgency_group2/box02/mic/20251030_120000.WAV,20251030_120000_subject070_068,070_068,F,Control_Control,110029
/datastar/behavior_rooms/2CAP/2025-10-30_10-50-40_Prat_Urgency_group2/pi-data_2025-10-30_10-50-40_Prat_Urgency_group2/box02/mic/20251030_120500.WAV,20251030_120500_subject070_068,070_068,F,Control_Control,110029
/datastar/behavior_rooms/2CAP/2025-10-30_10-50-40_Prat_Urgency_group2/pi-data_2025-10-30_10-50-40_Prat_Urgency_group2/box02/mic/20251030_121000.WAV,20251030_121000_subject070_068,070_068,F,Control_Control,110029
/datastar/behavior_rooms/2CAP/2025-10-30_10-50-40_Prat_Urgency_group2/pi-data_2025-10-30_10-50-40_Prat_Urgency_group2/box05/mic/20251030_105724.WAV,20251030_105724_subject081,081,M,EtOH,110152
/datastar/behavior_rooms/2CAP/2025-10-30_10-50-40_Prat_Urgency_group2/pi-data_2025-10-30_10-50-40_Prat_Urgency_group2/box05/mic/20251030_110000.WAV,20251030_110000_subject081,081,M,EtOH,110152
/datastar/behavior_rooms/2CAP/2025-10-30_10-50-40_Prat_Urgency_group2/pi-data_2025-10-30_10-50-40_Prat_Urgency_group2/box05/mic/20251030_110500.WAV,20251030_110500_subject081,081,M,EtOH,110152
/datastar/behavior_rooms/2CAP/2025-10-30_10-50-40_Prat_Urgency_group2/pi-data_2025-10-30_10-50-40_Prat_Urgency_group2/box05/mic/20251030_111000.WAV,20251030_111000_subject081,081,M,EtOH,110152
/datastar/behavior_rooms/2CAP/2025-10-30_10-50-40_Prat_Urgency_group2/pi-data_2025-10-30_10-50-40_Prat_Urgency_group2/box05/mic/20251030_111500.WAV,20251030_111500_subject081,081,M,EtOH,110152
/datastar/behavior_rooms/2CAP/2025-10-30_10-50-40_Prat_Urgency_group2/pi-data_2025-10-30_10-50-40_Prat_Urgency_group2/box05/mic/20251030_112000.WAV,20251030_112000_subject081,081,M,EtOH,110152
/datastar/behavior_rooms/2CAP/2025-10-30_10-50-40_Prat_Urgency_group2/pi-data_2025-10-30_10-50-40_Prat_Urgency_group2/box05/mic/20251030_112500.WAV,20251030_112500_subject081,081,M,EtOH,110152
/datastar/behavior_rooms/2CAP/2025-10-30_10-50-40_Prat_Urgency_group2/pi-data_2025-10-30_10-50-40_Prat_Urgency_group2/box05/mic/20251030_113000.WAV,20251030_113000_subject081,081,M,EtOH,110152
/datastar/behavior_rooms/2CAP/2025-10-30_10-50-40_Prat_Urgency_group2/pi-data_2025-10-30_10-50-40_Prat_Urgency_group2/box05/mic/20251030_113500.WAV,20251030_113500_subject081,081,M,EtOH,110152
/datastar/behavior_rooms/2CAP/2025-10-30_10-50-40_Prat_Urgency_group2/pi-data_2025-10-30_10-50-40_Prat_Urgency_group2/box05/mic/20251030_114000.WAV,20251030_114000_subject081,081,M,EtOH,110152
/datastar/behavior_rooms/2CAP/2025-10-30_10-50-40_Prat_Urgency_group2/pi-data_2025-10-30_10-50-40_Prat_Urgency_group2/box05/mic/20251030_114500.WAV,20251030_114500_subject081,081,M,EtOH,110152
/datastar/behavior_rooms/2CAP/2025-10-30_10-50-40_Prat_Urgency_group2/pi-data_2025-10-30_10-50-40_Prat_Urgency_group2/box05/mic/20251030_115000.WAV,20251030_115000_subject081,081,M,EtOH,110152
/datastar/behavior_rooms/2CAP/2025-10-30_10-50-40_Prat_Urgency_group2/pi-data_2025-10-30_10-50-40_Prat_Urgency_group2/box05/mic/20251030_115500.WAV,20251030_115500_subject081,081,M,EtOH,110152
/datastar/behavior_rooms/2CAP/2025-10-30_10-50-40_Prat_Urgency_group2/pi-data_2025-10-30_10-50-40_Prat_Urgency_group2/box05/mic/20251030_120000.WAV,20251030_120000_subject081,081,M,EtOH,110152
/datastar/behavior_rooms/2CAP/2025-10-30_10-50-40_Prat_Urgency_group2/pi-data_2025-10-30_10-50-40_Prat_Urgency_group2/box05/mic/20251030_120500.WAV,20251030_120500_subject081,081,M,EtOH,110152
/datastar/behavior_rooms/2CAP/2025-10-30_10-50-40_Prat_Urgency_group2/pi-data_2025-10-30_10-50-40_Prat_Urgency_group2/box05/mic/20251030_121000.WAV,20251030_121000_subject081,081,M,EtOH,110152
/datastar/behavior_rooms/2CAP/2025-10-30_10-50-40_Prat_Urgency_group2/pi-data_2025-10-30_10-50-40_Prat_Urgency_group2/box03/mic/20251030_105724.WAV,20251030_105724_subject094,094,F,EtOH,110054
/datastar/behavior_rooms/2CAP/2025-10-30_10-50-40_Prat_Urgency_group2/pi-data_2025-10-30_10-50-40_Prat_Urgency_group2/box03/mic/20251030_110000.WAV,20251030_110000_subject094,094,F,EtOH,110054
/datastar/behavior_rooms/2CAP/2025-10-30_10-50-40_Prat_Urgency_group2/pi-data_2025-10-30_10-50-40_Prat_Urgency_group2/box03/mic/20251030_110500.WAV,20251030_110500_subject094,094,F,EtOH,110054
/datastar/behavior_rooms/2CAP/2025-10-30_10-50-40_Prat_Urgency_group2/pi-data_2025-10-30_10-50-40_Prat_Urgency_group2/box03/mic/20251030_111000.WAV,20251030_111000_subject094,094,F,EtOH,110054
/datastar/behavior_rooms/2CAP/2025-10-30_10-50-40_Prat_Urgency_group2/pi-data_2025-10-30_10-50-40_Prat_Urgency_group2/box03/mic/20251030_111500.WAV,20251030_111500_subject094,094,F,EtOH,110054
/datastar/behavior_rooms/2CAP/2025-10-30_10-50-40_Prat_Urgency_group2/pi-data_2025-10-30_10-50-40_Prat_Urgency_group2/box03/mic/20251030_112000.WAV,20251030_112000_subject094,094,F,EtOH,110054
/datastar/behavior_rooms/2CAP/2025-10-30_10-50-40_Prat_Urgency_group2/pi-data_2025-10-30_10-50-40_Prat_Urgency_group2/box03/mic/20251030_112500.WAV,20251030_112500_subject094,094,F,EtOH,110054
/datastar/behavior_rooms/2CAP/2025-10-30_10-50-40_Prat_Urgency_group2/pi-data_2025-10-30_10-50-40_Prat_Urgency_group2/box03/mic/20251030_113000.WAV,20251030_113000_subject094,094,F,EtOH,110054
/datastar/behavior_rooms/2CAP/2025-10-30_10-50-40_Prat_Urgency_group2/pi-data_2025-10-30_10-50-40_Prat_Urgency_group2/box03/mic/20251030_113500.WAV,20251030_113500_subject094,094,F,EtOH,110054
/datastar/behavior_rooms/2CAP/2025-10-30_10-50-40_Prat_Urgency_group2/pi-data_2025-10-30_10-50-40_Prat_Urgency_group2/box03/mic/20251030_114000.WAV,20251030_114000_subject094,094,F,EtOH,110054
/datastar/behavior_rooms/2CAP/2025-10-30_10-50-40_Prat_Urgency_group2/pi-data_2025-10-30_10-50-40_Prat_Urgency_group2/box03/mic/20251030_114500.WAV,20251030_114500_subject094,094,F,EtOH,110054
/datastar/behavior_rooms/2CAP/2025-10-30_10-50-40_Prat_Urgency_group2/pi-data_2025-10-30_10-50-40_Prat_Urgency_group2/box03/mic/20251030_115000.WAV,20251030_115000_subject094,094,F,EtOH,110054
/datastar/behavior_rooms/2CAP/2025-10-30_10-50-40_Prat_Urgency_group2/pi-data_2025-10-30_10-50-40_Prat_Urgency_group2/box03/mic/20251030_115500.WAV,20251030_115500_subject094,094,F,EtOH,110054
/datastar/behavior_rooms/2CAP/2025-10-30_10-50-40_Prat_Urgency_group2/pi-data_2025-10-30_10-50-40_Prat_Urgency_group2/box03/mic/20251030_120000.WAV,20251030_120000_subject094,094,F,EtOH,110054
/datastar/behavior_rooms/2CAP/2025-10-30_10-50-40_Prat_Urgency_group2/pi-data_2025-10-30_10-50-40_Prat_Urgency_group2/box03/mic/20251030_120500.WAV,20251030_120500_subject094,094,F,EtOH,110054
/datastar/behavior_rooms/2CAP/2025-10-30_10-50-40_Prat_Urgency_group2/pi-data_2025-10-30_10-50-40_Prat_Urgency_group2/box03/mic/20251030_121000.WAV,20251030_121000_subject094,094,F,EtOH,110054
/datastar/behavior_rooms/2CAP/2025-10-30_10-50-40_Prat_Urgency_group2/pi-data_2025-10-30_10-50-40_Prat_Urgency_group2/box01/mic/20251030_105725.WAV,20251030_105725_subject095_083,095_083,M,EtOH_EtOH,105955
/datastar/behavior_rooms/2CAP/2025-10-30_10-50-40_Prat_Urgency_group2/pi-data_2025-10-30_10-50-40_Prat_Urgency_group2/box01/mic/20251030_110000.WAV,20251030_110000_subject095_083,095_083,M,EtOH_EtOH,105955
/datastar/behavior_rooms/2CAP/2025-10-30_10-50-40_Prat_Urgency_group2/pi-data_2025-10-30_10-50-40_Prat_Urgency_group2/box01/mic/20251030_110500.WAV,20251030_110500_subject095_083,095_083,M,EtOH_EtOH,105955
/datastar/behavior_rooms/2CAP/2025-10-30_10-50-40_Prat_Urgency_group2/pi-data_2025-10-30_10-50-40_Prat_Urgency_group2/box01/mic/20251030_111000.WAV,20251030_111000_subject095_083,095_083,M,EtOH_EtOH,105955
/datastar/behavior_rooms/2CAP/2025-10-30_10-50-40_Prat_Urgency_group2/pi-data_2025-10-30_10-50-40_Prat_Urgency_group2/box01/mic/20251030_111500.WAV,20251030_111500_subject095_083,095_083,M,EtOH_EtOH,105955
/datastar/behavior_rooms/2CAP/2025-10-30_10-50-40_Prat_Urgency_group2/pi-data_2025-10-30_10-50-40_Prat_Urgency_group2/box01/mic/20251030_112000.WAV,20251030_112000_subject095_083,095_083,M,EtOH_EtOH,105955
/datastar/behavior_rooms/2CAP/2025-10-30_10-50-40_Prat_Urgency_group2/pi-data_2025-10-30_10-50-40_Prat_Urgency_group2/box01/mic/20251030_112500.WAV,20251030_112500_subject095_083,095_083,M,EtOH_EtOH,105955
/datastar/behavior_rooms/2CAP/2025-10-30_10-50-40_Prat_Urgency_group2/pi-data_2025-10-30_10-50-40_Prat_Urgency_group2/box01/mic/20251030_113000.WAV,20251030_113000_subject095_083,095_083,M,EtOH_EtOH,105955
/datastar/behavior_rooms/2CAP/2025-10-30_10-50-40_Prat_Urgency_group2/pi-data_2025-10-30_10-50-40_Prat_Urgency_group2/box01/mic/20251030_113500.WAV,20251030_113500_subject095_083,095_083,M,EtOH_EtOH,105955
/datastar/behavior_rooms/2CAP/2025-10-30_10-50-40_Prat_Urgency_group2/pi-data_2025-10-30_10-50-40_Prat_Urgency_group2/box01/mic/20251030_114000.WAV,20251030_114000_subject095_083,095_083,M,EtOH_EtOH,105955
/datastar/behavior_rooms/2CAP/2025-10-30_10-50-40_Prat_Urgency_group2/pi-data_2025-10-30_10-50-40_Prat_Urgency_group2/box01/mic/20251030_114500.WAV,20251030_114500_subject095_083,095_083,M,EtOH_EtOH,105955
/datastar/behavior_rooms/2CAP/2025-10-30_10-50-40_Prat_Urgency_group2/pi-data_2025-10-30_10-50-40_Prat_Urgency_group2/box01/mic/20251030_115000.WAV,20251030_115000_subject095_083,095_083,M,EtOH_EtOH,105955
/datastar/behavior_rooms/2CAP/2025-10-30_10-50-40_Prat_Urgency_group2/pi-data_2025-10-30_10-50-40_Prat_Urgency_group2/box01/mic/20251030_115500.WAV,20251030_115500_subject095_083,095_083,M,EtOH_EtOH,105955
/datastar/behavior_rooms/2CAP/2025-10-30_10-50-40_Prat_Urgency_group2/pi-data_2025-10-30_10-50-40_Prat_Urgency_group2/box01/mic/20251030_120000.WAV,20251030_120000_subject095_083,095_083,M,EtOH_EtOH,105955
/datastar/behavior_rooms/2CAP/2025-10-30_10-50-40_Prat_Urgency_group2/pi-data_2025-10-30_10-50-40_Prat_Urgency_group2/box01/mic/20251030_120500.WAV,20251030_120500_subject095_083,095_083,M,EtOH_EtOH,105955
/datastar/behavior_rooms/2CAP/2025-10-30_10-50-40_Prat_Urgency_group2/pi-data_2025-10-30_10-50-40_Prat_Urgency_group2/box01/mic/20251030_121000.WAV,20251030_121000_subject095_083,095_083,M,EtOH_EtOH,105955
/datastar/behavior_rooms/2CAP/2025-10-30_12-26-34_Prat_Urgency_group3/pi-data_2025-10-30_12-26-34_Prat_Urgency_group3/box03/mic/20251030_123853.WAV,20251030_123853_subject071,071,M,Control,124114
/datastar/behavior_rooms/2CAP/2025-10-30_12-26-34_Prat_Urgency_group3/pi-data_2025-10-30_12-26-34_Prat_Urgency_group3/box03/mic/20251030_124000.WAV,20251030_124000_subject071,071,M,Control,124114
/datastar/behavior_rooms/2CAP/2025-10-30_12-26-34_Prat_Urgency_group3/pi-data_2025-10-30_12-26-34_Prat_Urgency_group3/box03/mic/20251030_124500.WAV,20251030_124500_subject071,071,M,Control,124114
/datastar/behavior_rooms/2CAP/2025-10-30_12-26-34_Prat_Urgency_group3/pi-data_2025-10-30_12-26-34_Prat_Urgency_group3/box03/mic/20251030_125000.WAV,20251030_125000_subject071,071,M,Control,124114
/datastar/behavior_rooms/2CAP/2025-10-30_12-26-34_Prat_Urgency_group3/pi-data_2025-10-30_12-26-34_Prat_Urgency_group3/box03/mic/20251030_125500.WAV,20251030_125500_subject071,071,M,Control,124114
/datastar/behavior_rooms/2CAP/2025-10-30_12-26-34_Prat_Urgency_group3/pi-data_2025-10-30_12-26-34_Prat_Urgency_group3/box03/mic/20251030_130000.WAV,20251030_130000_subject071,071,M,Control,124114
/datastar/behavior_rooms/2CAP/2025-10-30_12-26-34_Prat_Urgency_group3/pi-data_2025-10-30_12-26-34_Prat_Urgency_group3/box03/mic/20251030_130500.WAV,20251030_130500_subject071,071,M,Control,124114
/datastar/behavior_rooms/2CAP/2025-10-30_12-26-34_Prat_Urgency_group3/pi-data_2025-10-30_12-26-34_Prat_Urgency_group3/box03/mic/20251030_131000.WAV,20251030_131000_subject071,071,M,Control,124114
/datastar/behavior_rooms/2CAP/2025-10-30_12-26-34_Prat_Urgency_group3/pi-data_2025-10-30_12-26-34_Prat_Urgency_group3/box03/mic/20251030_131500.WAV,20251030_131500_subject071,071,M,Control,124114
/datastar/behavior_rooms/2CAP/2025-10-30_12-26-34_Prat_Urgency_group3/pi-data_2025-10-30_12-26-34_Prat_Urgency_group3/box03/mic/20251030_132000.WAV,20251030_132000_subject071,071,M,Control,124114
/datastar/behavior_rooms/2CAP/2025-10-30_12-26-34_Prat_Urgency_group3/pi-data_2025-10-30_12-26-34_Prat_Urgency_group3/box03/mic/20251030_132500.WAV,20251030_132500_subject071,071,M,Control,124114
/datastar/behavior_rooms/2CAP/2025-10-30_12-26-34_Prat_Urgency_group3/pi-data_2025-10-30_12-26-34_Prat_Urgency_group3/box03/mic/20251030_133000.WAV,20251030_133000_subject071,071,M,Control,124114
/datastar/behavior_rooms/2CAP/2025-10-30_12-26-34_Prat_Urgency_group3/pi-data_2025-10-30_12-26-34_Prat_Urgency_group3/box03/mic/20251030_133500.WAV,20251030_133500_subject071,071,M,Control,124114
/datastar/behavior_rooms/2CAP/2025-10-30_12-26-34_Prat_Urgency_group3/pi-data_2025-10-30_12-26-34_Prat_Urgency_group3/box03/mic/20251030_134000.WAV,20251030_134000_subject071,071,M,Control,124114
/datastar/behavior_rooms/2CAP/2025-10-30_12-26-34_Prat_Urgency_group3/pi-data_2025-10-30_12-26-34_Prat_Urgency_group3/box03/mic/20251030_134500.WAV,20251030_134500_subject071,071,M,Control,124114
/datastar/behavior_rooms/2CAP/2025-10-30_12-26-34_Prat_Urgency_group3/pi-data_2025-10-30_12-26-34_Prat_Urgency_group3/box06/mic/20251030_123853.WAV,20251030_123853_subject074_088,074_088,F,Control_EtOH,124225
/datastar/behavior_rooms/2CAP/2025-10-30_12-26-34_Prat_Urgency_group3/pi-data_2025-10-30_12-26-34_Prat_Urgency_group3/box06/mic/20251030_124000.WAV,20251030_124000_subject074_088,074_088,F,Control_EtOH,124225
/datastar/behavior_rooms/2CAP/2025-10-30_12-26-34_Prat_Urgency_group3/pi-data_2025-10-30_12-26-34_Prat_Urgency_group3/box06/mic/20251030_124500.WAV,20251030_124500_subject074_088,074_088,F,Control_EtOH,124225
/datastar/behavior_rooms/2CAP/2025-10-30_12-26-34_Prat_Urgency_group3/pi-data_2025-10-30_12-26-34_Prat_Urgency_group3/box06/mic/20251030_125000.WAV,20251030_125000_subject074_088,074_088,F,Control_EtOH,124225
/datastar/behavior_rooms/2CAP/2025-10-30_12-26-34_Prat_Urgency_group3/pi-data_2025-10-30_12-26-34_Prat_Urgency_group3/box06/mic/20251030_125500.WAV,20251030_125500_subject074_088,074_088,F,Control_EtOH,124225
/datastar/behavior_rooms/2CAP/2025-10-30_12-26-34_Prat_Urgency_group3/pi-data_2025-10-30_12-26-34_Prat_Urgency_group3/box06/mic/20251030_130000.WAV,20251030_130000_subject074_088,074_088,F,Control_EtOH,124225
/datastar/behavior_rooms/2CAP/2025-10-30_12-26-34_Prat_Urgency_group3/pi-data_2025-10-30_12-26-34_Prat_Urgency_group3/box06/mic/20251030_130500.WAV,20251030_130500_subject074_088,074_088,F,Control_EtOH,124225
/datastar/behavior_rooms/2CAP/2025-10-30_12-26-34_Prat_Urgency_group3/pi-data_2025-10-30_12-26-34_Prat_Urgency_group3/box06/mic/20251030_131000.WAV,20251030_131000_subject074_088,074_088,F,Control_EtOH,124225
/datastar/behavior_rooms/2CAP/2025-10-30_12-26-34_Prat_Urgency_group3/pi-data_2025-10-30_12-26-34_Prat_Urgency_group3/box06/mic/20251030_131500.WAV,20251030_131500_subject074_088,074_088,F,Control_EtOH,124225
/datastar/behavior_rooms/2CAP/2025-10-30_12-26-34_Prat_Urgency_group3/pi-data_2025-10-30_12-26-34_Prat_Urgency_group3/box06/mic/20251030_132000.WAV,20251030_132000_subject074_088,074_088,F,Control_EtOH,124225
/datastar/behavior_rooms/2CAP/2025-10-30_12-26-34_Prat_Urgency_group3/pi-data_2025-10-30_12-26-34_Prat_Urgency_group3/box06/mic/20251030_132500.WAV,20251030_132500_subject074_088,074_088,F,Control_EtOH,124225
/datastar/behavior_rooms/2CAP/2025-10-30_12-26-34_Prat_Urgency_group3/pi-data_2025-10-30_12-26-34_Prat_Urgency_group3/box06/mic/20251030_133000.WAV,20251030_133000_subject074_088,074_088,F,Control_EtOH,124225
/datastar/behavior_rooms/2CAP/2025-10-30_12-26-34_Prat_Urgency_group3/pi-data_2025-10-30_12-26-34_Prat_Urgency_group3/box06/mic/20251030_133500.WAV,20251030_133500_subject074_088,074_088,F,Control_EtOH,124225
/datastar/behavior_rooms/2CAP/2025-10-30_12-26-34_Prat_Urgency_group3/pi-data_2025-10-30_12-26-34_Prat_Urgency_group3/box06/mic/20251030_134000.WAV,20251030_134000_subject074_088,074_088,F,Control_EtOH,124225
/datastar/behavior_rooms/2CAP/2025-10-30_12-26-34_Prat_Urgency_group3/pi-data_2025-10-30_12-26-34_Prat_Urgency_group3/box06/mic/20251030_134500.WAV,20251030_134500_subject074_088,074_088,F,Control_EtOH,124225
/datastar/behavior_rooms/2CAP/2025-10-30_12-26-34_Prat_Urgency_group3/pi-data_2025-10-30_12-26-34_Prat_Urgency_group3/box04/mic/20251030_123853.WAV,20251030_123853_subject075_097,075_097,M,Control_EtOH,124156
/datastar/behavior_rooms/2CAP/2025-10-30_12-26-34_Prat_Urgency_group3/pi-data_2025-10-30_12-26-34_Prat_Urgency_group3/box04/mic/20251030_124000.WAV,20251030_124000_subject075_097,075_097,M,Control_EtOH,124156
/datastar/behavior_rooms/2CAP/2025-10-30_12-26-34_Prat_Urgency_group3/pi-data_2025-10-30_12-26-34_Prat_Urgency_group3/box04/mic/20251030_124500.WAV,20251030_124500_subject075_097,075_097,M,Control_EtOH,124156
/datastar/behavior_rooms/2CAP/2025-10-30_12-26-34_Prat_Urgency_group3/pi-data_2025-10-30_12-26-34_Prat_Urgency_group3/box04/mic/20251030_125000.WAV,20251030_125000_subject075_097,075_097,M,Control_EtOH,124156
/datastar/behavior_rooms/2CAP/2025-10-30_12-26-34_Prat_Urgency_group3/pi-data_2025-10-30_12-26-34_Prat_Urgency_group3/box04/mic/20251030_125500.WAV,20251030_125500_subject075_097,075_097,M,Control_EtOH,124156
/datastar/behavior_rooms/2CAP/2025-10-30_12-26-34_Prat_Urgency_group3/pi-data_2025-10-30_12-26-34_Prat_Urgency_group3/box04/mic/20251030_130000.WAV,20251030_130000_subject075_097,075_097,M,Control_EtOH,124156
/datastar/behavior_rooms/2CAP/2025-10-30_12-26-34_Prat_Urgency_group3/pi-data_2025-10-30_12-26-34_Prat_Urgency_group3/box04/mic/20251030_130500.WAV,20251030_130500_subject075_097,075_097,M,Control_EtOH,124156
/datastar/behavior_rooms/2CAP/2025-10-30_12-26-34_Prat_Urgency_group3/pi-data_2025-10-30_12-26-34_Prat_Urgency_group3/box04/mic/20251030_131000.WAV,20251030_131000_subject075_097,075_097,M,Control_EtOH,124156
/datastar/behavior_rooms/2CAP/2025-10-30_12-26-34_Prat_Urgency_group3/pi-data_2025-10-30_12-26-34_Prat_Urgency_group3/box04/mic/20251030_131500.WAV,20251030_131500_subject075_097,075_097,M,Control_EtOH,124156
/datastar/behavior_rooms/2CAP/2025-10-30_12-26-34_Prat_Urgency_group3/pi-data_2025-10-30_12-26-34_Prat_Urgency_group3/box04/mic/20251030_132000.WAV,20251030_132000_subject075_097,075_097,M,Control_EtOH,124156
/datastar/behavior_rooms/2CAP/2025-10-30_12-26-34_Prat_Urgency_group3/pi-data_2025-10-30_12-26-34_Prat_Urgency_group3/box04/mic/20251030_132500.WAV,20251030_132500_subject075_097,075_097,M,Control_EtOH,124156
/datastar/behavior_rooms/2CAP/2025-10-30_12-26-34_Prat_Urgency_group3/pi-data_2025-10-30_12-26-34_Prat_Urgency_group3/box04/mic/20251030_133000.WAV,20251030_133000_subject075_097,075_097,M,Control_EtOH,124156
/datastar/behavior_rooms/2CAP/2025-10-30_12-26-34_Prat_Urgency_group3/pi-data_2025-10-30_12-26-34_Prat_Urgency_group3/box04/mic/20251030_133500.WAV,20251030_133500_subject075_097,075_097,M,Control_EtOH,124156
/datastar/behavior_rooms/2CAP/2025-10-30_12-26-34_Prat_Urgency_group3/pi-data_2025-10-30_12-26-34_Prat_Urgency_group3/box04/mic/20251030_134000.WAV,20251030_134000_subject075_097,075_097,M,Control_EtOH,124156
/datastar/behavior_rooms/2CAP/2025-10-30_12-26-34_Prat_Urgency_group3/pi-data_2025-10-30_12-26-34_Prat_Urgency_group3/box04/mic/20251030_134500.WAV,20251030_134500_subject075_097,075_097,M,Control_EtOH,124156
/datastar/behavior_rooms/2CAP/2025-10-30_12-26-34_Prat_Urgency_group3/pi-data_2025-10-30_12-26-34_Prat_Urgency_group3/box01/mic/20251030_123853.WAV,20251030_123853_subject078_098,078_098,F,Control_EtOH,124006
/datastar/behavior_rooms/2CAP/2025-10-30_12-26-34_Prat_Urgency_group3/pi-data_2025-10-30_12-26-34_Prat_Urgency_group3/box01/mic/20251030_124000.WAV,20251030_124000_subject078_098,078_098,F,Control_EtOH,124006
/datastar/behavior_rooms/2CAP/2025-10-30_12-26-34_Prat_Urgency_group3/pi-data_2025-10-30_12-26-34_Prat_Urgency_group3/box01/mic/20251030_124500.WAV,20251030_124500_subject078_098,078_098,F,Control_EtOH,124006
/datastar/behavior_rooms/2CAP/2025-10-30_12-26-34_Prat_Urgency_group3/pi-data_2025-10-30_12-26-34_Prat_Urgency_group3/box01/mic/20251030_125000.WAV,20251030_125000_subject078_098,078_098,F,Control_EtOH,124006
/datastar/behavior_rooms/2CAP/2025-10-30_12-26-34_Prat_Urgency_group3/pi-data_2025-10-30_12-26-34_Prat_Urgency_group3/box01/mic/20251030_125500.WAV,20251030_125500_subject078_098,078_098,F,Control_EtOH,124006
/datastar/behavior_rooms/2CAP/2025-10-30_12-26-34_Prat_Urgency_group3/pi-data_2025-10-30_12-26-34_Prat_Urgency_group3/box01/mic/20251030_130000.WAV,20251030_130000_subject078_098,078_098,F,Control_EtOH,124006
/datastar/behavior_rooms/2CAP/2025-10-30_12-26-34_Prat_Urgency_group3/pi-data_2025-10-30_12-26-34_Prat_Urgency_group3/box01/mic/20251030_130500.WAV,20251030_130500_subject078_098,078_098,F,Control_EtOH,124006
/datastar/behavior_rooms/2CAP/2025-10-30_12-26-34_Prat_Urgency_group3/pi-data_2025-10-30_12-26-34_Prat_Urgency_group3/box01/mic/20251030_131000.WAV,20251030_131000_subject078_098,078_098,F,Control_EtOH,124006
/datastar/behavior_rooms/2CAP/2025-10-30_12-26-34_Prat_Urgency_group3/pi-data_2025-10-30_12-26-34_Prat_Urgency_group3/box01/mic/20251030_131500.WAV,20251030_131500_subject078_098,078_098,F,Control_EtOH,124006
/datastar/behavior_rooms/2CAP/2025-10-30_12-26-34_Prat_Urgency_group3/pi-data_2025-10-30_12-26-34_Prat_Urgency_group3/box01/mic/20251030_132000.WAV,20251030_132000_subject078_098,078_098,F,Control_EtOH,124006
/datastar/behavior_rooms/2CAP/2025-10-30_12-26-34_Prat_Urgency_group3/pi-data_2025-10-30_12-26-34_Prat_Urgency_group3/box01/mic/20251030_132500.WAV,20251030_132500_subject078_098,078_098,F,Control_EtOH,124006
/datastar/behavior_rooms/2CAP/2025-10-30_12-26-34_Prat_Urgency_group3/pi-data_2025-10-30_12-26-34_Prat_Urgency_group3/box01/mic/20251030_133000.WAV,20251030_133000_subject078_098,078_098,F,Control_EtOH,124006
/datastar/behavior_rooms/2CAP/2025-10-30_12-26-34_Prat_Urgency_group3/pi-data_2025-10-30_12-26-34_Prat_Urgency_group3/box01/mic/20251030_133500.WAV,20251030_133500_subject078_098,078_098,F,Control_EtOH,124006
/datastar/behavior_rooms/2CAP/2025-10-30_12-26-34_Prat_Urgency_group3/pi-data_2025-10-30_12-26-34_Prat_Urgency_group3/box01/mic/20251030_134000.WAV,20251030_134000_subject078_098,078_098,F,Control_EtOH,124006
/datastar/behavior_rooms/2CAP/2025-10-30_12-26-34_Prat_Urgency_group3/pi-data_2025-10-30_12-26-34_Prat_Urgency_group3/box01/mic/20251030_134500.WAV,20251030_134500_subject078_098,078_098,F,Control_EtOH,124006
/datastar/behavior_rooms/2CAP/2025-10-30_12-26-34_Prat_Urgency_group3/pi-data_2025-10-30_12-26-34_Prat_Urgency_group3/box02/mic/20251030_123853.WAV,20251030_123853_subject079_077,079_077,M,EtOH_Control,124048
/datastar/behavior_rooms/2CAP/2025-10-30_12-26-34_Prat_Urgency_group3/pi-data_2025-10-30_12-26-34_Prat_Urgency_group3/box02/mic/20251030_124000.WAV,20251030_124000_subject079_077,079_077,M,EtOH_Control,124048
/datastar/behavior_rooms/2CAP/2025-10-30_12-26-34_Prat_Urgency_group3/pi-data_2025-10-30_12-26-34_Prat_Urgency_group3/box02/mic/20251030_124500.WAV,20251030_124500_subject079_077,079_077,M,EtOH_Control,124048
/datastar/behavior_rooms/2CAP/2025-10-30_12-26-34_Prat_Urgency_group3/pi-data_2025-10-30_12-26-34_Prat_Urgency_group3/box02/mic/20251030_125000.WAV,20251030_125000_subject079_077,079_077,M,EtOH_Control,124048
/datastar/behavior_rooms/2CAP/2025-10-30_12-26-34_Prat_Urgency_group3/pi-data_2025-10-30_12-26-34_Prat_Urgency_group3/box02/mic/20251030_125500.WAV,20251030_125500_subject079_077,079_077,M,EtOH_Control,124048
/datastar/behavior_rooms/2CAP/2025-10-30_12-26-34_Prat_Urgency_group3/pi-data_2025-10-30_12-26-34_Prat_Urgency_group3/box02/mic/20251030_130000.WAV,20251030_130000_subject079_077,079_077,M,EtOH_Control,124048
/datastar/behavior_rooms/2CAP/2025-10-30_12-26-34_Prat_Urgency_group3/pi-data_2025-10-30_12-26-34_Prat_Urgency_group3/box02/mic/20251030_130500.WAV,20251030_130500_subject079_077,079_077,M,EtOH_Control,124048
/datastar/behavior_rooms/2CAP/2025-10-30_12-26-34_Prat_Urgency_group3/pi-data_2025-10-30_12-26-34_Prat_Urgency_group3/box02/mic/20251030_131000.WAV,20251030_131000_subject079_077,079_077,M,EtOH_Control,124048
/datastar/behavior_rooms/2CAP/2025-10-30_12-26-34_Prat_Urgency_group3/pi-data_2025-10-30_12-26-34_Prat_Urgency_group3/box02/mic/20251030_131500.WAV,20251030_131500_subject079_077,079_077,M,EtOH_Control,124048
/datastar/behavior_rooms/2CAP/2025-10-30_12-26-34_Prat_Urgency_group3/pi-data_2025-10-30_12-26-34_Prat_Urgency_group3/box02/mic/20251030_132000.WAV,20251030_132000_subject079_077,079_077,M,EtOH_Control,124048
/datastar/behavior_rooms/2CAP/2025-10-30_12-26-34_Prat_Urgency_group3/pi-data_2025-10-30_12-26-34_Prat_Urgency_group3/box02/mic/20251030_132500.WAV,20251030_132500_subject079_077,079_077,M,EtOH_Control,124048
/datastar/behavior_rooms/2CAP/2025-10-30_12-26-34_Prat_Urgency_group3/pi-data_2025-10-30_12-26-34_Prat_Urgency_group3/box02/mic/20251030_133000.WAV,20251030_133000_subject079_077,079_077,M,EtOH_Control,124048
/datastar/behavior_rooms/2CAP/2025-10-30_12-26-34_Prat_Urgency_group3/pi-data_2025-10-30_12-26-34_Prat_Urgency_group3/box02/mic/20251030_133500.WAV,20251030_133500_subject079_077,079_077,M,EtOH_Control,124048
/datastar/behavior_rooms/2CAP/2025-10-30_12-26-34_Prat_Urgency_group3/pi-data_2025-10-30_12-26-34_Prat_Urgency_group3/box02/mic/20251030_134000.WAV,20251030_134000_subject079_077,079_077,M,EtOH_Control,124048
/datastar/behavior_rooms/2CAP/2025-10-30_12-26-34_Prat_Urgency_group3/pi-data_2025-10-30_12-26-34_Prat_Urgency_group3/box02/mic/20251030_134500.WAV,20251030_134500_subject079_077,079_077,M,EtOH_Control,124048
/datastar/behavior_rooms/2CAP/2025-10-30_12-26-34_Prat_Urgency_group3/pi-data_2025-10-30_12-26-34_Prat_Urgency_group3/box05/mic/20251030_123852.WAV,20251030_123852_subject093,093,M,EtOH,124225
/datastar/behavior_rooms/2CAP/2025-10-30_12-26-34_Prat_Urgency_group3/pi-data_2025-10-30_12-26-34_Prat_Urgency_group3/box05/mic/20251030_124000.WAV,20251030_124000_subject093,093,M,EtOH,124225
/datastar/behavior_rooms/2CAP/2025-10-30_12-26-34_Prat_Urgency_group3/pi-data_2025-10-30_12-26-34_Prat_Urgency_group3/box05/mic/20251030_124500.WAV,20251030_124500_subject093,093,M,EtOH,124225
/datastar/behavior_rooms/2CAP/2025-10-30_12-26-34_Prat_Urgency_group3/pi-data_2025-10-30_12-26-34_Prat_Urgency_group3/box05/mic/20251030_125000.WAV,20251030_125000_subject093,093,M,EtOH,124225
/datastar/behavior_rooms/2CAP/2025-10-30_12-26-34_Prat_Urgency_group3/pi-data_2025-10-30_12-26-34_Prat_Urgency_group3/box05/mic/20251030_125500.WAV,20251030_125500_subject093,093,M,EtOH,124225
/datastar/behavior_rooms/2CAP/2025-10-30_12-26-34_Prat_Urgency_group3/pi-data_2025-10-30_12-26-34_Prat_Urgency_group3/box05/mic/20251030_130000.WAV,20251030_130000_subject093,093,M,EtOH,124225
/datastar/behavior_rooms/2CAP/2025-10-30_12-26-34_Prat_Urgency_group3/pi-data_2025-10-30_12-26-34_Prat_Urgency_group3/box05/mic/20251030_130500.WAV,20251030_130500_subject093,093,M,EtOH,124225
/datastar/behavior_rooms/2CAP/2025-10-30_12-26-34_Prat_Urgency_group3/pi-data_2025-10-30_12-26-34_Prat_Urgency_group3/box05/mic/20251030_131000.WAV,20251030_131000_subject093,093,M,EtOH,124225
/datastar/behavior_rooms/2CAP/2025-10-30_12-26-34_Prat_Urgency_group3/pi-data_2025-10-30_12-26-34_Prat_Urgency_group3/box05/mic/20251030_131500.WAV,20251030_131500_subject093,093,M,EtOH,124225
/datastar/behavior_rooms/2CAP/2025-10-30_12-26-34_Prat_Urgency_group3/pi-data_2025-10-30_12-26-34_Prat_Urgency_group3/box05/mic/20251030_132000.WAV,20251030_132000_subject093,093,M,EtOH,124225
/datastar/behavior_rooms/2CAP/2025-10-30_12-26-34_Prat_Urgency_group3/pi-data_2025-10-30_12-26-34_Prat_Urgency_group3/box05/mic/20251030_132500.WAV,20251030_132500_subject093,093,M,EtOH,124225
/datastar/behavior_rooms/2CAP/2025-10-30_12-26-34_Prat_Urgency_group3/pi-data_2025-10-30_12-26-34_Prat_Urgency_group3/box05/mic/20251030_133000.WAV,20251030_133000_subject093,093,M,EtOH,124225
/datastar/behavior_rooms/2CAP/2025-10-30_12-26-34_Prat_Urgency_group3/pi-data_2025-10-30_12-26-34_Prat_Urgency_group3/box05/mic/20251030_133500.WAV,20251030_133500_subject093,093,M,EtOH,124225
/datastar/behavior_rooms/2CAP/2025-10-30_12-26-34_Prat_Urgency_group3/pi-data_2025-10-30_12-26-34_Prat_Urgency_group3/box05/mic/20251030_134000.WAV,20251030_134000_subject093,093,M,EtOH,124225
/datastar/behavior_rooms/2CAP/2025-10-30_12-26-34_Prat_Urgency_group3/pi-data_2025-10-30_12-26-34_Prat_Urgency_group3/box05/mic/20251030_134500.WAV,20251030_134500_subject093,093,M,EtOH,124225
/datastar/behavior_rooms/2CAP/2025-10-30_14-02-23_Prat_Urgency_group4/pi-data_2025-10-30_14-02-23_Prat_Urgency_group4/box06/mic/20251030_142043.WAV,20251030_142043_subject059_061,059_061,M,Control_Control,142516
/datastar/behavior_rooms/2CAP/2025-10-30_14-02-23_Prat_Urgency_group4/pi-data_2025-10-30_14-02-23_Prat_Urgency_group4/box06/mic/20251030_142500.WAV,20251030_142500_subject059_061,059_061,M,Control_Control,142516
/datastar/behavior_rooms/2CAP/2025-10-30_14-02-23_Prat_Urgency_group4/pi-data_2025-10-30_14-02-23_Prat_Urgency_group4/box06/mic/20251030_143000.WAV,20251030_143000_subject059_061,059_061,M,Control_Control,142516
/datastar/behavior_rooms/2CAP/2025-10-30_14-02-23_Prat_Urgency_group4/pi-data_2025-10-30_14-02-23_Prat_Urgency_group4/box06/mic/20251030_143500.WAV,20251030_143500_subject059_061,059_061,M,Control_Control,142516
/datastar/behavior_rooms/2CAP/2025-10-30_14-02-23_Prat_Urgency_group4/pi-data_2025-10-30_14-02-23_Prat_Urgency_group4/box06/mic/20251030_144000.WAV,20251030_144000_subject059_061,059_061,M,Control_Control,142516
/datastar/behavior_rooms/2CAP/2025-10-30_14-02-23_Prat_Urgency_group4/pi-data_2025-10-30_14-02-23_Prat_Urgency_group4/box06/mic/20251030_144500.WAV,20251030_144500_subject059_061,059_061,M,Control_Control,142516
/datastar/behavior_rooms/2CAP/2025-10-30_14-02-23_Prat_Urgency_group4/pi-data_2025-10-30_14-02-23_Prat_Urgency_group4/box06/mic/20251030_145000.WAV,20251030_145000_subject059_061,059_061,M,Control_Control,142516
/datastar/behavior_rooms/2CAP/2025-10-30_14-02-23_Prat_Urgency_group4/pi-data_2025-10-30_14-02-23_Prat_Urgency_group4/box06/mic/20251030_145500.WAV,20251030_145500_subject059_061,059_061,M,Control_Control,142516
/datastar/behavior_rooms/2CAP/2025-10-30_14-02-23_Prat_Urgency_group4/pi-data_2025-10-30_14-02-23_Prat_Urgency_group4/box06/mic/20251030_150000.WAV,20251030_150000_subject059_061,059_061,M,Control_Control,142516
/datastar/behavior_rooms/2CAP/2025-10-30_14-02-23_Prat_Urgency_group4/pi-data_2025-10-30_14-02-23_Prat_Urgency_group4/box06/mic/20251030_150500.WAV,20251030_150500_subject059_061,059_061,M,Control_Control,142516
/datastar/behavior_rooms/2CAP/2025-10-30_14-02-23_Prat_Urgency_group4/pi-data_2025-10-30_14-02-23_Prat_Urgency_group4/box06/mic/20251030_151000.WAV,20251030_151000_subject059_061,059_061,M,Control_Control,142516
/datastar/behavior_rooms/2CAP/2025-10-30_14-02-23_Prat_Urgency_group4/pi-data_2025-10-30_14-02-23_Prat_Urgency_group4/box06/mic/20251030_151500.WAV,20251030_151500_subject059_061,059_061,M,Control_Control,142516
/datastar/behavior_rooms/2CAP/2025-10-30_14-02-23_Prat_Urgency_group4/pi-data_2025-10-30_14-02-23_Prat_Urgency_group4/box06/mic/20251030_152000.WAV,20251030_152000_subject059_061,059_061,M,Control_Control,142516
/datastar/behavior_rooms/2CAP/2025-10-30_14-02-23_Prat_Urgency_group4/pi-data_2025-10-30_14-02-23_Prat_Urgency_group4/box06/mic/20251030_152500.WAV,20251030_152500_subject059_061,059_061,M,Control_Control,142516
/datastar/behavior_rooms/2CAP/2025-10-30_14-02-23_Prat_Urgency_group4/pi-data_2025-10-30_14-02-23_Prat_Urgency_group4/box03/mic/20251030_142043.WAV,20251030_142043_subject072_090,072_090,F,Control_EtOH,142327
/datastar/behavior_rooms/2CAP/2025-10-30_14-02-23_Prat_Urgency_group4/pi-data_2025-10-30_14-02-23_Prat_Urgency_group4/box03/mic/20251030_142500.WAV,20251030_142500_subject072_090,072_090,F,Control_EtOH,142327
/datastar/behavior_rooms/2CAP/2025-10-30_14-02-23_Prat_Urgency_group4/pi-data_2025-10-30_14-02-23_Prat_Urgency_group4/box03/mic/20251030_143000.WAV,20251030_143000_subject072_090,072_090,F,Control_EtOH,142327
/datastar/behavior_rooms/2CAP/2025-10-30_14-02-23_Prat_Urgency_group4/pi-data_2025-10-30_14-02-23_Prat_Urgency_group4/box03/mic/20251030_143500.WAV,20251030_143500_subject072_090,072_090,F,Control_EtOH,142327
/datastar/behavior_rooms/2CAP/2025-10-30_14-02-23_Prat_Urgency_group4/pi-data_2025-10-30_14-02-23_Prat_Urgency_group4/box03/mic/20251030_144000.WAV,20251030_144000_subject072_090,072_090,F,Control_EtOH,142327
/datastar/behavior_rooms/2CAP/2025-10-30_14-02-23_Prat_Urgency_group4/pi-data_2025-10-30_14-02-23_Prat_Urgency_group4/box03/mic/20251030_144500.WAV,20251030_144500_subject072_090,072_090,F,Control_EtOH,142327
/datastar/behavior_rooms/2CAP/2025-10-30_14-02-23_Prat_Urgency_group4/pi-data_2025-10-30_14-02-23_Prat_Urgency_group4/box03/mic/20251030_145000.WAV,20251030_145000_subject072_090,072_090,F,Control_EtOH,142327
/datastar/behavior_rooms/2CAP/2025-10-30_14-02-23_Prat_Urgency_group4/pi-data_2025-10-30_14-02-23_Prat_Urgency_group4/box03/mic/20251030_145500.WAV,20251030_145500_subject072_090,072_090,F,Control_EtOH,142327
/datastar/behavior_rooms/2CAP/2025-10-30_14-02-23_Prat_Urgency_group4/pi-data_2025-10-30_14-02-23_Prat_Urgency_group4/box03/mic/20251030_150000.WAV,20251030_150000_subject072_090,072_090,F,Control_EtOH,142327
/datastar/behavior_rooms/2CAP/2025-10-30_14-02-23_Prat_Urgency_group4/pi-data_2025-10-30_14-02-23_Prat_Urgency_group4/box03/mic/20251030_150500.WAV,20251030_150500_subject072_090,072_090,F,Control_EtOH,142327
/datastar/behavior_rooms/2CAP/2025-10-30_14-02-23_Prat_Urgency_group4/pi-data_2025-10-30_14-02-23_Prat_Urgency_group4/box03/mic/20251030_151000.WAV,20251030_151000_subject072_090,072_090,F,Control_EtOH,142327
/datastar/behavior_rooms/2CAP/2025-10-30_14-02-23_Prat_Urgency_group4/pi-data_2025-10-30_14-02-23_Prat_Urgency_group4/box03/mic/20251030_151500.WAV,20251030_151500_subject072_090,072_090,F,Control_EtOH,142327
/datastar/behavior_rooms/2CAP/2025-10-30_14-02-23_Prat_Urgency_group4/pi-data_2025-10-30_14-02-23_Prat_Urgency_group4/box03/mic/20251030_152000.WAV,20251030_152000_subject072_090,072_090,F,Control_EtOH,142327
/datastar/behavior_rooms/2CAP/2025-10-30_14-02-23_Prat_Urgency_group4/pi-data_2025-10-30_14-02-23_Prat_Urgency_group4/box03/mic/20251030_152500.WAV,20251030_152500_subject072_090,072_090,F,Control_EtOH,142327
/datastar/behavior_rooms/2CAP/2025-10-30_14-02-23_Prat_Urgency_group4/pi-data_2025-10-30_14-02-23_Prat_Urgency_group4/box02/mic/20251030_142043.WAV,20251030_142043_subject076,076,F,Control,142246
/datastar/behavior_rooms/2CAP/2025-10-30_14-02-23_Prat_Urgency_group4/pi-data_2025-10-30_14-02-23_Prat_Urgency_group4/box02/mic/20251030_142500.WAV,20251030_142500_subject076,076,F,Control,142246
/datastar/behavior_rooms/2CAP/2025-10-30_14-02-23_Prat_Urgency_group4/pi-data_2025-10-30_14-02-23_Prat_Urgency_group4/box02/mic/20251030_143000.WAV,20251030_143000_subject076,076,F,Control,142246
/datastar/behavior_rooms/2CAP/2025-10-30_14-02-23_Prat_Urgency_group4/pi-data_2025-10-30_14-02-23_Prat_Urgency_group4/box02/mic/20251030_143500.WAV,20251030_143500_subject076,076,F,Control,142246
/datastar/behavior_rooms/2CAP/2025-10-30_14-02-23_Prat_Urgency_group4/pi-data_2025-10-30_14-02-23_Prat_Urgency_group4/box02/mic/20251030_144000.WAV,20251030_144000_subject076,076,F,Control,142246
/datastar/behavior_rooms/2CAP/2025-10-30_14-02-23_Prat_Urgency_group4/pi-data_2025-10-30_14-02-23_Prat_Urgency_group4/box02/mic/20251030_144500.WAV,20251030_144500_subject076,076,F,Control,142246
/datastar/behavior_rooms/2CAP/2025-10-30_14-02-23_Prat_Urgency_group4/pi-data_2025-10-30_14-02-23_Prat_Urgency_group4/box02/mic/20251030_145000.WAV,20251030_145000_subject076,076,F,Control,142246
/datastar/behavior_rooms/2CAP/2025-10-30_14-02-23_Prat_Urgency_group4/pi-data_2025-10-30_14-02-23_Prat_Urgency_group4/box02/mic/20251030_145500.WAV,20251030_145500_subject076,076,F,Control,142246
/datastar/behavior_rooms/2CAP/2025-10-30_14-02-23_Prat_Urgency_group4/pi-data_2025-10-30_14-02-23_Prat_Urgency_group4/box02/mic/20251030_150000.WAV,20251030_150000_subject076,076,F,Control,142246
/datastar/behavior_rooms/2CAP/2025-10-30_14-02-23_Prat_Urgency_group4/pi-data_2025-10-30_14-02-23_Prat_Urgency_group4/box02/mic/20251030_150500.WAV,20251030_150500_subject076,076,F,Control,142246
/datastar/behavior_rooms/2CAP/2025-10-30_14-02-23_Prat_Urgency_group4/pi-data_2025-10-30_14-02-23_Prat_Urgency_group4/box02/mic/20251030_151000.WAV,20251030_151000_subject076,076,F,Control,142246
/datastar/behavior_rooms/2CAP/2025-10-30_14-02-23_Prat_Urgency_group4/pi-data_2025-10-30_14-02-23_Prat_Urgency_group4/box02/mic/20251030_151500.WAV,20251030_151500_subject076,076,F,Control,142246
/datastar/behavior_rooms/2CAP/2025-10-30_14-02-23_Prat_Urgency_group4/pi-data_2025-10-30_14-02-23_Prat_Urgency_group4/box02/mic/20251030_152000.WAV,20251030_152000_subject076,076,F,Control,142246
/datastar/behavior_rooms/2CAP/2025-10-30_14-02-23_Prat_Urgency_group4/pi-data_2025-10-30_14-02-23_Prat_Urgency_group4/box02/mic/20251030_152500.WAV,20251030_152500_subject076,076,F,Control,142246
/datastar/behavior_rooms/2CAP/2025-10-30_14-02-23_Prat_Urgency_group4/pi-data_2025-10-30_14-02-23_Prat_Urgency_group4/box04/mic/20251030_142043.WAV,20251030_142043_subject082_080,082_080,F,EtOH_EtOH,142403
/datastar/behavior_rooms/2CAP/2025-10-30_14-02-23_Prat_Urgency_group4/pi-data_2025-10-30_14-02-23_Prat_Urgency_group4/box04/mic/20251030_142500.WAV,20251030_142500_subject082_080,082_080,F,EtOH_EtOH,142403
/datastar/behavior_rooms/2CAP/2025-10-30_14-02-23_Prat_Urgency_group4/pi-data_2025-10-30_14-02-23_Prat_Urgency_group4/box04/mic/20251030_143000.WAV,20251030_143000_subject082_080,082_080,F,EtOH_EtOH,142403
/datastar/behavior_rooms/2CAP/2025-10-30_14-02-23_Prat_Urgency_group4/pi-data_2025-10-30_14-02-23_Prat_Urgency_group4/box04/mic/20251030_143500.WAV,20251030_143500_subject082_080,082_080,F,EtOH_EtOH,142403
/datastar/behavior_rooms/2CAP/2025-10-30_14-02-23_Prat_Urgency_group4/pi-data_2025-10-30_14-02-23_Prat_Urgency_group4/box04/mic/20251030_144000.WAV,20251030_144000_subject082_080,082_080,F,EtOH_EtOH,142403
/datastar/behavior_rooms/2CAP/2025-10-30_14-02-23_Prat_Urgency_group4/pi-data_2025-10-30_14-02-23_Prat_Urgency_group4/box04/mic/20251030_144500.WAV,20251030_144500_subject082_080,082_080,F,EtOH_EtOH,142403
/datastar/behavior_rooms/2CAP/2025-10-30_14-02-23_Prat_Urgency_group4/pi-data_2025-10-30_14-02-23_Prat_Urgency_group4/box04/mic/20251030_145000.WAV,20251030_145000_subject082_080,082_080,F,EtOH_EtOH,142403
/datastar/behavior_rooms/2CAP/2025-10-30_14-02-23_Prat_Urgency_group4/pi-data_2025-10-30_14-02-23_Prat_Urgency_group4/box04/mic/20251030_145500.WAV,20251030_145500_subject082_080,082_080,F,EtOH_EtOH,142403
/datastar/behavior_rooms/2CAP/2025-10-30_14-02-23_Prat_Urgency_group4/pi-data_2025-10-30_14-02-23_Prat_Urgency_group4/box04/mic/20251030_150000.WAV,20251030_150000_subject082_080,082_080,F,EtOH_EtOH,142403
/datastar/behavior_rooms/2CAP/2025-10-30_14-02-23_Prat_Urgency_group4/pi-data_2025-10-30_14-02-23_Prat_Urgency_group4/box04/mic/20251030_150500.WAV,20251030_150500_subject082_080,082_080,F,EtOH_EtOH,142403
/datastar/behavior_rooms/2CAP/2025-10-30_14-02-23_Prat_Urgency_group4/pi-data_2025-10-30_14-02-23_Prat_Urgency_group4/box04/mic/20251030_151000.WAV,20251030_151000_subject082_080,082_080,F,EtOH_EtOH,142403
/datastar/behavior_rooms/2CAP/2025-10-30_14-02-23_Prat_Urgency_group4/pi-data_2025-10-30_14-02-23_Prat_Urgency_group4/box04/mic/20251030_151500.WAV,20251030_151500_subject082_080,082_080,F,EtOH_EtOH,142403
/datastar/behavior_rooms/2CAP/2025-10-30_14-02-23_Prat_Urgency_group4/pi-data_2025-10-30_14-02-23_Prat_Urgency_group4/box04/mic/20251030_152000.WAV,20251030_152000_subject082_080,082_080,F,EtOH_EtOH,142403
/datastar/behavior_rooms/2CAP/2025-10-30_14-02-23_Prat_Urgency_group4/pi-data_2025-10-30_14-02-23_Prat_Urgency_group4/box04/mic/20251030_152500.WAV,20251030_152500_subject082_080,082_080,F,EtOH_EtOH,142403
/datastar/behavior_rooms/2CAP/2025-10-30_14-02-23_Prat_Urgency_group4/pi-data_2025-10-30_14-02-23_Prat_Urgency_group4/box01/mic/20251030_142042.WAV,20251030_142042_subject085_065,085_065,M,EtOH_Control,142221
/datastar/behavior_rooms/2CAP/2025-10-30_14-02-23_Prat_Urgency_group4/pi-data_2025-10-30_14-02-23_Prat_Urgency_group4/box01/mic/20251030_142500.WAV,20251030_142500_subject085_065,085_065,M,EtOH_Control,142221
/datastar/behavior_rooms/2CAP/2025-10-30_14-02-23_Prat_Urgency_group4/pi-data_2025-10-30_14-02-23_Prat_Urgency_group4/box01/mic/20251030_143000.WAV,20251030_143000_subject085_065,085_065,M,EtOH_Control,142221
/datastar/behavior_rooms/2CAP/2025-10-30_14-02-23_Prat_Urgency_group4/pi-data_2025-10-30_14-02-23_Prat_Urgency_group4/box01/mic/20251030_143500.WAV,20251030_143500_subject085_065,085_065,M,EtOH_Control,142221
/datastar/behavior_rooms/2CAP/2025-10-30_14-02-23_Prat_Urgency_group4/pi-data_2025-10-30_14-02-23_Prat_Urgency_group4/box01/mic/20251030_144000.WAV,20251030_144000_subject085_065,085_065,M,EtOH_Control,142221
/datastar/behavior_rooms/2CAP/2025-10-30_14-02-23_Prat_Urgency_group4/pi-data_2025-10-30_14-02-23_Prat_Urgency_group4/box01/mic/20251030_144500.WAV,20251030_144500_subject085_065,085_065,M,EtOH_Control,142221
/datastar/behavior_rooms/2CAP/2025-10-30_14-02-23_Prat_Urgency_group4/pi-data_2025-10-30_14-02-23_Prat_Urgency_group4/box01/mic/20251030_145000.WAV,20251030_145000_subject085_065,085_065,M,EtOH_Control,142221
/datastar/behavior_rooms/2CAP/2025-10-30_14-02-23_Prat_Urgency_group4/pi-data_2025-10-30_14-02-23_Prat_Urgency_group4/box01/mic/20251030_145500.WAV,20251030_145500_subject085_065,085_065,M,EtOH_Control,142221
/datastar/behavior_rooms/2CAP/2025-10-30_14-02-23_Prat_Urgency_group4/pi-data_2025-10-30_14-02-23_Prat_Urgency_group4/box01/mic/20251030_150000.WAV,20251030_150000_subject085_065,085_065,M,EtOH_Control,142221
/datastar/behavior_rooms/2CAP/2025-10-30_14-02-23_Prat_Urgency_group4/pi-data_2025-10-30_14-02-23_Prat_Urgency_group4/box01/mic/20251030_150500.WAV,20251030_150500_subject085_065,085_065,M,EtOH_Control,142221
/datastar/behavior_rooms/2CAP/2025-10-30_14-02-23_Prat_Urgency_group4/pi-data_2025-10-30_14-02-23_Prat_Urgency_group4/box01/mic/20251030_151000.WAV,20251030_151000_subject085_065,085_065,M,EtOH_Control,142221
/datastar/behavior_rooms/2CAP/2025-10-30_14-02-23_Prat_Urgency_group4/pi-data_2025-10-30_14-02-23_Prat_Urgency_group4/box01/mic/20251030_151500.WAV,20251030_151500_subject085_065,085_065,M,EtOH_Control,142221
/datastar/behavior_rooms/2CAP/2025-10-30_14-02-23_Prat_Urgency_group4/pi-data_2025-10-30_14-02-23_Prat_Urgency_group4/box01/mic/20251030_152000.WAV,20251030_152000_subject085_065,085_065,M,EtOH_Control,142221
/datastar/behavior_rooms/2CAP/2025-10-30_14-02-23_Prat_Urgency_group4/pi-data_2025-10-30_14-02-23_Prat_Urgency_group4/box01/mic/20251030_152500.WAV,20251030_152500_subject085_065,085_065,M,EtOH_Control,142221
/datastar/behavior_rooms/2CAP/2025-10-30_14-02-23_Prat_Urgency_group4/pi-data_2025-10-30_14-02-23_Prat_Urgency_group4/box05/mic/20251030_142043.WAV,20251030_142043_subject089,089,M,EtOH,142431
/datastar/behavior_rooms/2CAP/2025-10-30_14-02-23_Prat_Urgency_group4/pi-data_2025-10-30_14-02-23_Prat_Urgency_group4/box05/mic/20251030_142500.WAV,20251030_142500_subject089,089,M,EtOH,142431
/datastar/behavior_rooms/2CAP/2025-10-30_14-02-23_Prat_Urgency_group4/pi-data_2025-10-30_14-02-23_Prat_Urgency_group4/box05/mic/20251030_143000.WAV,20251030_143000_subject089,089,M,EtOH,142431
/datastar/behavior_rooms/2CAP/2025-10-30_14-02-23_Prat_Urgency_group4/pi-data_2025-10-30_14-02-23_Prat_Urgency_group4/box05/mic/20251030_143500.WAV,20251030_143500_subject089,089,M,EtOH,142431
/datastar/behavior_rooms/2CAP/2025-10-30_14-02-23_Prat_Urgency_group4/pi-data_2025-10-30_14-02-23_Prat_Urgency_group4/box05/mic/20251030_144000.WAV,20251030_144000_subject089,089,M,EtOH,142431
/datastar/behavior_rooms/2CAP/2025-10-30_14-02-23_Prat_Urgency_group4/pi-data_2025-10-30_14-02-23_Prat_Urgency_group4/box05/mic/20251030_144500.WAV,20251030_144500_subject089,089,M,EtOH,142431
/datastar/behavior_rooms/2CAP/2025-10-30_14-02-23_Prat_Urgency_group4/pi-data_2025-10-30_14-02-23_Prat_Urgency_group4/box05/mic/20251030_145000.WAV,20251030_145000_subject089,089,M,EtOH,142431
/datastar/behavior_rooms/2CAP/2025-10-30_14-02-23_Prat_Urgency_group4/pi-data_2025-10-30_14-02-23_Prat_Urgency_group4/box05/mic/20251030_145500.WAV,20251030_145500_subject089,089,M,EtOH,142431
/datastar/behavior_rooms/2CAP/2025-10-30_14-02-23_Prat_Urgency_group4/pi-data_2025-10-30_14-02-23_Prat_Urgency_group4/box05/mic/20251030_150000.WAV,20251030_150000_subject089,089,M,EtOH,142431
/datastar/behavior_rooms/2CAP/2025-10-30_14-02-23_Prat_Urgency_group4/pi-data_2025-10-30_14-02-23_Prat_Urgency_group4/box05/mic/20251030_150500.WAV,20251030_150500_subject089,089,M,EtOH,142431
/datastar/behavior_rooms/2CAP/2025-10-30_14-02-23_Prat_Urgency_group4/pi-data_2025-10-30_14-02-23_Prat_Urgency_group4/box05/mic/20251030_151000.WAV,20251030_151000_subject089,089,M,EtOH,142431
/datastar/behavior_rooms/2CAP/2025-10-30_14-02-23_Prat_Urgency_group4/pi-data_2025-10-30_14-02-23_Prat_Urgency_group4/box05/mic/20251030_151500.WAV,20251030_151500_subject089,089,M,EtOH,142431
/datastar/behavior_rooms/2CAP/2025-10-30_14-02-23_Prat_Urgency_group4/pi-data_2025-10-30_14-02-23_Prat_Urgency_group4/box05/mic/20251030_152000.WAV,20251030_152000_subject089,089,M,EtOH,142431
/datastar/behavior_rooms/2CAP/2025-10-30_14-02-23_Prat_Urgency_group4/pi-data_2025-10-30_14-02-23_Prat_Urgency_group4/box05/mic/20251030_152500.WAV,20251030_152500_subject089,089,M,EtOH,142431
